facility_id,target_class,frp_mean,frp_max,frp_trend,dist_to_facility_km,is_near_facility,area_ha,duration_hours,frp_zscore,is_baseline_excursion,landcover_class,is_refinery,is_coal_mine,is_power_plant,compactness,persistence_ratio,spread_velocity
FAC-REG-007,IND_ACCIDENT,293.0320363208652,445.44437122501114,50.08609501227462,0.557322634254514,1.0,12.808320562779006,8.398896295992127,8.781362257607473,1.0,3.0,1.0,0.0,0.0,0.3,0.5,0.42611210842008046
FAC-REG-008,IND_ACCIDENT,268.26032178289273,355.36482199399666,58.645943347289744,0.7575762446803586,1.0,7.671460434922075,12.000298557112426,5.609151863314489,1.0,3.0,1.0,0.0,0.0,0.3,0.5,0.23080593581375505
FAC-REG-012,IND_ACCIDENT,76.4574790115964,147.54225980210344,32.9937437271865,0.08966581373157312,1.0,24.4226214145121,14.241938978933387,4.541973997127439,1.0,3.0,1.0,0.0,0.0,0.3,0.5,0.34699803704267596
FAC-REG-012,IND_ACCIDENT,213.98564275581126,430.3031903375758,17.090268572399896,0.5664131241162227,1.0,6.751530721120414,6.862270091352299,14.412183678413331,1.0,3.0,1.0,0.0,0.0,0.3,0.5,0.3786459506083048
FAC-REG-018,IND_ACCIDENT,177.9166207111765,234.70040089306087,25.390222152996706,0.25487164612210994,1.0,18.03179741416008,30.83985294243532,13.08174148496589,1.0,3.0,0.0,0.0,0.0,0.3,0.5,0.13769152540227034
FAC-REG-017,IND_ACCIDENT,142.45839484800473,298.4541467185281,29.026998424023493,0.4920578180011392,1.0,15.027626145552151,12.13359604312319,14.650223219292423,1.0,3.0,1.0,0.0,0.0,0.3,0.5,0.31948881533899137
FAC-REG-002,IND_ACCIDENT,180.64206608050804,435.70697238723386,47.72723981353894,0.3275596534849601,1.0,15.549767436918787,26.916707441136243,14.553478280017515,1.0,3.0,1.0,0.0,0.0,0.3,0.5,0.1465008062788355
FAC-REG-013,IND_ACCIDENT,145.97772889669085,334.94371089069716,31.053899701211517,0.28879433323427367,1.0,14.939313829481467,10.200665898889557,12.725265278671456,1.0,3.0,0.0,0.0,0.0,0.3,0.5,0.3789106410674933
FAC-REG-007,IND_ACCIDENT,188.5524145977835,334.4651754555692,28.206967862311714,0.06196784930782179,1.0,7.374532889953714,35.2990459209406,12.587018716108865,1.0,3.0,1.0,0.0,0.0,0.3,0.5,0.07693151609791153
FAC-REG-010,IND_ACCIDENT,170.37040399239635,245.1703153679337,53.83965416440171,0.5798034078034242,1.0,10.279756546758282,6.7965674125850395,7.076296699730115,1.0,3.0,1.0,0.0,0.0,0.3,0.5,0.47173900412209596
FAC-REG-003,IND_ACCIDENT,235.5633805581636,383.8896678493001,40.255954163146555,0.37548784354072134,1.0,24.377666098560283,41.35220826770769,11.799889493396043,1.0,3.0,0.0,0.0,0.0,0.3,0.5,0.11939808344655095
FAC-REG-014,IND_ACCIDENT,208.2627669820294,401.38053960396525,34.23934582613474,0.07160625773248092,1.0,5.373611393852698,5.3828841702163075,10.818719729533473,1.0,3.0,1.0,0.0,0.0,0.3,0.44857368085135896,0.43064369522423035
FAC-REG-004,IND_ACCIDENT,324.118612699306,518.3144982712389,33.467231536603336,0.6922184677615913,1.0,8.033559640815694,7.387116032466892,6.832141708508333,1.0,3.0,0.0,0.0,0.0,0.3,0.5,0.38368877190980916
FAC-REG-002,IND_ACCIDENT,244.81913347746212,405.1170128729456,19.747241692362177,0.43805438491047366,1.0,7.805689618770339,22.32643770629611,13.657722977566985,1.0,3.0,1.0,0.0,0.0,0.3,0.5,0.1251371340551335
FAC-REG-007,IND_ACCIDENT,323.91196363281114,526.8618222418438,44.14605542436131,0.05044232044601845,1.0,10.756514839351718,17.410375358953278,5.39354231114383,1.0,3.0,1.0,0.0,0.0,0.3,0.5,0.18837690444585606
FAC-REG-005,IND_ACCIDENT,263.8820892092757,428.3584233738591,25.98564850114984,0.193047385846991,1.0,7.8128128306075455,28.55648808876301,8.144115967167469,1.0,3.0,0.0,0.0,0.0,0.3,0.5,0.09788111631467562
FAC-REG-012,IND_ACCIDENT,140.49904283110197,266.48428263292345,28.539523941754634,0.2921144202208475,1.0,3.8115128417997215,30.82083069511546,9.280808767131907,1.0,3.0,0.0,0.0,0.0,0.3,0.5,0.06334383510334143
FAC-REG-005,IND_ACCIDENT,166.61994944747124,343.4406410650046,45.63174531996451,0.5012943958195659,1.0,12.851229620608017,28.32729591913843,10.316012324613027,1.0,3.0,0.0,0.0,0.0,0.3,0.5,0.1265514781914738
FAC-REG-017,IND_ACCIDENT,273.90057761132067,476.95396587972226,43.453762376711076,0.5885002541467605,1.0,14.787043049644687,7.972749882393965,13.105978699276237,1.0,3.0,1.0,0.0,0.0,0.3,0.5,0.4823169547381805
FAC-REG-006,IND_ACCIDENT,264.8275859014469,617.0563698111634,29.66815073408481,0.23720489043071608,1.0,18.645289713636394,39.618046030147475,7.509658853854888,1.0,3.0,0.0,0.0,0.0,0.3,0.5,0.10899122044974756
FAC-REG-009,IND_ACCIDENT,263.46256666869044,464.7696810187109,57.152849493153056,0.16689280252409427,1.0,10.503459723105687,8.992834934585918,14.133976610203472,1.0,3.0,1.0,0.0,0.0,0.3,0.5,0.36038737235537377
FAC-REG-003,IND_ACCIDENT,133.99400610324392,202.32370181711968,59.197575449824605,0.4891405075803621,1.0,8.738241846268998,47.83516278934867,14.602322539821127,1.0,3.0,1.0,0.0,0.0,0.3,0.5,0.061796627424382515
FAC-REG-009,IND_ACCIDENT,148.08397872581094,316.96330113652584,53.09975140072377,0.7778756480963787,1.0,11.899178796688181,43.061884345482234,13.285677160826395,1.0,3.0,1.0,0.0,0.0,0.3,0.5,0.08010607721969723
FAC-REG-004,IND_ACCIDENT,321.5951727875822,652.1033144934211,15.413867322748334,0.13625081143612727,1.0,17.59703892037723,4.222709689233622,5.349292591301235,1.0,3.0,1.0,0.0,0.0,0.3,0.35189247410280183,0.993410103162102
FAC-REG-003,IND_ACCIDENT,252.54915266072814,396.2807273454318,47.04806496063912,0.25166172437228007,1.0,10.158793359503889,36.845621825193064,10.970778339042969,1.0,3.0,1.0,0.0,0.0,0.3,0.5,0.08650379741742774
FAC-REG-017,IND_ACCIDENT,156.25702171866897,304.86499294115197,37.8966334577442,0.5908827254580111,1.0,8.51016000932285,29.95431729266393,14.757267870162604,1.0,3.0,1.0,0.0,0.0,0.3,0.5,0.0973888947551886
FAC-REG-008,IND_ACCIDENT,246.7188152792336,556.0483436794103,37.618669189733644,0.5403683019324053,1.0,13.835389264015006,12.590691463113957,11.808199325507312,1.0,3.0,0.0,0.0,0.0,0.3,0.5,0.2954242282935071
FAC-REG-003,IND_ACCIDENT,285.1951240057665,385.6763609186463,59.754772985880344,0.4494528368923015,1.0,9.15032751952869,42.873736979715396,12.09876589982026,1.0,3.0,1.0,0.0,0.0,0.3,0.5,0.07055486744030993
FAC-REG-017,IND_ACCIDENT,224.77419071393717,446.57033985958554,59.11492126722206,0.11404431760520897,1.0,9.725334424318,12.400085370615225,6.587460854236804,1.0,3.0,1.0,0.0,0.0,0.3,0.5,0.2514939818372069
FAC-REG-018,IND_ACCIDENT,225.90435348833805,547.4533863610143,46.32134085037379,0.5345519945759603,1.0,5.137882862956908,31.060317974763468,14.885619276199028,1.0,3.0,0.0,0.0,0.0,0.3,0.5,0.07297703291202763
FAC-REG-010,IND_ACCIDENT,315.6644601398275,690.9649891560643,46.36570834478706,0.6471114713890429,1.0,10.908805326834614,16.91804114763771,12.807653288002907,1.0,3.0,1.0,0.0,0.0,0.3,0.5,0.19522638786088736
FAC-REG-013,IND_ACCIDENT,92.8463705120673,121.27795649388885,43.25524867268862,0.2151328604852359,1.0,4.560700173998408,21.458488397411088,4.083838106953065,1.0,3.0,1.0,0.0,0.0,0.3,0.5,0.099521436357525
FAC-REG-015,IND_ACCIDENT,175.16322673918432,247.46681056622106,41.02260634482783,0.08055093272723077,1.0,13.243156398914124,27.876363927133372,6.795224399475271,1.0,3.0,1.0,0.0,0.0,0.3,0.5,0.13054481537959217
FAC-REG-017,IND_ACCIDENT,80.45749284978004,184.01599517771345,31.20857886350683,0.15800143575410208,1.0,14.489351721205697,37.87971633633887,5.981941816213697,1.0,3.0,1.0,0.0,0.0,0.3,0.5,0.10048882295844358
FAC-REG-004,IND_ACCIDENT,305.7664610033548,468.81827340555014,33.510925727550536,0.6445853791521148,1.0,6.04376803319163,9.840798578690672,14.649673971812827,1.0,3.0,1.0,0.0,0.0,0.3,0.5,0.24981789859727932
FAC-REG-019,IND_ACCIDENT,292.652134535237,475.55933861520367,34.75371393175362,0.11668792414092606,1.0,3.557716355140065,46.3565302458287,13.113771385890367,1.0,3.0,1.0,0.0,0.0,0.3,0.5,0.04068878655608849
FAC-REG-001,IND_ACCIDENT,118.52240961983682,176.3286868072019,26.26093041740679,0.5168426650002024,1.0,18.72111029940137,33.048684575580175,6.7192398148783425,1.0,3.0,1.0,0.0,0.0,0.3,0.5,0.1309216960747466
FAC-REG-007,IND_ACCIDENT,253.99117198004672,462.9770077362308,47.85176924528184,0.09055870853790148,1.0,15.452818630869679,10.980443696269605,4.881893449764885,1.0,3.0,1.0,0.0,0.0,0.3,0.5,0.358000772922787
FAC-REG-005,IND_ACCIDENT,96.36395671519684,161.28396612981854,59.077973787967885,0.19903072940593775,1.0,3.377544240298505,37.58803461217208,12.779499236083964,1.0,3.0,1.0,0.0,0.0,0.3,0.5,0.04889347501402696
FAC-REG-005,IND_ACCIDENT,181.58132563126458,370.24797595400287,43.579214289043975,0.08850840830623785,1.0,11.241477521782366,31.5378362914264,9.286066973671009,1.0,3.0,1.0,0.0,0.0,0.3,0.5,0.10631139176844036
FAC-REG-005,IND_ACCIDENT,261.50985543147954,533.2241908212211,57.47512220523407,0.8526138575563923,1.0,22.078376538210083,32.0017582876245,12.710916888847597,1.0,3.0,1.0,0.0,0.0,0.3,0.5,0.14682828538904008
FAC-REG-003,IND_ACCIDENT,250.12070116385888,462.6991526491404,39.55275551921707,0.8502450874600465,1.0,11.494258031617033,46.29238480825222,13.911532382494734,1.0,3.0,0.0,0.0,0.0,0.3,0.5,0.07323706248556128
FAC-REG-013,IND_ACCIDENT,130.08495351834475,228.00131594114967,16.753340953960514,0.575515801687209,1.0,10.404192727551983,32.85179595675265,7.932061141103998,1.0,3.0,1.0,0.0,0.0,0.3,0.5,0.09818498485968209
FAC-REG-002,IND_ACCIDENT,142.99446790605288,271.0095424836591,46.180066141137274,0.34608611378521775,1.0,23.60625934082556,5.724198373728435,8.306379364729157,1.0,3.0,1.0,0.0,0.0,0.3,0.47701653114403625,0.8487873747778354
FAC-REG-004,IND_ACCIDENT,119.6830722583224,263.3910494063738,51.30756326702688,0.8919293707005723,1.0,12.077588892051383,20.36879577488246,12.428749048532964,1.0,3.0,1.0,0.0,0.0,0.3,0.5,0.17061796884395874
FAC-REG-005,IND_ACCIDENT,136.80712074129525,289.4583852306665,48.295894220131856,0.25250072954338254,1.0,11.310035495878488,27.51040883534479,9.210453692855394,1.0,3.0,1.0,0.0,0.0,0.3,0.5,0.1222460793528466
FAC-REG-013,IND_ACCIDENT,320.7465039789361,566.772548528676,15.487694316613426,0.8195746799563741,1.0,5.008306889294938,18.049800053978252,14.425712621084257,1.0,3.0,1.0,0.0,0.0,0.3,0.5,0.12398612044838123
FAC-REG-019,IND_ACCIDENT,208.0471841761054,291.25384411086344,19.12668662663165,0.5620747870159511,1.0,15.181467151607617,13.360027381066073,14.381237243139438,1.0,3.0,1.0,0.0,0.0,0.3,0.5,0.29164163472169
FAC-REG-007,IND_ACCIDENT,95.5377088536333,180.88196125612316,17.590144200748995,0.5170995499751752,1.0,12.713671030214295,43.05898404136519,7.535522644348905,1.0,3.0,0.0,0.0,0.0,0.3,0.5,0.08280788763383339
FAC-REG-012,IND_ACCIDENT,262.64840284901095,605.2355934766342,54.00909173898786,0.7627086491993873,1.0,12.374012451032705,13.793362373125344,8.061493422473896,1.0,3.0,1.0,0.0,0.0,0.3,0.5,0.2550263929716441
FAC-REG-002,IND_ACCIDENT,92.77765857973193,130.05620952014854,59.3987810325529,0.36813017639270224,1.0,11.1541272354716,39.763180959330114,14.393358639914375,1.0,3.0,1.0,0.0,0.0,0.3,0.5,0.08399175917054806
FAC-REG-004,IND_ACCIDENT,168.0611090760878,361.300702386765,36.67501445838519,0.3712894516039163,1.0,18.511856014526515,14.94386279493267,7.297904083719633,1.0,3.0,1.0,0.0,0.0,0.3,0.5,0.2879135539125102
FAC-REG-013,IND_ACCIDENT,73.17902053487734,136.28807878859288,17.53364740568268,0.15099522882786115,1.0,5.585577429096308,32.56525329310679,12.079516111552367,1.0,3.0,1.0,0.0,0.0,0.3,0.5,0.0725737522469639
FAC-REG-017,IND_ACCIDENT,93.20957007413918,180.2714233117413,34.63511242229502,0.731792861672724,1.0,24.51381471259396,28.46422170027372,7.210893465192212,1.0,3.0,0.0,0.0,0.0,0.3,0.5,0.173942671627777
FAC-REG-011,IND_ACCIDENT,327.3524002780246,524.9384468470546,46.29350053979914,0.11411936502630388,1.0,6.656739502003564,13.539600689805614,6.886680388653444,1.0,3.0,1.0,0.0,0.0,0.3,0.5,0.19055700779016438
FAC-REG-003,IND_ACCIDENT,322.3242429374769,436.59967998409087,27.643343531650366,0.857849761465075,1.0,22.585803245600157,24.04889712257137,10.631524874717673,1.0,3.0,0.0,0.0,0.0,0.3,0.5,0.1976162281350891
FAC-REG-004,IND_ACCIDENT,199.835553383195,344.5210250302789,41.264525033289246,0.11607444142023711,1.0,24.436685768655664,47.39327275710253,11.528859711227069,1.0,3.0,1.0,0.0,0.0,0.3,0.5,0.10430483779992675
FAC-REG-001,IND_ACCIDENT,185.13788184421213,374.59655941970925,27.193093913180846,0.16320735644018725,1.0,4.676408351181589,45.38340039395687,8.29134916399251,1.0,3.0,1.0,0.0,0.0,0.3,0.5,0.04764959141559236
FAC-REG-002,IND_ACCIDENT,93.16955760988571,219.13422027364882,39.82145426448315,0.1901091219664508,1.0,12.047612564878118,38.21450048434993,9.024255941463078,1.0,3.0,1.0,0.0,0.0,0.3,0.5,0.09082853496998981
FAC-REG-011,IND_ACCIDENT,236.35660029859784,415.29486193793184,58.646147901657145,0.7658010846653525,1.0,21.443231503645034,24.62249903097869,8.27042427688315,1.0,3.0,0.0,0.0,0.0,0.3,0.5,0.18806716943670454
FAC-REG-016,IND_ACCIDENT,91.10053689868946,194.04936152346573,39.04558237632584,0.6874241370494761,1.0,23.089646549668142,29.746579422320767,11.850389706826252,1.0,3.0,1.0,0.0,0.0,0.3,0.5,0.16153684981639316
FAC-REG-019,IND_ACCIDENT,139.25746848809536,256.3246719050538,20.812173681817274,0.8609433731699141,1.0,16.33584195791936,14.06028344215236,11.224557870667352,1.0,3.0,1.0,0.0,0.0,0.3,0.5,0.287459513234065
FAC-REG-008,IND_ACCIDENT,76.21172776848445,144.63448160510146,36.42948135550564,0.756665766553126,1.0,9.771099274963088,39.92097234937474,14.631698302557965,1.0,3.0,0.0,0.0,0.0,0.3,0.5,0.07830159380699056
FAC-REG-017,IND_ACCIDENT,107.5242639661794,143.49534645871552,48.98117650531285,0.577263118650445,1.0,18.489754898182916,13.370423106392073,5.068271969247853,1.0,3.0,0.0,0.0,0.0,0.3,0.5,0.3216032481155028
FAC-REG-006,IND_ACCIDENT,240.26459787172786,495.8996875395223,39.96670238440015,0.12735177739363074,1.0,18.980734718305023,28.08763750356091,8.685470145285201,1.0,3.0,1.0,0.0,0.0,0.3,0.5,0.15511053584166645
FAC-REG-010,IND_ACCIDENT,311.46183844908865,759.7877168914965,21.618306641806708,0.8375994813872703,1.0,13.82655844774984,15.362753085154168,8.780061196740004,1.0,3.0,1.0,0.0,0.0,0.3,0.5,0.24204047492483124
FAC-REG-002,IND_ACCIDENT,162.0504508805023,333.83705898079785,25.806552845018686,0.11448382889236433,1.0,5.835353882034283,9.634016914141988,5.2468809753913845,1.0,3.0,0.0,0.0,0.0,0.3,0.5,0.25074148575110883
FAC-REG-008,IND_ACCIDENT,120.41883625780359,257.1907623530472,33.524754646088766,0.7931699641262546,1.0,14.335193207012638,46.81685536788459,10.422257048721043,1.0,3.0,0.0,0.0,0.0,0.3,0.5,0.08087225185461323
FAC-REG-005,IND_ACCIDENT,166.6231357902683,286.11576082101425,16.43121066683243,0.5164080128262973,1.0,14.757317082115506,19.66362530796739,13.783498523303146,1.0,3.0,0.0,0.0,0.0,0.3,0.5,0.19536200973169532
FAC-REG-013,IND_ACCIDENT,160.04317411040813,225.7807003762012,36.651542732533194,0.6346170095316706,1.0,14.256454298039747,10.907018039512524,7.838788600283834,1.0,3.0,0.0,0.0,0.0,0.3,0.5,0.3461782129484135
FAC-REG-004,IND_ACCIDENT,295.7363583420572,650.0023809585364,23.303445871036978,0.22794692483620377,1.0,11.150386261410404,25.31901134840494,10.609929872598403,1.0,3.0,1.0,0.0,0.0,0.3,0.5,0.13188585300766842
FAC-REG-002,IND_ACCIDENT,279.29186267745183,375.3738055578354,26.359662495480933,0.6563471480018696,1.0,22.694550429118387,26.51380745308931,9.619305080551129,1.0,3.0,0.0,0.0,0.0,0.3,0.5,0.17967543042888137
FAC-REG-006,IND_ACCIDENT,219.1328346074065,348.63258351382495,27.115945392722143,0.37069153863892923,1.0,3.44156635110998,18.171483285659846,5.931652080460264,1.0,3.0,1.0,0.0,0.0,0.3,0.5,0.10209105563037256
FAC-REG-012,IND_ACCIDENT,135.30059523394434,231.56862443439803,36.32864736437503,0.351838657787409,1.0,17.27410248641467,25.101612477187007,10.218294074212945,1.0,3.0,1.0,0.0,0.0,0.3,0.5,0.16557551913331942
FAC-REG-015,IND_ACCIDENT,278.7230527716124,506.7161283828703,20.74111362580037,0.2912095199289158,1.0,10.987810520769973,32.420358618590456,10.063950503692487,1.0,3.0,1.0,0.0,0.0,0.3,0.5,0.1022439846161986
FAC-REG-013,IND_ACCIDENT,162.4975747586559,393.31403550581183,15.339046341033363,0.241532878055649,1.0,11.037850032829269,25.46363123558447,13.284401455115681,1.0,3.0,0.0,0.0,0.0,0.3,0.5,0.1304733785467131
FAC-REG-009,IND_ACCIDENT,92.46544878525981,178.40410065635035,33.46785721453477,0.8850218243723155,1.0,5.464855847697152,21.505646358012633,14.648909982666742,1.0,3.0,1.0,0.0,0.0,0.3,0.5,0.10870182996413136
FAC-REG-006,IND_ACCIDENT,343.0188056246399,647.9277194597499,47.53032434797991,0.7477322521803497,1.0,18.80605995840418,27.541616209976063,8.981124067453738,1.0,3.0,1.0,0.0,0.0,0.3,0.5,0.15745609847159017
FAC-REG-005,IND_ACCIDENT,122.37224959610654,206.61515204254323,34.14463973773876,0.48146882188178675,1.0,8.333014113131766,9.052820288524956,10.522130488078774,1.0,3.0,0.0,0.0,0.0,0.3,0.5,0.3188725682003108
FAC-REG-005,IND_ACCIDENT,211.70910778061716,512.0009499203475,29.428898647178144,0.554800632924214,1.0,11.123070593217715,23.987790777640384,9.808935856288763,1.0,3.0,1.0,0.0,0.0,0.3,0.5,0.1390343447673432
FAC-REG-002,IND_ACCIDENT,160.25907659292244,364.08447658944146,26.458829464369373,0.6292773138903399,1.0,19.725012917573103,30.208104586745147,8.92312616832682,1.0,3.0,1.0,0.0,0.0,0.3,0.5,0.14702296331595233
FAC-REG-017,IND_ACCIDENT,308.2036888046073,676.5593160800474,33.38332318211626,0.8429973570349615,1.0,24.800448482062592,13.02007964234244,7.861128727083704,1.0,3.0,1.0,0.0,0.0,0.3,0.5,0.38248651348331053
FAC-REG-008,IND_ACCIDENT,301.82344840969773,664.193377697546,50.9791708913782,0.7513627751888776,1.0,7.10090970933917,14.37043682685999,10.788223482782039,1.0,3.0,1.0,0.0,0.0,0.3,0.5,0.18543300036378435
FAC-REG-013,IND_ACCIDENT,234.72586922261587,497.5199001882512,35.337687058456765,0.6567150866270272,1.0,22.79268379642781,31.460467944000854,9.70748221201828,1.0,3.0,1.0,0.0,0.0,0.3,0.5,0.15175134700603532
FAC-REG-001,IND_ACCIDENT,135.01955464110884,321.2776109334388,32.27510496179451,0.5120199319468903,1.0,22.942386441220034,31.466471820215652,4.8443274681461865,1.0,3.0,1.0,0.0,0.0,0.3,0.5,0.15221983435824407
FAC-REG-007,IND_ACCIDENT,274.55375830660444,585.4752173778484,22.502884199702244,0.7968347480674225,1.0,13.899319780887245,36.624280090118,10.09123476645997,1.0,3.0,1.0,0.0,0.0,0.3,0.5,0.10179528830829541
FAC-REG-001,IND_ACCIDENT,267.9545291481685,598.6871406962036,21.440759349681134,0.22386290419404375,1.0,18.70940980891951,25.735185433757955,12.17830585639134,1.0,3.0,0.0,0.0,0.0,0.3,0.5,0.16807485375098621
FAC-REG-013,IND_ACCIDENT,100.97688634745802,233.83649248492165,20.73698980493921,0.38769419697631213,1.0,20.54049804715018,10.596366803346047,6.136391045175377,1.0,3.0,1.0,0.0,0.0,0.3,0.5,0.42770911084469637
FAC-REG-002,IND_ACCIDENT,73.41686024905246,148.1648593175077,40.447875629533826,0.6587522135230094,1.0,16.17864602510118,40.379148423599446,14.52936013748632,1.0,3.0,1.0,0.0,0.0,0.3,0.5,0.0996125208907336
FAC-REG-006,IND_ACCIDENT,182.23839669381917,337.94415200518034,57.62775028253169,0.18034869264866815,1.0,15.897056304369539,26.259101870916503,10.53172370749845,1.0,3.0,0.0,0.0,0.0,0.3,0.5,0.15183730550785254
FAC-REG-011,IND_ACCIDENT,330.9931190954115,654.7572889926495,46.34928707446015,0.8341244740007013,1.0,18.559249954894767,10.711717888227499,10.127316141918351,1.0,3.0,1.0,0.0,0.0,0.3,0.5,0.4021805689671988
FAC-REG-019,IND_ACCIDENT,276.2043859749224,668.7572228747955,56.650583080804935,0.43321346569351227,1.0,5.491237008496616,47.33301275434272,13.147327994128242,1.0,3.0,0.0,0.0,0.0,0.3,0.5,0.049507494298886616
FAC-REG-001,IND_ACCIDENT,313.5709813773959,602.8733462893714,41.607394608521815,0.3891522982896107,1.0,4.204756054084689,18.74867863241964,12.732814658877132,1.0,3.0,0.0,0.0,0.0,0.3,0.5,0.1093703840930109
FAC-REG-009,IND_ACCIDENT,101.99484401559258,183.32609371178683,53.85831632758306,0.8345161970287122,1.0,13.24540269101389,25.156827035919235,14.062229336801963,1.0,3.0,1.0,0.0,0.0,0.3,0.5,0.14466941302664876
FAC-REG-012,IND_ACCIDENT,325.5698496061561,520.2188592520633,40.993437934119626,0.19068631981377776,1.0,3.74534152542509,17.704819529841327,12.475700636780008,1.0,3.0,0.0,0.0,0.0,0.3,0.5,0.10930856895179646
FAC-REG-018,IND_ACCIDENT,255.79046416467895,387.175486538428,58.24816428612548,0.17636331859014603,1.0,12.121730721994522,7.75538539546033,14.964053896228394,1.0,3.0,1.0,0.0,0.0,0.3,0.5,0.448930313472547
FAC-REG-001,IND_ACCIDENT,156.78233935521104,278.5679974933496,34.205500740153724,0.729814718763129,1.0,10.686513979085326,24.602200451420693,10.6872238510871,1.0,3.0,1.0,0.0,0.0,0.3,0.5,0.1328752444247493
FAC-REG-016,IND_ACCIDENT,228.15551731353258,314.59231885248533,49.89874275127548,0.43529550953582347,1.0,14.536585925206762,23.393560865282037,8.108775200066248,1.0,3.0,1.0,0.0,0.0,0.3,0.5,0.1629802113382304
FAC-REG-004,IND_ACCIDENT,120.93987653867592,282.29093543009583,57.575195796013475,0.36731291883779,1.0,8.956382809158182,32.3359799025167,8.20044296762811,1.0,3.0,0.0,0.0,0.0,0.3,0.5,0.09255082567856715
FAC-REG-018,IND_ACCIDENT,312.7582528032266,559.7063501735324,39.82751678667029,0.26580527943680865,1.0,7.314488193255961,26.242346680665488,10.343063266554836,1.0,3.0,1.0,0.0,0.0,0.3,0.5,0.10305980183812029
FAC-REG-005,IND_ACCIDENT,119.99250537521341,249.97982601385627,25.718225147102693,0.13452518384544337,1.0,8.349788201987991,35.779745001649005,13.340509383222287,1.0,3.0,1.0,0.0,0.0,0.3,0.5,0.08076077700196548
FAC-REG-004,IND_ACCIDENT,334.43472316163655,491.38434295705537,33.28765387230849,0.3253915519407797,1.0,4.912350328907685,31.862594096082262,11.962903051754026,1.0,3.0,1.0,0.0,0.0,0.3,0.5,0.0695606344786275
FAC-REG-016,IND_ACCIDENT,120.80192182514324,241.56154765557048,33.96410477666241,0.8087709544154287,1.0,20.9837583582457,19.039963474706543,6.483369484459864,1.0,3.0,1.0,0.0,0.0,0.3,0.5,0.2405888671933401
FAC-REG-012,IND_ACCIDENT,302.5832618382699,518.6974785807009,49.82255354406031,0.3583442104660536,1.0,21.943496439443877,13.658463103562182,14.707293549787003,1.0,3.0,1.0,0.0,0.0,0.3,0.5,0.34296600957670453
FAC-REG-017,IND_ACCIDENT,313.17103325141557,590.3015416205711,55.25485021023411,0.7298769675552179,1.0,12.354697098323136,4.988649566085165,6.58978963292688,1.0,3.0,1.0,0.0,0.0,0.3,0.41572079717376376,0.7045844491451785
FAC-REG-013,IND_ACCIDENT,182.71401220715455,285.3312679382405,44.027437549619826,0.40844834437028954,1.0,5.910076644757268,43.62518125440097,11.449051362511025,1.0,3.0,1.0,0.0,0.0,0.3,0.5,0.055726184969201994
FAC-REG-006,IND_ACCIDENT,326.0036658369397,469.86950720216805,40.94324139814141,0.2829469375841251,1.0,15.191916055347455,32.66249708748202,13.042030742632818,1.0,3.0,0.0,0.0,0.0,0.3,0.5,0.11933199245531673
FAC-REG-010,IND_ACCIDENT,109.20519082492572,176.52151605338986,26.9924277016897,0.6723568916902031,1.0,8.516074532355152,31.856314787727694,9.184149276590121,1.0,3.0,1.0,0.0,0.0,0.3,0.5,0.09160605752149817
FAC-REG-017,IND_ACCIDENT,187.2557469697805,329.526340621029,38.351296737727694,0.0899210717587968,1.0,6.658234112633747,36.4734791227603,4.452184681138954,1.0,3.0,1.0,0.0,0.0,0.3,0.5,0.07074607319521783
FAC-REG-011,IND_ACCIDENT,150.83424629579596,260.4616715236975,47.357065733291044,0.30255345827969876,1.0,15.460902086531739,24.946217696760385,11.132218401670453,1.0,3.0,1.0,0.0,0.0,0.3,0.5,0.15762050221832127
FAC-REG-005,IND_ACCIDENT,205.45138374107557,333.6311598166642,39.2929250508687,0.1877117962078469,1.0,21.513652526820955,41.24194536984052,14.485217596320009,1.0,3.0,0.0,0.0,0.0,0.3,0.5,0.1124651410680462
FAC-REG-009,IND_ACCIDENT,285.85541704883013,408.1780678909565,18.381200178111396,0.6689604427730629,1.0,13.900808956536366,34.289705442820384,8.500514393943082,1.0,3.0,0.0,0.0,0.0,0.3,0.5,0.10873172622090597
FAC-REG-003,IND_ACCIDENT,91.77429634210799,119.56422035900054,58.54647246931889,0.05446574577462718,1.0,5.268062412302387,17.84224849961408,12.785447895892753,1.0,3.0,1.0,0.0,0.0,0.3,0.5,0.1286399527881071
FAC-REG-017,IND_ACCIDENT,336.0664590698247,616.7514938019885,23.330981797737884,0.5106158052716044,1.0,22.20480838928098,36.21789500202069,12.775453200406671,1.0,3.0,1.0,0.0,0.0,0.3,0.5,0.13010689411300383
FAC-REG-016,IND_ACCIDENT,307.77478243828944,492.31703769990054,37.02412336394132,0.23802802554666191,1.0,24.728696175926235,45.53861094621098,3.953408330737818,1.0,3.0,1.0,0.0,0.0,0.3,0.5,0.10919954531729659
FAC-REG-007,IND_ACCIDENT,349.81897987843377,688.0827034356524,36.29445531366,0.31592662802974936,1.0,5.651496733302218,36.16504154416439,5.71488881953475,1.0,3.0,0.0,0.0,0.0,0.3,0.5,0.06573441043240634
FAC-REG-018,IND_ACCIDENT,278.6180734736617,380.5530415477581,35.48146582662702,0.4940693896604936,1.0,17.18002631376809,32.607363419502036,7.694018368759018,1.0,3.0,1.0,0.0,0.0,0.3,0.5,0.12711483219722103
FAC-REG-013,IND_ACCIDENT,91.54689645617856,195.5026571557306,30.294373369562976,0.6660517557994473,1.0,4.437839497576732,17.872774864546855,9.704149862316378,1.0,3.0,1.0,0.0,0.0,0.3,0.5,0.1178674290711888
FAC-REG-013,IND_ACCIDENT,245.24958540236256,579.5672715398437,42.713843468203706,0.24801555354058868,1.0,3.5368171942438362,42.28435045164092,3.7445982247794523,1.0,3.0,1.0,0.0,0.0,0.3,0.5,0.044476094366928134
FAC-REG-013,IND_ACCIDENT,177.5098891775232,429.41557369496377,18.151336758636198,0.05806261858422337,1.0,4.1590443914990285,7.895910066999198,3.932362891872,1.0,3.0,1.0,0.0,0.0,0.3,0.5,0.25828226409243926
FAC-REG-016,IND_ACCIDENT,314.62959197217486,780.564606020711,49.572303623903316,0.4051017648422337,1.0,12.269854050095544,36.453621269911224,6.245937176335477,1.0,3.0,0.0,0.0,0.0,0.3,0.5,0.09609018315746634
FAC-REG-014,IND_ACCIDENT,153.16080540736704,355.8516995247486,47.199899185540886,0.5507422543002607,1.0,9.099844205329019,44.05492049053151,4.018657788033717,1.0,3.0,0.0,0.0,0.0,0.3,0.5,0.06847350464795914
FAC-REG-004,IND_ACCIDENT,131.11108860221796,319.9049491319624,50.38552564869984,0.1259993519654206,1.0,12.186777067268423,42.68120553273525,14.364418256351218,1.0,3.0,1.0,0.0,0.0,0.3,0.5,0.08179142142910845
FAC-REG-013,IND_ACCIDENT,346.9717747477405,760.570245039835,17.924388426730232,0.3913432009616643,1.0,21.432166176231398,14.145044615420836,13.052388954132184,1.0,3.0,0.0,0.0,0.0,0.3,0.5,0.32728696766764376
FAC-REG-011,IND_ACCIDENT,119.42784896154231,186.85483605992815,23.389721796491454,0.7126468025317403,1.0,10.702755701668062,6.54507776878944,14.64468024661933,1.0,3.0,1.0,0.0,0.0,0.3,0.5,0.4998422870593313
FAC-REG-003,IND_ACCIDENT,237.2367402804955,457.8758765350436,26.71050155781873,0.48796073566751696,1.0,13.806099499109784,47.83877413549587,13.820515702531344,1.0,3.0,1.0,0.0,0.0,0.3,0.5,0.07767038486323499
FAC-REG-013,IND_ACCIDENT,132.66893215033446,257.9573997282083,41.68229706787665,0.5430732766621394,1.0,5.012710422750607,42.60827795573674,6.55440048977012,1.0,3.0,0.0,0.0,0.0,0.3,0.5,0.052546322402633655
FAC-REG-009,IND_ACCIDENT,82.4254657893063,191.44404424061239,16.594006578834527,0.3296936605643903,1.0,23.49496874301778,36.34935679903192,6.735996046641558,1.0,3.0,0.0,0.0,0.0,0.3,0.5,0.13334928928459897
FAC-REG-006,IND_ACCIDENT,142.73105945289134,309.45580039632216,37.31440807854469,0.11888928352150074,1.0,7.84403044289585,34.06338560102222,4.3755048841384525,1.0,3.0,1.0,0.0,0.0,0.3,0.5,0.08222082391556129
FAC-REG-008,IND_ACCIDENT,317.21375535848915,608.8267189300161,55.793117375006105,0.535621100631638,1.0,17.566464222344422,27.926271951885568,13.441668123534507,1.0,3.0,1.0,0.0,0.0,0.3,0.5,0.1500822095212472
FAC-REG-019,IND_ACCIDENT,313.0850251344332,499.16480511229224,22.08032968661367,0.1863400895305613,1.0,10.348195332395234,14.502361377244771,14.196039030861995,1.0,3.0,0.0,0.0,0.0,0.3,0.5,0.22181636601467147
FAC-REG-006,IND_ACCIDENT,122.98203113980165,289.98727086138456,58.25918796832083,0.445649507454486,1.0,22.339572565018898,4.22638751320745,12.929389550193152,1.0,3.0,0.0,0.0,0.0,0.3,0.35219895943395413,1.1183252097901182
FAC-REG-007,IND_ACCIDENT,115.0127708935263,262.40858689374244,52.446038008098384,0.4813475736967108,1.0,3.1404891777703385,16.629677859696162,10.594659561321034,1.0,3.0,1.0,0.0,0.0,0.3,0.5,0.10656505518243962
FAC-REG-017,IND_ACCIDENT,102.43627989847215,179.471889712337,15.408258209372624,0.7458775074248656,1.0,5.82587179805021,16.46708972368559,3.711918765489501,1.0,3.0,1.0,0.0,0.0,0.3,0.5,0.1465762511389829
FAC-REG-002,IND_ACCIDENT,165.7242064908321,341.25038193610357,56.94126474795078,0.13713326879207738,1.0,23.619026719201926,34.26697178123579,4.280126179709477,1.0,3.0,1.0,0.0,0.0,0.3,0.5,0.14182580973780098
FAC-REG-017,IND_ACCIDENT,285.87560190899796,614.7144204556678,36.31082497957898,0.09923239147497856,1.0,4.643277190672788,41.5062450047405,14.88670628663244,1.0,3.0,1.0,0.0,0.0,0.3,0.5,0.051915717432984634
FAC-REG-012,IND_ACCIDENT,279.9025128880189,407.5670253600864,49.12184381680601,0.07089887898998129,1.0,3.4867181336379396,18.238849642579815,9.119396689653655,1.0,3.0,1.0,0.0,0.0,0.3,0.5,0.10237902213306169
FAC-REG-002,IND_ACCIDENT,146.61546655886644,366.03275509600553,34.17815860061879,0.43367897068022415,1.0,6.599724066216722,38.97162014499689,11.477345596487119,1.0,3.0,0.0,0.0,0.0,0.3,0.5,0.06591957948049974
FAC-REG-002,IND_ACCIDENT,286.39037840470525,451.369685530239,20.910080688422013,0.787846174152449,1.0,24.191206375682903,5.377301804890715,11.909605770197384,1.0,3.0,1.0,0.0,0.0,0.3,0.4481084837408929,0.9146698230044547
FAC-REG-005,IND_ACCIDENT,248.78726534594395,442.1231525329638,27.339684105690154,0.886381000765854,1.0,12.005348138930946,43.34036496188192,6.144477967747491,1.0,3.0,0.0,0.0,0.0,0.3,0.5,0.07994564580981793
FAC-REG-017,IND_ACCIDENT,252.4667111052478,439.8554851835182,53.896121242783664,0.45222842068782354,1.0,24.30025541412388,12.16312269093733,13.489166431489524,1.0,3.0,1.0,0.0,0.0,0.3,0.5,0.40528481455114623
FAC-REG-015,IND_ACCIDENT,197.03421768947914,381.5420386760328,15.803785161524372,0.7272781536844234,1.0,9.471695413556514,44.120785538236085,14.626379531558444,1.0,3.0,0.0,0.0,0.0,0.3,0.5,0.06975424232598955
FAC-REG-015,IND_ACCIDENT,204.82625842351402,295.1074928636952,20.63336064911477,0.6327304941446257,1.0,12.46672968778818,12.823087974814815,9.153337287526524,1.0,3.0,0.0,0.0,0.0,0.3,0.5,0.2753490926049852
FAC-REG-002,IND_ACCIDENT,293.3165481784127,490.55267080476006,35.48490670868105,0.05987745892188554,1.0,4.593831531480295,21.269716481894132,9.019296599246921,1.0,3.0,1.0,0.0,0.0,0.3,0.5,0.1007687406987942
FAC-REG-011,IND_ACCIDENT,264.5949281154319,617.0742351757622,50.09329450020074,0.08367600154610358,1.0,13.571152839672237,8.616927850399694,6.283517682419066,1.0,3.0,1.0,0.0,0.0,0.3,0.5,0.4275194858731417
FAC-REG-015,IND_ACCIDENT,209.6886829663797,428.13960201303166,46.61092367448468,0.525701380963877,1.0,3.2149586432220403,18.364297562735644,9.453683898924181,1.0,3.0,0.0,0.0,0.0,0.3,0.5,0.09763676334304257
FAC-REG-013,IND_ACCIDENT,93.10238964331796,213.15018020900692,31.101060791772213,0.323780496886435,1.0,24.504260498925287,12.837799953940944,11.471730319460832,1.0,3.0,1.0,0.0,0.0,0.3,0.5,0.385593936869265
FAC-REG-010,IND_ACCIDENT,116.89512303253953,166.6318246156654,43.63936122946365,0.650504367513866,1.0,3.694895186164125,45.193338834722354,4.0976697619919324,1.0,3.0,1.0,0.0,0.0,0.3,0.5,0.04253306050309157
FAC-REG-018,IND_ACCIDENT,331.8565082838487,808.6747607487936,43.13870970962765,0.7159093170503725,1.0,16.469675689385475,25.313531693257787,11.099431360441383,1.0,3.0,1.0,0.0,0.0,0.3,0.5,0.16032076718111143
FAC-REG-006,IND_ACCIDENT,298.84337558949824,550.7031758499076,43.96099628384363,0.49744226179569623,1.0,19.0949694786173,7.591719209345941,4.194048965891484,1.0,3.0,0.0,0.0,0.0,0.3,0.5,0.5755980945112527
FAC-REG-013,IND_ACCIDENT,204.19810000136044,416.33755116769095,29.8057847016598,0.4496552037921653,1.0,19.374139443089025,42.36064227481733,8.487036340498472,1.0,3.0,0.0,0.0,0.0,0.3,0.5,0.10390792550021458
FAC-REG-012,IND_ACCIDENT,225.50179426253675,487.76988226594096,25.280463359908442,0.8968838286482307,1.0,24.44544956722923,32.614330199265225,5.794738185685169,1.0,3.0,1.0,0.0,0.0,0.3,0.5,0.15159698026983962
FAC-REG-015,IND_ACCIDENT,142.15120878313985,263.71146643167066,54.072262743377124,0.6680937093013618,1.0,19.339543466399583,22.721706715715314,7.478252414290074,1.0,3.0,1.0,0.0,0.0,0.3,0.5,0.19354509036397968
FAC-REG-018,IND_ACCIDENT,312.7688189142856,623.7894134772863,34.737693863531575,0.6664690113528661,1.0,13.706716711343462,42.43062247559306,13.858071436129473,1.0,3.0,1.0,0.0,0.0,0.3,0.5,0.08725439576056229
FAC-REG-010,IND_ACCIDENT,347.79732857538824,570.6051432529401,31.161796334980416,0.37627007908762683,1.0,13.247881754445467,40.78391480637322,6.211609080530913,1.0,3.0,1.0,0.0,0.0,0.3,0.5,0.08924508563944171
FAC-REG-004,IND_ACCIDENT,324.5291057863795,491.86271589818494,25.689449621574493,0.8756858299353937,1.0,6.981492959608775,41.592944108261484,9.1611953491524,1.0,3.0,0.0,0.0,0.0,0.3,0.5,0.06352643581836917
FAC-REG-015,IND_ACCIDENT,236.01715195289893,470.924522749323,44.81795755537442,0.13097228176143233,1.0,17.346711401669634,17.73451449464367,8.089028380576778,1.0,3.0,1.0,0.0,0.0,0.3,0.5,0.23484930158868064
FAC-REG-005,IND_ACCIDENT,161.05321798291456,358.85358647594535,20.889314732325744,0.874347888316763,1.0,12.983369910440064,14.386220387244414,4.345212594295146,1.0,3.0,0.0,0.0,0.0,0.3,0.5,0.2504649770389706
FAC-REG-010,IND_ACCIDENT,195.65772067279283,411.5207171023719,21.559045571013826,0.43201875993167704,1.0,15.933456164428513,45.73766761346309,6.404069493867322,1.0,3.0,1.0,0.0,0.0,0.3,0.5,0.08727321619586124
FAC-REG-011,IND_ACCIDENT,276.19256421837935,579.0557830322567,36.35838940874163,0.7675448816238176,1.0,20.72474336490117,29.755592033457095,13.485119725902475,1.0,3.0,0.0,0.0,0.0,0.3,0.5,0.15299455861887906
FAC-REG-018,IND_ACCIDENT,346.27403450000526,501.2541624443447,25.400891059244096,0.09394231165529793,1.0,17.0800652704121,13.88685178679792,5.57012003093632,1.0,3.0,0.0,0.0,0.0,0.3,0.5,0.2976055065639431
FAC-REG-001,IND_ACCIDENT,212.02574643274988,286.2108901283783,21.675444043294,0.8886356045150199,1.0,24.232611321593,4.2173591611140235,14.445835532367248,1.0,3.0,1.0,0.0,0.0,0.3,0.35144659675950196,1.167238274813931
FAC-REG-007,IND_ACCIDENT,197.32715957748053,378.61462722149224,36.99809611156141,0.6168346189141887,1.0,6.072327604638884,5.31883795439783,7.041194328298696,1.0,3.0,1.0,0.0,0.0,0.3,0.4432364961998192,0.46329843992104636
FAC-REG-010,IND_ACCIDENT,275.2116971355757,411.4024824531776,23.475708769452066,0.671205053640245,1.0,6.435604585427827,14.320696906732461,14.57848857743459,1.0,3.0,0.0,0.0,0.0,0.3,0.5,0.17714566258906306
FAC-REG-001,IND_ACCIDENT,304.67228110147084,741.4312882415554,45.74616127303406,0.47259854940716317,1.0,16.592639284426703,42.231819317063604,10.062012086346542,1.0,3.0,0.0,0.0,0.0,0.3,0.5,0.09645348968893484
FAC-REG-008,IND_ACCIDENT,292.7429040749929,703.2894627388051,42.027429414580624,0.8497440528873551,1.0,21.190455441661303,33.34674674759992,10.137630222185104,1.0,3.0,1.0,0.0,0.0,0.3,0.5,0.13804372638334614
FAC-REG-002,IND_ACCIDENT,349.8358432157866,475.02615530204446,58.97283828995928,0.39587176661444,1.0,22.1565759074197,38.424961298564035,10.02068700134668,1.0,3.0,1.0,0.0,0.0,0.3,0.5,0.12250050633407464
FAC-REG-004,IND_ACCIDENT,252.14326138168042,559.3115039984604,56.65536738963203,0.4224464944501895,1.0,22.830264290945774,42.62721099781841,7.147750742802083,1.0,3.0,1.0,0.0,0.0,0.3,0.5,0.11209043404128241
FAC-REG-001,IND_ACCIDENT,103.65853550377037,202.4852271457702,15.25913972241547,0.32589795541522976,1.0,11.062153767170754,21.431598430807238,11.497872876933414,1.0,3.0,1.0,0.0,0.0,0.3,0.5,0.1551905535808328
FAC-REG-001,IND_ACCIDENT,136.5123566448117,238.61024167491848,25.227133226841815,0.11221653520317709,1.0,16.275869054390313,33.40136313642071,10.624138979110567,1.0,3.0,1.0,0.0,0.0,0.3,0.5,0.12078358128625462
FAC-REG-003,IND_ACCIDENT,221.86182619432674,541.7364990513181,53.122531261765836,0.8271010385587495,1.0,20.9028583430309,8.792407041256183,5.213406343657239,1.0,3.0,1.0,0.0,0.0,0.3,0.5,0.519990073722619
FAC-REG-015,IND_ACCIDENT,219.40871308352598,445.28693591266114,49.41974676939577,0.7410378779086795,1.0,18.79870767698288,46.043042622017126,3.7096747007781588,1.0,3.0,0.0,0.0,0.0,0.3,0.5,0.09416727049793353
FAC-REG-016,IND_ACCIDENT,251.29291996328885,597.4832585865283,25.95670334593347,0.8379793630768607,1.0,4.325882586370339,45.115185179442626,7.5436609032557955,1.0,3.0,0.0,0.0,0.0,0.3,0.5,0.046101453639880045
FAC-REG-004,IND_ACCIDENT,141.89743896174224,232.97395291186052,28.828048421682894,0.732572013157764,1.0,14.8615480868556,17.697538762864163,10.51883850807556,1.0,3.0,1.0,0.0,0.0,0.3,0.5,0.21783073320565247
FAC-REG-017,IND_ACCIDENT,343.4830668255221,785.8235893626318,38.51164682322532,0.15473925604634114,1.0,21.90714745217296,39.190368198656955,5.622728989675879,1.0,3.0,0.0,0.0,0.0,0.3,0.5,0.1194300384018144
FAC-REG-017,IND_ACCIDENT,228.847421496093,367.95812574722123,58.33170938569109,0.461013799711936,1.0,20.731836095053477,28.20996785487552,3.9992441278304205,1.0,3.0,1.0,0.0,0.0,0.3,0.5,0.16140474278112307
FAC-REG-013,IND_ACCIDENT,238.45130964097274,544.3906901816,54.78929085067835,0.2438678061565926,1.0,7.664986477980986,30.883163509443637,8.226827402777104,1.0,3.0,1.0,0.0,0.0,0.3,0.5,0.08964661917094767
FAC-REG-008,IND_ACCIDENT,285.5845160704701,562.0201806729083,26.504024901417253,0.30675142655957577,1.0,19.10307748688396,41.451667477521916,11.221383699602065,1.0,3.0,1.0,0.0,0.0,0.3,0.5,0.10544103567122749
FAC-REG-019,IND_ACCIDENT,244.68061090944045,450.73134412935065,41.39738084289634,0.19281207658313393,1.0,19.211222388772008,41.96307141190206,5.99250770104392,1.0,3.0,0.0,0.0,0.0,0.3,0.5,0.1044504298555076
FAC-REG-016,IND_ACCIDENT,157.4361000936629,248.16580070431277,24.278377403329188,0.5922666743185746,1.0,8.651444648205725,31.808681384898414,4.17222806224837,1.0,3.0,0.0,0.0,0.0,0.3,0.5,0.09246953011628004
FAC-REG-003,IND_ACCIDENT,237.17313673079366,500.67474338533344,34.92226350507872,0.4289222773906446,1.0,18.939370730769596,4.696128037685627,7.422535281453536,1.0,3.0,1.0,0.0,0.0,0.3,0.3913440031404689,0.9267078532570093
FAC-REG-004,IND_ACCIDENT,272.81486879604756,544.0103904866066,27.337229995191265,0.11750646364063862,1.0,4.884481491121472,43.344398485221205,5.706474234265544,1.0,3.0,1.0,0.0,0.0,0.3,0.5,0.05098897171861094
FAC-REG-006,IND_ACCIDENT,169.39896563294246,234.33104790456795,38.35769059087217,0.10747067905338267,1.0,20.607843172091954,14.283331604059054,9.710137017951872,1.0,3.0,1.0,0.0,0.0,0.3,0.5,0.317824045497064
FAC-REG-018,IND_ACCIDENT,260.4369407089664,410.70776034117904,35.55863901961659,0.2117761333962076,1.0,4.151455267303183,20.652962633378237,7.6738591262289075,1.0,3.0,1.0,0.0,0.0,0.3,0.5,0.09865470949226575
FAC-REG-008,IND_ACCIDENT,232.5330018806689,327.06252079007413,58.27495811796659,0.5897160387523782,1.0,19.60643203869865,11.501029279652371,8.208995309559846,1.0,3.0,1.0,0.0,0.0,0.3,0.5,0.3850016360889581
FAC-REG-016,IND_ACCIDENT,70.34627033263465,116.84682434118285,59.155636845493675,0.4536535619802858,1.0,11.415578165368181,9.27247608877644,14.702893229222179,1.0,3.0,0.0,0.0,0.0,0.3,0.5,0.36437891136117456
FAC-REG-008,IND_ACCIDENT,285.2079453407823,454.1617265714864,45.22012996258668,0.12898977272248144,1.0,8.655039861505756,38.66768748485966,13.443891208385713,1.0,3.0,1.0,0.0,0.0,0.3,0.5,0.0760827735694514
FAC-REG-012,IND_ACCIDENT,288.967864547708,621.4235540915788,16.627217123614294,0.3076591025535293,1.0,8.788476538038543,19.84600192874684,4.507891587784143,1.0,3.0,1.0,0.0,0.0,0.3,0.5,0.14937701256413283
FAC-REG-009,IND_ACCIDENT,212.7227890904755,487.2082211067291,27.586659231216565,0.8510289662368982,1.0,22.213406557924653,11.117625299492822,12.542173502706587,1.0,3.0,1.0,0.0,0.0,0.3,0.5,0.42393136535840364
FAC-REG-005,IND_ACCIDENT,179.49197365628885,341.28309486551245,32.8730449843145,0.5087727259459514,1.0,16.814901160997987,33.66936748199813,9.6235337144334,1.0,3.0,1.0,0.0,0.0,0.3,0.5,0.12179016018618878
FAC-REG-003,IND_ACCIDENT,291.2085221659772,485.0412730136215,18.641367737306346,0.39253315195038724,1.0,6.817539329703191,34.57784791170832,7.480146855184534,1.0,3.0,1.0,0.0,0.0,0.3,0.5,0.07551198142599783
FAC-REG-010,IND_ACCIDENT,300.29455781762107,438.1386507640334,53.790651702268015,0.8343436119363852,1.0,13.71536221401659,30.675129261043008,12.295312710384447,1.0,3.0,0.0,0.0,0.0,0.3,0.5,0.12073056673364368
FAC-REG-003,IND_ACCIDENT,336.7833077283624,771.3149128351088,44.98380986257679,0.15349762445648357,1.0,13.52114850705759,26.268732413257037,6.174340621201871,1.0,3.0,0.0,0.0,0.0,0.3,0.5,0.1399805433081579
FAC-REG-012,IND_ACCIDENT,340.4302051229016,619.241676381948,29.03172598883668,0.4802205834142075,1.0,12.669257149924023,8.649246107516731,10.869502618937371,1.0,3.0,0.0,0.0,0.0,0.3,0.5,0.41152603968472257
FAC-REG-002,IND_ACCIDENT,252.05630587148295,373.655785089242,17.760733219980068,0.7136473481581739,1.0,13.115609322925044,6.559207002240935,14.940962647452322,1.0,3.0,0.0,0.0,0.0,0.3,0.5,0.5521319752279994
FAC-REG-015,IND_ACCIDENT,345.4300990737558,548.2031373108167,21.40122159092383,0.15317719850906455,1.0,9.672053246487103,8.446015684468454,11.459855429482516,1.0,3.0,0.0,0.0,0.0,0.3,0.5,0.3682200696202824
FAC-REG-004,IND_ACCIDENT,247.29309528376993,389.4058902604303,25.469049235320647,0.23768223531779326,1.0,6.822557104570479,32.85184159271287,13.252182680368117,1.0,3.0,1.0,0.0,0.0,0.3,0.5,0.07950855665607656
FAC-REG-005,IND_ACCIDENT,318.24918026733064,585.4962492885879,23.75801303193443,0.3625954482456962,1.0,12.110854555636395,40.41166740494247,11.936565376456123,1.0,3.0,1.0,0.0,0.0,0.3,0.5,0.08611536055251763
FAC-REG-002,IND_ACCIDENT,107.46504615825684,193.68390299425556,50.565198113706664,0.5448259953129765,1.0,17.98144619924138,12.346573319685795,10.617904219588798,1.0,3.0,1.0,0.0,0.0,0.3,0.5,0.3434518572220839
FAC-REG-018,IND_ACCIDENT,246.20366568300614,378.8157388267351,17.907750592983877,0.08623822789397784,1.0,11.170988488303097,15.697450012789794,10.930036419818842,1.0,3.0,1.0,0.0,0.0,0.3,0.5,0.21292011564268676
FAC-REG-004,IND_ACCIDENT,312.10490979931694,496.9251859796585,44.32697915599357,0.7390830387883264,1.0,16.509788846064193,41.82087019246561,8.012527797577457,1.0,3.0,1.0,0.0,0.0,0.3,0.5,0.09715780490982535
FAC-REG-017,IND_ACCIDENT,337.49371222109994,757.4317598714143,29.19331030866057,0.6349145001735609,1.0,12.627268729218622,15.205507370026252,13.17002316339811,1.0,3.0,0.0,0.0,0.0,0.3,0.5,0.2336973541582053
FAC-REG-008,IND_ACCIDENT,199.21369009492557,411.30490615809964,44.67092649926022,0.810850079600556,1.0,17.006733007678562,31.013077729442717,4.266498466447935,1.0,3.0,1.0,0.0,0.0,0.3,0.5,0.13297364672665477
FAC-REG-019,IND_ACCIDENT,99.59417437375674,247.5841782889943,34.94728893496282,0.09065619733498964,1.0,3.836480661224008,36.8331193292009,11.078908643342329,1.0,3.0,1.0,0.0,0.0,0.3,0.5,0.05317751106969715
FAC-REG-003,IND_ACCIDENT,73.39037306576849,179.64507833645268,48.18787617565531,0.3502636972267545,1.0,9.523782788328415,19.38694210881738,12.408515608583592,1.0,3.0,1.0,0.0,0.0,0.3,0.5,0.159182538962254
FAC-REG-019,IND_ACCIDENT,118.75061389354362,168.39725063111072,44.71362238656022,0.6997167628884756,1.0,8.831021423150089,4.921578285360164,4.444974175978914,1.0,3.0,1.0,0.0,0.0,0.3,0.41013152378001366,0.6038110708549485
FAC-REG-008,IND_ACCIDENT,285.38248139467737,584.9188729928621,32.18728378438031,0.22483417286622182,1.0,5.670501199506941,31.060570593710132,12.408288477334562,1.0,3.0,1.0,0.0,0.0,0.3,0.5,0.07666573324699032
FAC-REG-018,IND_ACCIDENT,160.22034096449593,232.36440167978324,36.345124945779624,0.1468631395071696,1.0,13.692341065505879,44.49307597365394,9.488833631093446,1.0,3.0,1.0,0.0,0.0,0.3,0.5,0.08316611665309268
FAC-REG-002,IND_ACCIDENT,105.86680898253601,180.60041340783891,56.76376381467224,0.24092327006727415,1.0,11.187674524425294,23.011382849544624,8.553157381486201,1.0,3.0,1.0,0.0,0.0,0.3,0.5,0.14535406893920583
FAC-REG-012,IND_ACCIDENT,125.29173716078245,296.22849208306474,44.06148656948427,0.2930207708532861,1.0,20.95083265730958,41.900279839991185,13.234914894938198,1.0,3.0,1.0,0.0,0.0,0.3,0.5,0.10924051036946293
FAC-REG-018,IND_ACCIDENT,248.09981384435102,388.3446955642259,59.027877546026815,0.685963120082148,1.0,15.271890961243539,11.946162319713238,4.1193693804773,1.0,3.0,1.0,0.0,0.0,0.3,0.5,0.32712820892683664
FAC-REG-011,IND_ACCIDENT,145.41276352456703,283.1866259008836,47.757622952883445,0.1417521574494947,1.0,18.076556354549215,8.042319059241967,14.59899203446046,1.0,3.0,1.0,0.0,0.0,0.3,0.5,0.528660121023417
FAC-REG-012,IND_ACCIDENT,275.1844325345502,536.7980475257888,41.56564607064478,0.48210646487883796,1.0,9.546065929014052,28.86096768579671,11.422180973576044,1.0,3.0,1.0,0.0,0.0,0.3,0.5,0.1070536122837373
FAC-REG-015,IND_ACCIDENT,315.5987636231931,574.5666791022077,22.23816782809858,0.524335976376622,1.0,20.858548771045616,36.63533070656892,13.636683966262746,1.0,3.0,0.0,0.0,0.0,0.3,0.5,0.12466424992758462
FAC-REG-003,IND_ACCIDENT,182.4184084411607,412.28113827360295,24.18160355830045,0.5218222069069434,1.0,19.127568512652847,31.103359811447877,5.662284448077285,1.0,3.0,1.0,0.0,0.0,0.3,0.5,0.14061206255459402
FAC-REG-013,IND_ACCIDENT,220.83478685605095,425.988317408014,53.162150600884736,0.7639693832398552,1.0,21.31897032563495,4.485391027548495,12.119773071392215,1.0,3.0,1.0,0.0,0.0,0.3,0.37378258562904126,1.0293967732517462
FAC-REG-011,IND_ACCIDENT,281.75410420960674,650.9546648229907,36.16435743458035,0.47674268146518006,1.0,5.743709252050591,20.95653885408392,10.89869956898552,1.0,3.0,1.0,0.0,0.0,0.3,0.5,0.11436066364570555
FAC-REG-003,IND_ACCIDENT,108.59041176458591,227.5675404370715,15.084594758620979,0.20161669666123033,1.0,3.639570367566982,11.34294518561432,5.58517171914331,1.0,3.0,1.0,0.0,0.0,0.3,0.5,0.1681896345262774
FAC-REG-017,IND_ACCIDENT,234.69663474554935,440.56488756135207,43.90464866573524,0.10512555531052309,1.0,15.759643323418889,28.705321870219045,9.947591085785966,1.0,3.0,1.0,0.0,0.0,0.3,0.5,0.1382963668961281
FAC-REG-002,IND_ACCIDENT,237.82331038562148,481.01542798471974,16.03197650706189,0.32379180359480764,1.0,17.00279432308139,10.55598839056671,11.497279955772612,1.0,3.0,1.0,0.0,0.0,0.3,0.5,0.3906260901941133
FAC-REG-006,IND_ACCIDENT,128.75575855979463,294.87087615929363,38.41334596133943,0.3674432067225474,1.0,5.692288661153915,36.36224668545165,6.212362390152402,1.0,3.0,1.0,0.0,0.0,0.3,0.5,0.06561343112590101
FAC-REG-017,IND_ACCIDENT,237.50308233784688,518.4207156720815,59.92563801268273,0.843146331642024,1.0,17.136434389774216,22.534914344939168,10.816039694144676,1.0,3.0,1.0,0.0,0.0,0.3,0.5,0.18369795415704515
FAC-REG-015,IND_ACCIDENT,184.7733691149607,426.41309709825396,32.27248283698698,0.5360914305431086,1.0,15.930925938968361,12.116955137880131,7.6657075790013165,1.0,3.0,1.0,0.0,0.0,0.3,0.5,0.3294025898406573
FAC-REG-013,IND_ACCIDENT,266.0705486444659,532.9319055660919,41.391559148491815,0.6430200333920639,1.0,23.451572303265053,38.43360535345887,4.145565189286415,1.0,3.0,1.0,0.0,0.0,0.3,0.5,0.12600125076377838
FAC-REG-019,IND_ACCIDENT,175.53596612618415,325.45761459957237,36.64077003388813,0.41990333936705326,1.0,23.62177247274902,35.06483633721708,10.758462428502124,1.0,3.0,0.0,0.0,0.0,0.3,0.5,0.13860676415389914
FAC-REG-007,IND_ACCIDENT,209.00912265948392,381.2787979614625,47.827870289357854,0.7006859641424433,1.0,6.495979688725779,30.849906577016217,5.056571946193383,1.0,3.0,1.0,0.0,0.0,0.3,0.5,0.08261682026722095
FAC-REG-004,IND_ACCIDENT,73.75273540100638,120.90247765644132,17.00677087678327,0.08084447922147683,1.0,9.06583676810215,16.126942901873598,12.551955929918446,1.0,3.0,1.0,0.0,0.0,0.3,0.5,0.18670325919985659
FAC-REG-016,IND_ACCIDENT,282.63151347702984,519.9537503313993,49.95197506298315,0.10556123392972747,1.0,13.726566260814455,5.478998408064436,4.220511839736577,1.0,3.0,1.0,0.0,0.0,0.3,0.45658320067203634,0.6762071852233674
FAC-REG-004,IND_ACCIDENT,158.25306590726052,352.3076076143767,18.889107484314593,0.2512666629146776,1.0,19.113872100437977,28.126105683962667,4.971864398136244,1.0,3.0,1.0,0.0,0.0,0.3,0.5,0.15544069647544792
FAC-REG-010,IND_ACCIDENT,301.80314509020843,677.6252072349766,43.09914509122776,0.470308961600829,1.0,24.550118488398653,10.37846318471195,11.83929086683782,1.0,3.0,0.0,0.0,0.0,0.3,0.5,0.47741245745904604
FAC-REG-017,IND_ACCIDENT,199.90109627273412,493.0373423260958,42.383727271340994,0.34708041627379593,1.0,5.510107267534535,10.654860464337121,6.091144694439203,1.0,3.0,0.0,0.0,0.0,0.3,0.5,0.22030901064915823
FAC-REG-007,IND_ACCIDENT,261.4511495615719,510.9086548253969,59.12325699004977,0.24329807148217208,1.0,11.887513279184061,27.87201534939861,12.604549867213544,1.0,3.0,1.0,0.0,0.0,0.3,0.5,0.12370211784556054
FAC-REG-002,IND_ACCIDENT,92.8830968090979,171.83008527756073,36.81133292085211,0.1909083591387844,1.0,23.80535923400621,41.398916345149125,11.193756879284745,1.0,3.0,1.0,0.0,0.0,0.3,0.5,0.11785510430756099
FAC-REG-016,IND_ACCIDENT,198.8454340567631,437.28903837297764,28.07644019128598,0.7189246146800164,1.0,5.462590394473667,19.66282844697352,14.747710906695579,1.0,3.0,1.0,0.0,0.0,0.3,0.5,0.11886481758878313
FAC-REG-017,IND_ACCIDENT,126.38185899807283,203.51839496403545,22.411785904453314,0.3306828051407729,1.0,19.64853312514997,26.852977818173244,5.856134652733195,1.0,3.0,1.0,0.0,0.0,0.3,0.5,0.16507169607279337
FAC-REG-014,IND_ACCIDENT,136.862939186831,252.03135244849798,59.32453452633938,0.7062106048634919,1.0,3.597683266962316,6.86900201546165,8.835210833341826,1.0,3.0,1.0,0.0,0.0,0.3,0.5,0.2761326872254891
FAC-REG-001,IND_ACCIDENT,179.4039423718117,405.096438767837,31.73697005625892,0.43394229634693027,1.0,11.742390590676964,8.109950766913006,8.572329819884013,1.0,3.0,0.0,0.0,0.0,0.3,0.5,0.42253242621318016
FAC-REG-012,IND_ACCIDENT,216.53229673452756,356.1015556073446,50.67844885652277,0.5409543609989839,1.0,16.960813186106684,39.10822302309934,8.05366043561823,1.0,3.0,1.0,0.0,0.0,0.3,0.5,0.10530651782107245
FAC-REG-008,IND_ACCIDENT,215.65334651043526,396.18183684912435,40.10190863681406,0.19112916640376615,1.0,16.496409050061878,19.97643241189646,13.817642921093118,1.0,3.0,0.0,0.0,0.0,0.3,0.5,0.20331844441179384
FAC-REG-006,IND_ACCIDENT,109.39922785365235,168.73942597483432,23.290117765711177,0.8098912535066899,1.0,17.39443615114916,10.692588461780007,8.563719311236014,1.0,3.0,1.0,0.0,0.0,0.3,0.5,0.39005183535996896
FAC-REG-019,IND_ACCIDENT,317.07658315405484,717.9641939742557,37.73430481094872,0.8720576229702949,1.0,12.190741544052193,47.3008540376059,11.181079986241711,1.0,3.0,1.0,0.0,0.0,0.3,0.5,0.07381524741354988
FAC-REG-004,IND_ACCIDENT,349.18188398286526,864.4831906101299,44.52603081092613,0.16035248160895993,1.0,18.110941948850638,8.093341404241198,3.8376878296775114,1.0,3.0,1.0,0.0,0.0,0.3,0.5,0.5258267289463968
FAC-REG-005,IND_ACCIDENT,342.5680691933285,583.807450369731,28.34204015774919,0.830476799679359,1.0,5.436465797017078,37.4216260450438,14.862754016506901,1.0,3.0,1.0,0.0,0.0,0.3,0.5,0.062306832779632115
FAC-REG-012,IND_ACCIDENT,198.5942552084999,343.4405477916891,37.2395601262635,0.7540118645716356,1.0,10.3745770421592,11.645510097972727,11.688161233803978,1.0,3.0,1.0,0.0,0.0,0.3,0.5,0.2765837647406045
FAC-REG-001,IND_ACCIDENT,137.1647515716645,201.68244029000581,30.657363521197496,0.4327983320696007,1.0,19.474179413192743,32.65049373479366,10.64067852600196,1.0,3.0,1.0,0.0,0.0,0.3,0.5,0.13515740052238648
FAC-REG-005,IND_ACCIDENT,295.7348466810614,683.8823353221574,26.428869355741114,0.07644825992975403,1.0,19.26448417362501,8.679123955254083,7.121575269049128,1.0,3.0,0.0,0.0,0.0,0.3,0.5,0.5057114670471946
FAC-REG-015,IND_ACCIDENT,118.96680240926864,276.82203360544185,25.22308006605817,0.761484956456499,1.0,9.144073945997029,32.286804042583135,11.482731595363056,1.0,3.0,1.0,0.0,0.0,0.3,0.5,0.09365798433619446
FAC-REG-006,IND_ACCIDENT,170.9057895804973,236.22709118678685,49.34198810665002,0.3970603913455334,1.0,19.703472127338543,43.758745151258985,6.176776191664821,1.0,3.0,1.0,0.0,0.0,0.3,0.5,0.10143936513562354
FAC-REG-013,IND_ACCIDENT,321.67726869046925,669.3853880116438,54.34020258622582,0.05016013962309462,1.0,6.7197835478318355,21.149413046765652,7.864283388809264,1.0,3.0,0.0,0.0,0.0,0.3,0.5,0.12256862751588579
FAC-REG-008,IND_ACCIDENT,106.07763936007134,190.44260262265752,51.10594481216689,0.4572095536378485,1.0,3.3960019567947297,22.543537829486887,3.812512685044708,1.0,3.0,1.0,0.0,0.0,0.3,0.5,0.08174513090304288
FAC-REG-016,IND_NORMAL,36.23064978991856,45.091045935140066,1.3041562066662875,0.35567138006057775,1.0,1.7591913642511503,176.94218046778545,0.929092343683118,0.0,3.0,1.0,0.0,0.0,0.8,0.5,0.007495923874999113
FAC-REG-019,IND_NORMAL,41.18261518698384,44.169016925520076,0.814743909843183,0.279535268789557,1.0,0.6448017052931612,52.638163147484946,-0.471470716562176,0.0,3.0,0.0,0.0,0.0,0.8,0.5,0.015255005300595136
FAC-REG-014,IND_NORMAL,32.95072452893277,36.55710097965751,-0.8003235539720612,0.37673273539116964,1.0,0.5722142539675301,163.68635919225386,1.4602069110997171,0.0,3.0,1.0,0.0,0.0,0.8,0.5,0.0046213285663696275
FAC-REG-014,IND_NORMAL,25.21217530048694,31.459895335086767,0.5047046863725528,0.2750319298726684,1.0,1.7572282753278867,59.92877684402916,0.4871199648116208,0.0,3.0,0.0,0.0,0.0,0.8,0.5,0.022119671738733224
FAC-REG-014,IND_NORMAL,40.670882815126184,46.9459582585914,-1.7454363628534306,0.4190592869051407,1.0,1.398467762265816,31.30874350600723,-0.28412824490628075,0.0,3.0,1.0,0.0,0.0,0.8,0.5,0.03777118332819661
FAC-REG-004,IND_NORMAL,41.05654518960866,43.640536522444975,1.823297934883009,0.03206813997309091,1.0,1.541675684196063,25.810786703579318,1.5945561327008209,0.0,3.0,0.0,0.0,0.0,0.8,0.5,0.04810555941985776
FAC-REG-015,IND_NORMAL,33.05770293045394,40.611542032544385,-0.2264799424832491,0.3114029977850019,1.0,1.446961329637983,111.40512326746268,1.1160576780966875,0.0,3.0,0.0,0.0,0.0,0.8,0.5,0.010797502140632919
FAC-REG-007,IND_NORMAL,18.950803154161157,20.78593998254249,1.1470013406177477,0.4859677791078958,1.0,0.8940134638979775,57.623552478174695,0.5876634054650811,0.0,3.0,1.0,0.0,0.0,0.8,0.5,0.016408617856162672
FAC-REG-008,IND_NORMAL,34.02312094128994,36.206944061985055,-0.982433676632612,0.19368948473846656,1.0,1.2087400325097704,19.668989244400468,-0.17794457562736937,0.0,3.0,0.0,0.0,0.0,0.8,0.5,0.0558964736151367
FAC-REG-001,IND_NORMAL,28.51395904973455,32.63691412107432,0.49007878291898077,0.24547700623552818,1.0,1.1712022119836867,91.68045463245177,0.8589951149233954,0.0,3.0,1.0,0.0,0.0,0.8,0.5,0.011804271335493713
FAC-REG-017,IND_NORMAL,15.22992097947676,16.658697158788474,-1.8531145499967154,0.07185236198273186,1.0,1.0082909740081274,146.83439416940857,0.8157118797493919,0.0,3.0,1.0,0.0,0.0,0.8,0.5,0.006838567595756983
FAC-REG-011,IND_NORMAL,16.331633165125634,18.055672458951143,1.2667287018028723,0.1565899048461908,1.0,1.7273100031223714,101.30871005354439,1.523684157930668,0.0,3.0,1.0,0.0,0.0,0.8,0.5,0.012972938475959246
FAC-REG-007,IND_NORMAL,29.80639741020356,35.48307805374152,1.9712673559962814,0.08311477755103118,1.0,0.9120972882792793,78.2887807004046,0.4702048106393121,0.0,3.0,0.0,0.0,0.0,0.8,0.5,0.012198910724787628
FAC-REG-008,IND_NORMAL,35.12829014227523,38.69854164542955,0.6984314116648647,0.1624292677299632,1.0,1.577643844728103,172.2775654342868,1.1592049375444629,0.0,3.0,1.0,0.0,0.0,0.8,0.5,0.00729080961829534
FAC-REG-014,IND_NORMAL,16.53406144326302,18.212623237271362,-1.7619011986089133,0.30982181741570614,1.0,1.5298848702389103,31.23392319507206,0.3828294310034528,0.0,3.0,0.0,0.0,0.0,0.8,0.5,0.03960069763369723
FAC-REG-018,IND_NORMAL,17.768543762197716,20.77612395114974,0.1983346268885744,0.4521542086756503,1.0,1.1063595944663138,65.94162431062442,1.2246567582038723,0.0,3.0,0.0,0.0,0.0,0.8,0.5,0.01595102194427475
FAC-REG-009,IND_NORMAL,34.39350270373821,42.22173263114409,0.3947696092763895,0.2610337327817537,1.0,0.7083069895947756,31.4439179220225,-0.14506039984891744,0.0,3.0,0.0,0.0,0.0,0.8,0.5,0.026765422901781914
FAC-REG-006,IND_NORMAL,18.616752492110706,22.907740088201688,-1.7342246225769005,0.27630438682292663,1.0,0.7132056856901865,13.966710602791883,0.4706787982935696,0.0,3.0,0.0,0.0,0.0,0.8,0.5,0.06046628182531247
FAC-REG-001,IND_NORMAL,17.53177141633627,19.808688308689888,1.640538547128537,0.4078508623551454,1.0,0.8240770475175307,90.39010782913226,1.3784633658846523,0.0,3.0,0.0,0.0,0.0,0.8,0.5,0.010042989407067934
FAC-REG-011,IND_NORMAL,27.897932321704445,33.04770439505485,-0.8984753029783259,0.16703047941354207,1.0,1.68347773988119,86.99847875546581,1.3362747831922106,0.0,3.0,1.0,0.0,0.0,0.8,0.5,0.014913927599149663
FAC-REG-012,IND_NORMAL,42.49905707523622,48.287303026033605,-0.7245327267154447,0.29945539836517465,1.0,1.0567586351564413,112.98046002243913,1.1228474840807965,0.0,3.0,1.0,0.0,0.0,0.8,0.5,0.009098809322741607
FAC-REG-007,IND_NORMAL,30.350441597445354,32.87334237199018,0.5829620403824491,0.041493656242240745,1.0,1.642860230198623,171.03626491091578,0.28146830244757104,0.0,3.0,1.0,0.0,0.0,0.8,0.5,0.007493972660979468
FAC-REG-018,IND_NORMAL,34.107069523642295,38.13582499775048,-1.713152444609396,0.21662186954971135,1.0,0.9668262425950904,125.75626747548156,0.8932922737411877,0.0,3.0,0.0,0.0,0.0,0.8,0.5,0.007818880510690147
FAC-REG-012,IND_NORMAL,31.790653345138196,34.04943766599309,-1.3305610674454882,0.48657212311836373,1.0,0.8427301201321562,176.2119558223818,0.7233992250058057,0.0,3.0,0.0,0.0,0.0,0.8,0.5,0.00520965407321505
FAC-REG-014,IND_NORMAL,15.928673727580305,17.96113031592226,-1.3599002541472238,0.031209006237529237,1.0,1.6343204209252653,89.03186549215764,0.16526297553710534,0.0,3.0,1.0,0.0,0.0,0.8,0.5,0.014358964783249948
FAC-REG-005,IND_NORMAL,43.67756486865957,48.60410344506244,1.553614689234725,0.30941258071014155,1.0,1.7400610396122311,177.314211419358,0.16333250698311508,0.0,3.0,1.0,0.0,0.0,0.8,0.5,0.00743941346872593
FAC-REG-017,IND_NORMAL,26.565357142107672,29.702125997430816,0.16563042939034078,0.09398962072567381,1.0,1.3305672280370167,103.00640848488068,1.252374168991201,0.0,3.0,1.0,0.0,0.0,0.8,0.5,0.01119835333317156
FAC-REG-019,IND_NORMAL,25.685569413527823,31.21729056452264,0.8360548971481272,0.10504204413049545,1.0,1.261169549179613,125.80107001514443,0.04058559404879769,0.0,3.0,1.0,0.0,0.0,0.8,0.5,0.008926935626805159
FAC-REG-004,IND_NORMAL,25.418311170915224,29.64012795079947,-1.443213194617218,0.23314099961705737,1.0,1.4393514821315958,94.13483574113184,0.4240912415049457,0.0,3.0,1.0,0.0,0.0,0.8,0.5,0.012744801054205897
FAC-REG-018,IND_NORMAL,33.702178744783204,39.225139201982024,0.4826419192983362,0.11662981175476796,1.0,1.092706614896478,18.629201525671085,0.5937558862197012,0.0,3.0,1.0,0.0,0.0,0.8,0.5,0.056112232143392095
FAC-REG-019,IND_NORMAL,18.971171371049174,22.169765881973234,0.3964823401613007,0.18966115546245557,1.0,1.1876996368538868,18.38090263269538,1.2154780888421275,0.0,3.0,1.0,0.0,0.0,0.8,0.5,0.059290686289138986
FAC-REG-005,IND_NORMAL,38.82631987648216,42.90904383360363,1.5083623240727557,0.473140205036191,1.0,0.7231939541076735,89.72950165098611,1.7562709697741754,0.0,3.0,0.0,0.0,0.0,0.8,0.5,0.009477463873960144
FAC-REG-006,IND_NORMAL,32.66194566393959,36.74684395884087,-0.8568657778965192,0.11754708372132189,1.0,1.6426972870665457,76.93880514626868,0.6759335630617276,0.0,3.0,0.0,0.0,0.0,0.8,0.5,0.016658401778728203
FAC-REG-018,IND_NORMAL,36.77149389659847,45.18813993824023,-0.17608289696025237,0.23285880146331395,1.0,1.4031754780321692,111.356335582978,1.355155487350437,0.0,3.0,0.0,0.0,0.0,0.8,0.5,0.010637536470197037
FAC-REG-009,IND_NORMAL,16.784147066018424,17.63398834661162,0.5607932462384952,0.1632487579337008,1.0,0.8605735830492257,64.39904544071912,0.08890939974139489,0.0,3.0,0.0,0.0,0.0,0.8,0.5,0.01440504353608802
FAC-REG-015,IND_NORMAL,33.797775332796306,41.74959834233085,-1.9235356222809439,0.2488848647925522,1.0,1.531583063645841,133.41476889330238,1.0928245925353481,0.0,3.0,0.0,0.0,0.0,0.8,0.5,0.009276120238117583
FAC-REG-016,IND_NORMAL,39.59393414954182,44.213812368727496,0.9322047594399736,0.2737174926666546,1.0,1.6900910214580216,178.41173350538241,-0.03850265997134922,0.0,3.0,1.0,0.0,0.0,0.8,0.5,0.0072867124949632395
FAC-REG-008,IND_NORMAL,23.838581890385797,25.09876216869505,0.9514780742461202,0.42038940656032436,1.0,1.6107141979302786,35.99884826654088,1.2328842211910287,0.0,3.0,1.0,0.0,0.0,0.8,0.5,0.03525499335018747
FAC-REG-009,IND_NORMAL,37.98347798386759,46.308859559077106,0.4544164569498337,0.06253026270544595,1.0,1.2314417145008163,25.04508822482965,0.43734897137459083,0.0,3.0,0.0,0.0,0.0,0.8,0.5,0.04430822624465084
FAC-REG-006,IND_NORMAL,24.184120226387797,28.04937305220397,0.528359318024969,0.2969795189417172,1.0,1.5466344141101442,13.022909704292964,-0.26783524005170056,0.0,3.0,1.0,0.0,0.0,0.8,0.5,0.0954961373221748
FAC-REG-002,IND_NORMAL,17.305862258284904,19.90390229647542,1.1780621779629947,0.3594015090880151,1.0,0.5753390171959607,24.24750834180779,0.42660855005506526,0.0,3.0,0.0,0.0,0.0,0.8,0.5,0.03128202049018277
FAC-REG-002,IND_NORMAL,23.43013496726141,28.366783539486775,1.7169122145274156,0.21444929337323188,1.0,1.8591665031987457,66.01127780964417,0.5958050685907206,0.0,3.0,0.0,0.0,0.0,0.8,0.5,0.02065575165256413
FAC-REG-009,IND_NORMAL,21.578218857716273,22.80243397985377,-1.1414877069647886,0.2197382854741243,1.0,1.6394171430496947,43.55759922634605,1.1555203427157779,0.0,3.0,1.0,0.0,0.0,0.8,0.5,0.02939549659758781
FAC-REG-010,IND_NORMAL,32.57594365360558,38.27532561826778,-1.7128967750939479,0.34765626618723316,1.0,0.8628975204732944,131.94404226110709,1.3918300270836523,0.0,3.0,1.0,0.0,0.0,0.8,0.5,0.007040278274834292
FAC-REG-004,IND_NORMAL,19.28627884018235,23.24130119305884,-0.9143624782131425,0.25841380295261435,1.0,0.9264111393912751,34.48316498394845,0.947982702850994,0.0,3.0,0.0,0.0,0.0,0.8,0.5,0.0279122447254538
FAC-REG-012,IND_NORMAL,27.07339912301007,28.983417968727828,-1.2438419010898731,0.3958479859120318,1.0,1.5725580782760258,111.70560817995703,1.5601714696301974,0.0,3.0,1.0,0.0,0.0,0.8,0.5,0.011226086119951757
FAC-REG-008,IND_NORMAL,15.114597679757493,16.616456259894935,0.9636162246082858,0.17180967187006724,1.0,0.6528385820990203,72.51929835847189,0.12190455868440864,0.0,3.0,1.0,0.0,0.0,0.8,0.5,0.011141644903316858
FAC-REG-012,IND_NORMAL,32.15427490821461,39.59605914545404,1.77193526726417,0.2227445706484668,1.0,1.0659704921094855,169.30195386681834,1.0528221406442364,0.0,3.0,0.0,0.0,0.0,0.8,0.5,0.006098325780292855
FAC-REG-001,IND_NORMAL,42.905128963152734,52.294905302049564,0.7033909858573457,0.08677560746772202,1.0,0.8813470756230434,159.08588606083953,-0.07954335568912896,0.0,3.0,0.0,0.0,0.0,0.8,0.5,0.005901220368253781
FAC-REG-011,IND_NORMAL,43.52318123194014,51.81469980775265,-0.8077911654422274,0.0705751626804111,1.0,1.6727357950174033,120.21706920795387,-0.38917217149541866,0.0,3.0,0.0,0.0,0.0,0.8,0.5,0.010758396328961873
FAC-REG-016,IND_NORMAL,26.553603597075004,32.47941286766243,-0.09612907595337639,0.07326921180087108,1.0,1.4516362179298754,141.4911438683318,-0.49337312116908644,0.0,3.0,1.0,0.0,0.0,0.8,0.5,0.008515293861503109
FAC-REG-013,IND_NORMAL,27.49513295711637,33.39107866550908,1.4013920044795816,0.12175714625535587,1.0,1.486030223255193,91.34334309938093,1.5243604972194156,0.0,3.0,0.0,0.0,0.0,0.8,0.5,0.013345563582043623
FAC-REG-013,IND_NORMAL,37.620691047851466,39.77213315742262,-0.42106258462068746,0.4667875027119151,1.0,0.6885864034883393,135.8322204725846,1.741561166071258,0.0,3.0,0.0,0.0,0.0,0.8,0.5,0.00610908856564228
FAC-REG-008,IND_NORMAL,29.04462423903091,33.86124098316317,-1.6586346540627006,0.04064333689613095,1.0,1.5002999908263825,150.3159842098806,1.2986352703458246,0.0,3.0,1.0,0.0,0.0,0.8,0.5,0.008148616678720211
FAC-REG-015,IND_NORMAL,40.064406772265826,42.18536349086613,-0.48362380531225524,0.18192586244916448,1.0,0.5289914463764016,32.89389103208572,0.45137815231286105,0.0,3.0,0.0,0.0,0.0,0.8,0.5,0.022111035173756795
FAC-REG-015,IND_NORMAL,24.90728338009216,30.666175504261663,-0.9332992133520897,0.3679311196712082,1.0,1.816470529476172,18.998345488290646,0.41458943306168294,0.0,3.0,1.0,0.0,0.0,0.8,0.5,0.07094117819561346
FAC-REG-016,IND_NORMAL,38.18764445628345,44.07844030395403,1.9040552931168544,0.08026410308607362,1.0,0.5254214973343715,141.38657957519212,1.3564577359392298,0.0,3.0,0.0,0.0,0.0,0.8,0.5,0.00512679238669649
FAC-REG-006,IND_NORMAL,28.06522876416572,31.33257913481253,-0.6327851780312699,0.3747327477382202,1.0,0.8348950782577944,119.83247308769971,0.8124941349261501,0.0,3.0,1.0,0.0,0.0,0.8,0.5,0.00762502774210055
FAC-REG-004,IND_NORMAL,31.451461085869617,38.55480574599168,0.7023203678010392,0.2825423606582663,1.0,1.7446446804314673,113.83262290882459,0.16963176990591167,0.0,3.0,0.0,0.0,0.0,0.8,0.5,0.011603439772561092
FAC-REG-004,IND_NORMAL,41.98365637638305,50.04565558506309,1.749513752657283,0.3095800667431727,1.0,1.2101013222423689,22.032370147109408,1.0447772475558683,0.0,3.0,1.0,0.0,0.0,0.8,0.5,0.049928629886645835
FAC-REG-008,IND_NORMAL,43.281729572823366,52.24268834545616,1.9653116062568823,0.2813515197441262,1.0,1.944152525379809,24.70164682361413,0.34106572100115395,0.0,3.0,0.0,0.0,0.0,0.8,0.5,0.05644679120299067
FAC-REG-012,IND_NORMAL,33.59203714299268,41.29183668780524,1.3887777561343269,0.17127057878362556,1.0,0.9143559874627296,176.91775840721124,0.71270991610509,0.0,3.0,1.0,0.0,0.0,0.8,0.5,0.00540488214464234
FAC-REG-011,IND_NORMAL,22.797149377284985,25.510886514332718,1.6699433725279609,0.15944216272228176,1.0,1.204982402236905,161.54371108253045,1.1277591056153131,0.0,3.0,0.0,0.0,0.0,0.8,0.5,0.006795169536828875
FAC-REG-017,IND_NORMAL,42.91820414539611,49.332865770411175,-1.0789963171579413,0.04139063525536599,1.0,1.1234632800288584,62.72200561302031,1.2505031038549137,0.0,3.0,0.0,0.0,0.0,0.8,0.5,0.016898941561677653
FAC-REG-014,IND_NORMAL,17.287176539206936,19.101306035512597,1.2278619635359744,0.2406391377932774,1.0,1.3198657130484424,84.71308837119084,-0.3990301319210882,0.0,3.0,0.0,0.0,0.0,0.8,0.5,0.013561707039800417
FAC-REG-008,IND_NORMAL,21.275563962237833,22.552008564553628,1.374598656207295,0.4909724139987756,1.0,1.6897143109951092,155.43586684638407,0.056547399729204306,0.0,3.0,1.0,0.0,0.0,0.8,0.5,0.00836287107565753
FAC-REG-016,IND_NORMAL,34.096159402600634,39.19855419135815,-0.37330372000566747,0.4774496101658716,1.0,1.2838095750980798,48.811736550949654,0.5556160025677868,0.0,3.0,1.0,0.0,0.0,0.8,0.5,0.02321272073805965
FAC-REG-006,IND_NORMAL,33.67029793851738,41.96112285433453,-1.2395694008650895,0.400445655818424,1.0,1.861848190669429,170.5418675937971,1.7083118901325283,0.0,3.0,1.0,0.0,0.0,0.8,0.5,0.00800094194046813
FAC-REG-002,IND_NORMAL,44.011580442781046,49.66965443721143,1.4168876253634721,0.39108274001478377,1.0,0.9649999057576839,50.9826912553858,0.5539396959035177,0.0,3.0,1.0,0.0,0.0,0.8,0.5,0.01926818814508097
FAC-REG-018,IND_NORMAL,38.148807329358235,43.862702612592905,-1.9515875328955703,0.024338465158060246,1.0,1.0355440159550182,167.60060349653938,0.025956593088300117,0.0,3.0,1.0,0.0,0.0,0.8,0.5,0.006071677609566094
FAC-REG-010,IND_NORMAL,24.650099689786458,30.06346908423806,0.9154457690797875,0.0657916531103411,1.0,1.1430530314796505,16.90052029240443,0.6060473371869206,0.0,3.0,1.0,0.0,0.0,0.8,0.5,0.06326057208537814
FAC-REG-010,IND_NORMAL,42.041492899258046,45.43682293108618,1.9603455042699283,0.4783265566584647,1.0,1.242012784386925,98.13700163252153,0.6075634826344647,0.0,3.0,1.0,0.0,0.0,0.8,0.5,0.011356127194044838
FAC-REG-003,IND_NORMAL,16.731087852476964,19.05458538445209,-0.8978082431220664,0.31857898993807704,1.0,1.9886634340621685,76.90229307684628,0.8198348844403807,0.0,3.0,0.0,0.0,0.0,0.8,0.5,0.018337551830212833
FAC-REG-001,IND_NORMAL,22.211967386805206,24.17369700858624,1.6729563467017483,0.0688657678157777,1.0,1.2589368616023975,49.1032675377855,-0.41046108435096484,0.0,3.0,0.0,0.0,0.0,0.8,0.5,0.022850282942028576
FAC-REG-017,IND_NORMAL,19.445337846898365,23.060420322634084,-1.10043913273635,0.22706271141155582,1.0,1.5787398454168535,106.63853986155183,0.4832542120546568,0.0,3.0,0.0,0.0,0.0,0.8,0.5,0.011782598937144386
FAC-REG-019,IND_NORMAL,23.474881979185568,26.306189333249318,1.576377210133003,0.4742991263121946,1.0,1.8388373412297119,82.46726298482868,1.2948406569158277,0.0,3.0,0.0,0.0,0.0,0.8,0.5,0.01644334149230435
FAC-REG-015,IND_NORMAL,31.335173071476838,34.18329517522506,-0.9787636939842734,0.16193344353997,1.0,1.3907037212144233,17.51201685360622,0.9628976781939269,0.0,3.0,0.0,0.0,0.0,0.8,0.5,0.06734124507880632
FAC-REG-015,IND_NORMAL,41.38489712184379,47.26157234131859,-1.6197878178692289,0.41683844865259856,1.0,0.5714618861547599,134.09386966025704,1.2799843100725297,0.0,3.0,0.0,0.0,0.0,0.8,0.5,0.005637476069806218
FAC-REG-004,IND_NORMAL,19.547852244002982,23.949571476125765,0.1563782109440348,0.15558676465760177,1.0,1.137842278156541,18.31194318701644,-0.20590635718843964,0.0,3.0,1.0,0.0,0.0,0.8,0.5,0.05825143131434776
FAC-REG-006,IND_NORMAL,16.639032600029168,20.709200085245257,-1.0954986750013123,0.1660153854254148,1.0,0.9559137683825409,50.70999923571478,-0.49661020920148374,0.0,3.0,1.0,0.0,0.0,0.8,0.5,0.01928038733613397
FAC-REG-012,IND_NORMAL,21.72880449855135,25.69668928428093,0.9675853078348604,0.4272441819634519,1.0,1.1339437955204137,62.89239214759211,0.24817880825297156,0.0,3.0,1.0,0.0,0.0,0.8,0.5,0.016931586390206175
FAC-REG-019,IND_NORMAL,20.44841903269808,22.987871418577274,1.6077607869966002,0.40721288945347484,1.0,1.9772876041437137,138.71370762658955,0.40434896236422113,0.0,3.0,1.0,0.0,0.0,0.8,0.5,0.010137142275277988
FAC-REG-017,IND_NORMAL,26.42069043482597,29.931840166342344,1.0153188022768744,0.02992225706811414,1.0,0.9035294701974657,98.9561786210077,0.11834750764153967,0.0,3.0,1.0,0.0,0.0,0.8,0.5,0.009605682891561995
FAC-REG-017,IND_NORMAL,33.04661637899472,36.65900752835601,0.8576966562849688,0.38432253561052687,1.0,0.6537739460997116,98.32754998673698,0.6704482778594285,0.0,3.0,0.0,0.0,0.0,0.8,0.5,0.008223157085676254
FAC-REG-009,IND_NORMAL,28.46440937239818,30.792940402400077,-1.2792169834874083,0.06715279625075864,1.0,1.7052771626524015,32.501123046070575,-0.2122119085739821,0.0,3.0,1.0,0.0,0.0,0.8,0.5,0.04017899968013439
FAC-REG-017,IND_NORMAL,15.925737129242174,16.887318165378982,-1.4313182131844178,0.12242880702833098,1.0,1.497719291357608,38.430815040307145,-0.22658890029273443,0.0,3.0,1.0,0.0,0.0,0.8,0.5,0.031844586707520404
FAC-REG-016,IND_NORMAL,31.862183832077132,39.49056841189223,-0.01496498847055383,0.20264850073754936,1.0,0.7445530053973866,144.08254957985775,1.1892210437738602,0.0,3.0,0.0,0.0,0.0,0.8,0.5,0.005988753334287108
FAC-REG-019,IND_NORMAL,38.46513789273739,41.34527533841158,1.1901894421487977,0.31563771952482617,1.0,1.7649171364046037,28.382406707670775,0.7856554584294801,0.0,3.0,1.0,0.0,0.0,0.8,0.5,0.046807230012246584
FAC-REG-006,IND_NORMAL,31.39290948233542,39.03416512892049,-1.7933251133681556,0.2623018871861735,1.0,1.5776809209838252,156.92359915306207,-0.0877120926120829,0.0,3.0,1.0,0.0,0.0,0.8,0.5,0.008004262564258431
FAC-REG-003,IND_NORMAL,43.5740135006354,47.72859857938908,1.5173640807061122,0.40821919259049844,1.0,1.5157286186865104,117.00490326231457,0.22806423011610089,0.0,3.0,1.0,0.0,0.0,0.8,0.5,0.010522202691621593
FAC-REG-005,IND_NORMAL,17.126747276738563,19.054750298208976,1.7411883941813104,0.4283265250903262,1.0,1.9728585471148088,117.50288827748848,0.06927316822294749,0.0,3.0,0.0,0.0,0.0,0.8,0.5,0.011953619621286944
FAC-REG-001,IND_NORMAL,31.465759952320678,34.849164431240574,-0.7728936019114352,0.18942008165713115,1.0,1.431938673574415,68.12039423235322,1.1852078163576447,0.0,3.0,0.0,0.0,0.0,0.8,0.5,0.017566492581091626
FAC-REG-001,IND_NORMAL,23.57274973778118,26.79168829418902,0.7417755328876061,0.17957895543138175,1.0,0.5848784842200734,74.81873589815268,1.6722317401968976,0.0,3.0,1.0,0.0,0.0,0.8,0.5,0.010221684132754948
FAC-REG-007,IND_NORMAL,33.9684646091292,37.018779325533366,-0.3266645435908795,0.3804511032143928,1.0,0.6520593463297387,58.67926638307166,0.13553394947146324,0.0,3.0,0.0,0.0,0.0,0.8,0.5,0.013761281744018463
FAC-REG-008,IND_NORMAL,17.025076400514656,19.642515032210902,-1.2825412719511582,0.48592474179667716,1.0,0.6699552570911963,79.80496839674733,1.197135465119594,0.0,3.0,1.0,0.0,0.0,0.8,0.5,0.010256353233300165
FAC-REG-009,IND_NORMAL,21.133217218486404,24.386482694835223,-1.703831128350608,0.31063168122291424,1.0,1.2751849086922373,136.3471099519258,0.9506110836652055,0.0,3.0,1.0,0.0,0.0,0.8,0.5,0.008282103342260023
FAC-REG-006,IND_NORMAL,44.05611995099677,51.57770853149215,-1.6920821317401349,0.05628013464995214,1.0,1.927134831268349,61.94485277163205,-0.2882459320103065,0.0,3.0,1.0,0.0,0.0,0.8,0.5,0.02241046280751654
FAC-REG-003,IND_NORMAL,34.45514460356064,38.02057694116206,-1.9395572631420999,0.4832073773381465,1.0,0.8763395685366537,125.57241639282798,1.125248700721032,0.0,3.0,1.0,0.0,0.0,0.8,0.5,0.007454902352338999
FAC-REG-009,IND_NORMAL,30.772686586774046,33.84702794340808,-1.9919259290070643,0.10355920414948605,1.0,0.675599062136253,87.44623716183905,0.9081937467522425,0.0,3.0,0.0,0.0,0.0,0.8,0.5,0.00939947057399149
FAC-REG-019,IND_NORMAL,41.489814744893195,45.245743572446884,0.35034348443760743,0.35654700532038736,1.0,1.520167828170459,80.56948406560528,-0.4645917491099905,0.0,3.0,1.0,0.0,0.0,0.8,0.5,0.015302950941351015
FAC-REG-017,IND_NORMAL,31.259702246692978,38.69733265076565,-1.1180652261067836,0.3683484369747696,1.0,1.4258735312730886,136.2205826116604,-0.006263912863165411,0.0,3.0,1.0,0.0,0.0,0.8,0.5,0.008765925395933731
FAC-REG-010,IND_NORMAL,15.24959826681576,17.33447086076684,-1.6294980677945312,0.37922448784459106,1.0,1.8718229957728383,84.91552341507149,0.09503677695751411,0.0,3.0,0.0,0.0,0.0,0.8,0.5,0.01611184585565804
FAC-REG-009,IND_NORMAL,28.15154940092284,35.16839226604527,-1.0833121951433515,0.2825004636205014,1.0,1.5060132880734884,129.74576282472057,-0.03074326880126904,0.0,3.0,1.0,0.0,0.0,0.8,0.5,0.009458477131105923
FAC-REG-015,IND_NORMAL,37.16169452179699,39.12194086372733,-1.0064949585207992,0.122915111836719,1.0,0.9062094920554589,53.59004140702092,-0.3561895197914548,0.0,3.0,0.0,0.0,0.0,0.8,0.5,0.01776356832700109
FAC-REG-003,IND_NORMAL,21.46033144147658,25.096122639652556,0.3792128587111585,0.19865618807610522,1.0,0.9995523077080976,160.67400377433876,0.38155375117706314,0.0,3.0,0.0,0.0,0.0,0.8,0.5,0.006222388845173999
FAC-REG-013,IND_NORMAL,38.60308510071382,43.60178436052901,0.05444418617729818,0.14161144162863748,1.0,1.9814893885118776,60.97128447518544,1.2727078210827687,0.0,3.0,0.0,0.0,0.0,0.8,0.5,0.023087160976508897
FAC-REG-006,IND_NORMAL,38.99156291894583,43.54271108581581,1.4607733895912443,0.4593234487605551,1.0,1.789735753086914,17.88132968754335,1.3109586935117428,0.0,3.0,0.0,0.0,0.0,0.8,0.5,0.0748160277814828
FAC-REG-011,IND_NORMAL,34.13862788054216,41.53744582291117,-0.0022729205326585955,0.2768122422074878,1.0,0.7165814482005008,143.70987625981172,0.46459610683403474,0.0,3.0,1.0,0.0,0.0,0.8,0.5,0.00589041868038257
FAC-REG-011,IND_NORMAL,32.96536200238317,35.93948857217556,0.36093063660357094,0.21566377183023475,1.0,1.204288313065794,16.756294099648187,-0.01693249611255232,0.0,3.0,0.0,0.0,0.0,0.8,0.5,0.06549185047034632
FAC-REG-003,IND_NORMAL,27.29013160127978,32.23059355955746,-0.9590536080590826,0.09655628601985197,1.0,0.7406939214068397,23.842646868048302,-0.07301257872714106,0.0,3.0,1.0,0.0,0.0,0.8,0.5,0.03609648587180705
FAC-REG-007,IND_NORMAL,36.61696645933218,44.500512117845936,-0.21519511608982533,0.4068053756565599,1.0,0.5119466071181766,167.3262573033032,0.519604971889503,0.0,3.0,1.0,0.0,0.0,0.8,0.5,0.004276103786388078
FAC-REG-013,IND_NORMAL,24.23387495042237,29.87449567393661,1.8112600680100241,0.17683642017441958,1.0,1.0316374231895824,96.94653777488908,1.664577868827449,0.0,3.0,1.0,0.0,0.0,0.8,0.5,0.010476862402427777
FAC-REG-009,IND_NORMAL,17.329223279663438,21.06842352690403,-0.6044396998327057,0.27036771008545196,1.0,1.691728450472736,160.5752598998592,0.2929972661670881,0.0,3.0,0.0,0.0,0.0,0.8,0.5,0.00810003122251169
FAC-REG-009,IND_NORMAL,19.810962183592295,23.470623070921036,-1.282986977042877,0.3530958034448753,1.0,0.844397241130953,31.748618425236955,-0.11984567267119794,0.0,3.0,0.0,0.0,0.0,0.8,0.5,0.0289433350183566
FAC-REG-002,IND_NORMAL,30.956672370225427,37.39214474757844,-0.8128532719205976,0.279857412875489,1.0,1.0178449305049586,81.58575549606749,1.1845518890691376,0.0,3.0,1.0,0.0,0.0,0.8,0.5,0.012365921050472635
FAC-REG-010,IND_NORMAL,34.039177694621415,39.704275881345325,-1.5263398432962725,0.12170927861125236,1.0,0.9665037420990203,40.04441989734025,0.06057780980598604,0.0,3.0,0.0,0.0,0.0,0.8,0.5,0.024550467315463835
FAC-REG-015,IND_NORMAL,37.48171358403477,43.64304914722498,1.944986687805606,0.21907319694438607,1.0,1.6307976107553874,158.40669479125768,1.0616505339874962,0.0,3.0,0.0,0.0,0.0,0.8,0.5,0.008061697552866504
FAC-REG-010,IND_NORMAL,20.150817231163487,23.17389422513572,-0.35216761986359213,0.4378529438093044,1.0,1.4471283818275646,101.46068315788494,-0.2345923229884901,0.0,3.0,1.0,0.0,0.0,0.8,0.5,0.011856479327308024
FAC-REG-007,IND_NORMAL,19.285258944429955,22.918885789947645,-1.1749915446553896,0.20809249913025246,1.0,1.843512166428168,46.325152411027005,0.6679516471051918,0.0,3.0,0.0,0.0,0.0,0.8,0.5,0.029309347308970633
FAC-REG-017,IND_NORMAL,33.34009806649941,40.72365554542306,0.6929857574181262,0.21589714727644307,1.0,1.82842964636266,49.27927741177464,1.1436749322900654,0.0,3.0,1.0,0.0,0.0,0.8,0.5,0.027439411714011895
FAC-REG-009,IND_NORMAL,31.069697980427357,37.818767782396286,1.2855534516027771,0.42479656053818393,1.0,1.2276419899693103,68.04957050059343,1.3205838659601508,0.0,3.0,0.0,0.0,0.0,0.8,0.5,0.016282102289264282
FAC-REG-019,IND_NORMAL,39.6179627302976,44.80449805706467,-0.06262229483396542,0.026416487964509905,1.0,1.1146088546644086,120.82607113565747,-0.46433083955883797,0.0,3.0,0.0,0.0,0.0,0.8,0.5,0.008737769632360656
FAC-REG-002,IND_NORMAL,17.009208360758144,20.844276111344456,-0.44238024408449883,0.2800452628484304,1.0,1.9520987180761384,23.18287428958944,0.9911314171398196,0.0,3.0,0.0,0.0,0.0,0.8,0.5,0.06026755985711959
FAC-REG-002,IND_NORMAL,30.401046306747467,37.935749571190094,-1.0738062561398047,0.4724220510449145,1.0,0.5642563326786698,86.99299756421672,-0.33899192209394874,0.0,3.0,1.0,0.0,0.0,0.8,0.5,0.008634832652312699
FAC-REG-008,IND_NORMAL,17.06141033171883,19.175572261192105,-0.14304592104310032,0.36691412107462623,1.0,1.485094227082412,131.07263007849792,-0.48076353168322866,0.0,3.0,0.0,0.0,0.0,0.8,0.5,0.009297474394101182
FAC-REG-017,IND_NORMAL,26.197234691377012,30.81836758247239,-1.6185135909077655,0.06976571875245272,1.0,0.57298649549257,109.6105356870184,0.47996324854002304,0.0,3.0,1.0,0.0,0.0,0.8,0.5,0.006905893760838718
FAC-REG-016,IND_NORMAL,37.55240977187521,45.46096283123408,0.07203226561849929,0.0873557687328872,1.0,1.506736210069533,116.23959588873106,1.2071823305579004,0.0,3.0,0.0,0.0,0.0,0.8,0.5,0.01056001466353507
FAC-REG-009,IND_NORMAL,25.408879792036753,28.665053920371143,-1.3652845052412603,0.1439508894397568,1.0,1.4081176362613808,84.77140270094796,1.2808961707725688,0.0,3.0,1.0,0.0,0.0,0.8,0.5,0.01399813248408421
FAC-REG-010,IND_NORMAL,24.2071353958371,27.42654504494191,0.8511107048673239,0.2053817565521747,1.0,1.3827574027384832,43.14262688586193,0.8794740244321453,0.0,3.0,1.0,0.0,0.0,0.8,0.5,0.02725626926764347
FAC-REG-012,IND_NORMAL,36.73033218988619,44.04520266841975,0.23170978060280278,0.3006406832795959,1.0,0.700475872115777,86.56834365477859,0.5367854529386367,0.0,3.0,1.0,0.0,0.0,0.8,0.5,0.009668018710612238
FAC-REG-017,IND_NORMAL,23.158381182553462,27.523082609980168,-0.9437520612251249,0.47075287013614,1.0,1.4545614223000616,66.51798242945748,0.11987728327222702,0.0,3.0,0.0,0.0,0.0,0.8,0.5,0.018131217365969503
FAC-REG-014,IND_NORMAL,21.56146838993782,25.206664319579172,-0.9414598922985706,0.3377450935010569,1.0,1.7224095928108087,142.70824084830173,1.2499580611407979,0.0,3.0,0.0,0.0,0.0,0.8,0.5,0.009196427789953466
FAC-REG-005,IND_NORMAL,37.43515723236216,40.43452269886905,-1.1310764541879568,0.242715263102924,1.0,0.8960065249391989,81.7604833521188,1.5434674528227172,0.0,3.0,1.0,0.0,0.0,0.8,0.5,0.011577429255470664
FAC-REG-014,IND_NORMAL,35.00542173916974,39.01723452040956,1.5916767478306633,0.4462967306883372,1.0,0.9879359275426216,163.36143047599862,1.791162649047191,0.0,3.0,1.0,0.0,0.0,0.8,0.5,0.006084359432767773
FAC-REG-002,IND_NORMAL,37.44014209114211,45.39777187733975,0.8273514231221646,0.4842865220126555,1.0,1.7399780861909606,163.71974628325844,1.6472134919525905,0.0,3.0,1.0,0.0,0.0,0.8,0.5,0.00805695292925179
FAC-REG-010,IND_NORMAL,15.171557440823678,17.34359574735278,0.28464919448944404,0.1659345307750398,1.0,0.9771566703552081,173.47478183930775,1.5509349899663154,0.0,3.0,1.0,0.0,0.0,0.8,0.5,0.005698305780644976
FAC-REG-011,IND_NORMAL,15.410956512267436,16.428764648169892,-0.7512145271295854,0.027556598237924952,1.0,0.5257246728727971,165.98935467592506,1.1241645548738242,0.0,3.0,0.0,0.0,0.0,0.8,0.5,0.004368164079373967
FAC-REG-015,IND_NORMAL,30.349071536852314,31.89897531733826,1.753654975432576,0.21911125730669465,1.0,1.1035024328559992,77.6197260737394,-0.34054484010814107,0.0,3.0,1.0,0.0,0.0,0.8,0.5,0.013533637564304833
FAC-REG-019,IND_NORMAL,28.26881416353406,33.68170973846523,-0.44307811323284607,0.1298602219920795,1.0,1.3952778153316392,167.93459248314386,1.637020896035564,0.0,3.0,0.0,0.0,0.0,0.8,0.5,0.0070338026632211495
FAC-REG-005,IND_NORMAL,33.992179604985395,38.882194131879594,-0.22776255067831563,0.25719088190618367,1.0,1.7915679492549679,89.47603941065688,1.6618431215305915,0.0,3.0,1.0,0.0,0.0,0.8,0.5,0.014959252406863787
FAC-REG-011,IND_NORMAL,39.984957056072275,44.88256508298977,1.4545656851864641,0.07283037641653531,1.0,1.8875707630145218,118.11611053392579,-0.37490127839868426,0.0,3.0,1.0,0.0,0.0,0.8,0.5,0.011631681006506087
FAC-REG-009,IND_NORMAL,17.094019638438866,19.845089141197104,0.9911773990374897,0.408924121615775,1.0,1.1207411979811939,46.29998194026482,-0.4026127588235172,0.0,3.0,1.0,0.0,0.0,0.8,0.5,0.022865033748931094
FAC-REG-017,IND_NORMAL,40.12101239310452,43.48899829003913,-1.9234205280126533,0.39396924146997764,1.0,1.414546137728924,129.53944769651645,1.4277564424738778,0.0,3.0,1.0,0.0,0.0,0.8,0.5,0.009181349454889354
FAC-REG-006,IND_NORMAL,31.078052365563547,35.668253554272454,-0.3924512004370797,0.09377170056521818,1.0,1.3589108493230335,58.538104086764434,1.6190072780898435,0.0,3.0,1.0,0.0,0.0,0.8,0.5,0.019913923317551308
FAC-REG-008,IND_NORMAL,17.847253238020386,20.860165065756398,0.8105608234329154,0.05193325194121051,1.0,0.8461919808897976,165.83293501995718,0.9175233321356615,0.0,3.0,0.0,0.0,0.0,0.8,0.5,0.005547070243181251
FAC-REG-014,IND_NORMAL,34.77136230396697,37.97889412762047,1.4519873254354883,0.4453248489503399,1.0,0.7949803774294381,135.8875824094738,0.15899496253238277,0.0,3.0,1.0,0.0,0.0,0.8,0.5,0.0065614289792907884
FAC-REG-003,IND_NORMAL,21.016589335357995,22.976289652936146,0.7648472375461615,0.309458986425576,1.0,1.4284873470478823,170.04991434783616,1.2845965254568035,0.0,3.0,0.0,0.0,0.0,0.8,0.5,0.007028485957053758
FAC-REG-007,IND_NORMAL,28.06180938527207,31.687179580000635,0.6772344366475167,0.44810868956315003,1.0,0.959077195284182,104.7153589187592,1.3156416704012468,0.0,3.0,0.0,0.0,0.0,0.8,0.5,0.00935225622290305
FAC-REG-002,IND_NORMAL,29.24852895791245,31.033990905224346,1.7695338160091074,0.055914178493587055,1.0,1.1576850728758672,101.02005186287239,1.7661988142607563,0.0,3.0,0.0,0.0,0.0,0.8,0.5,0.01065093243319473
FAC-REG-008,IND_NORMAL,28.192214595237257,31.171390119315916,1.1931727888367467,0.17660188065975044,1.0,0.9490750605580225,51.06100669091564,-0.20173835008425872,0.0,3.0,0.0,0.0,0.0,0.8,0.5,0.0190792328264832
FAC-REG-017,IND_NORMAL,25.610900597422017,28.440797697058017,1.9014931085856834,0.10165540030845512,1.0,1.8473570959298526,142.50295979950118,-0.32409610235157993,0.0,3.0,1.0,0.0,0.0,0.8,0.5,0.009537873140955172
FAC-REG-002,IND_NORMAL,39.879427023772784,47.50976144991853,0.46887522351160316,0.09487081457548792,1.0,1.2177441743839428,143.1334125170519,0.1983350577308325,0.0,3.0,0.0,0.0,0.0,0.8,0.5,0.007709691577654199
FAC-REG-012,IND_NORMAL,23.20921253582315,26.634123238885596,-1.6709107028917525,0.24060034746253905,1.0,0.9596952020642304,150.16004347913952,-0.36894892790605294,0.0,3.0,0.0,0.0,0.0,0.8,0.5,0.00652397482394249
FAC-REG-009,IND_NORMAL,20.72177962772684,23.19621859253746,0.18895008168257243,0.49605098287003974,1.0,1.4963025696076784,45.47332034059676,-0.3965886843394324,0.0,3.0,0.0,0.0,0.0,0.8,0.5,0.026900047351972167
FAC-REG-013,IND_NORMAL,44.68353392895169,54.867083888495614,-0.5141309495024928,0.1136799282649522,1.0,1.2340888061098831,136.5957639084551,0.6329088627325843,0.0,3.0,0.0,0.0,0.0,0.8,0.5,0.0081327229014901
FAC-REG-019,IND_NORMAL,34.74247754247571,37.292656864216205,1.1988716544748783,0.07915163634383593,1.0,1.5477959378137056,81.91242176362194,0.6818566895261751,0.0,3.0,1.0,0.0,0.0,0.8,0.5,0.015188227199734788
FAC-REG-013,IND_NORMAL,43.543344769892755,47.2488104954466,0.2709092717242183,0.2980709439977302,1.0,1.2344366930753672,120.31720176090552,0.028601469334522345,0.0,3.0,1.0,0.0,0.0,0.8,0.5,0.009234357594839194
FAC-REG-013,IND_NORMAL,34.850017788875675,37.576847278071924,0.28350966735790495,0.10892977058399538,1.0,0.9179645946725545,48.74324645436198,-0.07947310630172066,0.0,3.0,1.0,0.0,0.0,0.8,0.5,0.01965615256428315
FAC-REG-006,IND_NORMAL,44.09779576035572,51.3409510542237,-1.4279955093370944,0.199783156822199,1.0,1.696598395022321,73.72164242110784,-0.2998603979035859,0.0,3.0,1.0,0.0,0.0,0.8,0.5,0.01766829019419917
FAC-REG-005,IND_NORMAL,20.253694203910598,23.991572668410512,-1.1179829462574116,0.12473961658504268,1.0,1.8111076599577778,53.944384060358665,0.1054688969914257,0.0,3.0,0.0,0.0,0.0,0.8,0.5,0.02494743472873499
FAC-REG-010,IND_NORMAL,38.77784439627404,45.582029382133065,1.001063055755369,0.09298331236375607,1.0,1.187485391881363,71.00485707459518,-0.2843139896088621,0.0,3.0,0.0,0.0,0.0,0.8,0.5,0.01534709142580515
FAC-REG-018,IND_NORMAL,43.45508829654584,53.83794927181634,0.4397662343842068,0.46377078499131197,1.0,1.6787189682025598,111.11124431070387,-0.4851990135573699,0.0,3.0,1.0,0.0,0.0,0.8,0.5,0.011660870911272703
FAC-REG-016,IND_NORMAL,33.457609598472416,40.21888602828788,0.05168865909906284,0.35795997023424275,1.0,1.90275813008974,75.1352426621425,1.1286802202714383,0.0,3.0,0.0,0.0,0.0,0.8,0.5,0.018358961020819166
FAC-REG-011,IND_NORMAL,15.913910589268804,17.36032074263584,-0.6383537755429614,0.26507876358058874,1.0,1.4226937108117998,164.98176049202286,0.6726642219660526,0.0,3.0,1.0,0.0,0.0,0.8,0.5,0.007229691607501382
FAC-REG-001,IND_NORMAL,40.589459859917746,50.15544986024056,1.9855931747162217,0.402083553165096,1.0,1.6306011056420069,48.20412748974857,0.27281623567725,0.0,3.0,0.0,0.0,0.0,0.8,0.5,0.02649046854318106
FAC-REG-013,IND_NORMAL,18.347789998717424,21.49744318630677,-0.8758009993324434,0.10327810417041057,1.0,1.0696272843789763,146.64289040545623,0.4018152268805171,0.0,3.0,1.0,0.0,0.0,0.8,0.5,0.00705269696902682
FAC-REG-011,IND_NORMAL,34.545470499866774,37.72905289298042,0.22582482330182563,0.43111683332603534,1.0,1.7525989181825299,167.79567033849793,0.34153736198082496,0.0,3.0,0.0,0.0,0.0,0.8,0.5,0.00788970053381861
FAC-REG-013,IND_NORMAL,39.8057568291826,45.97354450911314,1.100976207339797,0.13252428800552704,1.0,1.0176256182698507,17.05745053150158,1.711432346520458,0.0,3.0,1.0,0.0,0.0,0.8,0.5,0.05913980597343784
FAC-REG-019,IND_NORMAL,34.11284102473327,39.893551352129144,0.6135339939147224,0.11230875009614119,1.0,0.9434818124187279,116.09547572674694,0.879143407457819,0.0,3.0,1.0,0.0,0.0,0.8,0.5,0.00836664748018436
FAC-REG-017,IND_NORMAL,23.44848126316895,29.138772611059267,-1.9588620162572319,0.36370398715622937,1.0,1.5593692438328932,116.61184287956597,1.777250345999791,0.0,3.0,0.0,0.0,0.0,0.8,0.5,0.010708578466502746
FAC-REG-003,IND_NORMAL,19.267657193304462,21.437824296652437,1.3981368619516052,0.0627150631310464,1.0,1.9875441100586777,102.8884870198473,1.7651452111243162,0.0,3.0,1.0,0.0,0.0,0.8,0.5,0.013702241163815083
FAC-REG-018,IND_NORMAL,42.85891686346182,45.5316714422625,-1.630557887554486,0.0981396748189901,1.0,1.3928192511903121,37.279341529007574,1.7265756773366867,0.0,3.0,0.0,0.0,0.0,0.8,0.5,0.03165768457902226
FAC-REG-002,IND_NORMAL,20.681802536545383,21.73668429707575,-1.7596143584873194,0.4542878440064566,1.0,1.4712746972650446,57.87082404707154,-0.0924572476742605,0.0,3.0,0.0,0.0,0.0,0.8,0.5,0.020959803971243626
FAC-REG-003,IND_NORMAL,37.71144344095876,40.01640851017824,-1.9724881511214027,0.12197469305382702,1.0,1.4952853908701784,81.0811781322677,0.42553439638841695,0.0,3.0,1.0,0.0,0.0,0.8,0.5,0.015081411662585961
FAC-REG-012,IND_NORMAL,42.275257921607576,47.042876145810126,0.764223250957047,0.15038392701169742,1.0,0.7859147496116747,43.01825283435803,0.2868475279862662,0.0,3.0,0.0,0.0,0.0,0.8,0.5,0.020607957592286938
FAC-REG-017,IND_NORMAL,39.674839478706815,43.03405301295081,-0.056730284349474136,0.07612329705218791,1.0,1.5232297423424526,171.58314426534076,-0.18469424641886006,0.0,3.0,1.0,0.0,0.0,0.8,0.5,0.007192967259718806
FAC-REG-005,IND_NORMAL,25.653949432614375,27.168810985636565,-1.1283651669919461,0.027284903497676913,1.0,1.3721256583730308,29.783343627488687,1.5079446062683468,0.0,3.0,1.0,0.0,0.0,0.8,0.5,0.03932995871882133
FAC-REG-003,IND_NORMAL,27.325712755214894,31.755646960402814,1.770636707866522,0.05971233901936196,1.0,0.8809066578855442,143.03803892097145,-0.2729044241698686,0.0,3.0,0.0,0.0,0.0,0.8,0.5,0.006561655101771161
FAC-REG-005,IND_NORMAL,18.561272865273345,23.12945539363529,-1.1412164501465782,0.05227240644346935,1.0,1.3922710692528644,136.1296017583495,-0.42538007409147,0.0,3.0,1.0,0.0,0.0,0.8,0.5,0.008667808851430692
FAC-REG-012,IND_NORMAL,18.097950266251452,19.627313488507255,0.27189718926432205,0.1622516544863784,1.0,1.9074735929769742,149.54835855332053,1.7622045749814248,0.0,3.0,0.0,0.0,0.0,0.8,0.5,0.009235227889068305
FAC-REG-015,IND_NORMAL,19.32927602164809,20.743024365765617,-1.8909999521967396,0.2713215129062974,1.0,0.8273898090405942,178.2245366509781,0.8212045385060731,0.0,3.0,0.0,0.0,0.0,0.8,0.5,0.005103728805136643
FAC-REG-010,IND_NORMAL,25.776262409480708,31.310695190166417,1.2827846430671173,0.24912819109875262,1.0,1.0262286640025233,72.91004582192788,1.353143409036901,0.0,3.0,0.0,0.0,0.0,0.8,0.5,0.013894236895808302
FAC-REG-013,IND_NORMAL,17.540650256259205,20.054902931159265,-0.07147160432063249,0.42363618099339545,1.0,0.831858044669096,76.00653397629118,1.359333199455489,0.0,3.0,1.0,0.0,0.0,0.8,0.5,0.011999790999955618
FAC-REG-013,IND_NORMAL,28.773720698600428,31.957739436555148,1.7302195136772482,0.07694900755595854,1.0,1.900624134502205,126.88956390833766,0.7226159511794816,0.0,3.0,0.0,0.0,0.0,0.8,0.5,0.010864811979294517
FAC-REG-005,IND_NORMAL,24.354064108673057,26.7883607654636,0.6166406171443937,0.3172347353857192,1.0,0.9981646749621869,167.92110836564413,1.443183353226155,0.0,3.0,0.0,0.0,0.0,0.8,0.5,0.005949710109502969
FAC-REG-012,IND_NORMAL,18.490754554934878,21.681503760119995,1.7539286328566184,0.3376533115863865,1.0,0.6152045724716323,71.58392243749392,0.7665257727139585,0.0,3.0,0.0,0.0,0.0,0.8,0.5,0.01095706619809898
FAC-REG-016,IND_NORMAL,16.403575349153055,18.272441431509705,-0.24729313333457892,0.451644972283851,1.0,1.943392169913735,86.61136141138383,1.2250653479270395,0.0,3.0,1.0,0.0,0.0,0.8,0.5,0.01609553286302474
FAC-REG-014,IND_NORMAL,23.342985451990693,25.52301602277404,-0.8479786163038354,0.2870374434833981,1.0,0.5437327790331334,164.41782265187618,-0.1405474680355147,0.0,3.0,0.0,0.0,0.0,0.8,0.5,0.004484808102265866
FAC-REG-013,IND_NORMAL,36.303442990118384,38.813673995906534,-0.7292212098113513,0.48496381067569144,1.0,0.8935144501714185,64.59242437060868,1.423946528421477,0.0,3.0,0.0,0.0,0.0,0.8,0.5,0.014634207371547242
FAC-REG-012,IND_NORMAL,42.49261633596198,50.01733084885912,0.5192826177388308,0.21354110392823492,1.0,1.6285968234556818,101.25739508295656,1.0581075638250772,0.0,3.0,0.0,0.0,0.0,0.8,0.5,0.012603177158310086
FAC-REG-002,IND_NORMAL,39.73414552813647,42.88455671063367,1.331718862296912,0.2793423352593475,1.0,1.7669988636353364,84.45868666529046,0.37179311638098045,0.0,3.0,1.0,0.0,0.0,0.8,0.5,0.01573887953302061
FAC-REG-010,IND_NORMAL,40.32636975858429,46.246446762068686,0.05638177020503887,0.16806477511495233,1.0,1.3595633009285235,66.63548097440349,-0.40968034724419966,0.0,3.0,0.0,0.0,0.0,0.8,0.5,0.017498232378664193
FAC-REG-011,IND_NORMAL,36.38537987582865,43.27455212707185,-0.7026167692197771,0.13227052710665765,1.0,0.8163293415211822,156.0081983860109,1.3869816865957458,0.0,3.0,0.0,0.0,0.0,0.8,0.5,0.005791422936770309
FAC-REG-001,IND_NORMAL,27.00636827549016,32.58749344869659,-0.9362861974715249,0.49535950582095123,1.0,0.5386543981465267,113.39283949218832,1.0168637577980522,0.0,3.0,1.0,0.0,0.0,0.8,0.5,0.006472461479504132
FAC-REG-017,IND_NORMAL,24.134775982468526,26.29771296542706,-1.737231534041363,0.4458172722673752,1.0,1.1297730465294764,95.47844710800821,1.6089667108621062,0.0,3.0,1.0,0.0,0.0,0.8,0.5,0.011132437300510138
FAC-REG-002,IND_NORMAL,20.12809207262545,22.81778803542258,1.029131913102003,0.4510230304869385,1.0,0.6261914933890742,78.04145646997938,-0.2694352034373838,0.0,3.0,0.0,0.0,0.0,0.8,0.5,0.010139772610803174
FAC-REG-014,IND_NORMAL,19.788747042965017,22.106497205251646,-1.6927702357228749,0.13279725321665195,1.0,1.745226474496877,171.30625834873334,0.20058541828063803,0.0,3.0,0.0,0.0,0.0,0.8,0.5,0.007711745111804614
FAC-REG-002,IND_NORMAL,42.79391393868555,48.52510925684992,-1.7975101109237035,0.038908080172553317,1.0,1.3609247991035156,78.00637829405407,-0.4340994165713946,0.0,3.0,1.0,0.0,0.0,0.8,0.5,0.014955018313158906
FAC-REG-006,IND_NORMAL,38.44846437589197,42.783194325310404,-1.0085065650863054,0.3549038276255806,1.0,1.0461691625157492,107.12412264643959,-0.48560781663911845,0.0,3.0,0.0,0.0,0.0,0.8,0.5,0.009548027894771506
FAC-REG-015,IND_NORMAL,23.14476007628134,28.487696886138416,-0.5011121179704943,0.2839369101325785,1.0,0.5758596557363433,83.58836797597478,1.4144361412202884,0.0,3.0,1.0,0.0,0.0,0.8,0.5,0.009078466194288884
FAC-REG-017,IND_NORMAL,21.78237213031688,26.432060427775433,1.721593680677302,0.06577324221104171,1.0,1.175087959139338,68.69231886599047,1.5025834475521105,0.0,3.0,0.0,0.0,0.0,0.8,0.5,0.015780727148183314
FAC-REG-016,IND_NORMAL,24.959948827132955,29.51661848590741,1.482535525933962,0.38436172762670645,1.0,1.5912938453376424,93.37771918094268,1.095752781025047,0.0,3.0,1.0,0.0,0.0,0.8,0.5,0.01350927149513498
FAC-REG-013,IND_NORMAL,32.15987634850778,38.9483909894088,1.0406437191606361,0.09387195425301137,1.0,0.7238742046122109,57.05329378114544,0.33047187058438554,0.0,3.0,0.0,0.0,0.0,0.8,0.5,0.014912512762316947
FAC-REG-016,IND_NORMAL,20.13884873465011,24.478192872835614,0.33935452675552824,0.18201558362423306,1.0,1.704276813493319,53.415344147181145,1.7448752067804687,0.0,3.0,0.0,0.0,0.0,0.8,0.5,0.024440159560265046
FAC-REG-015,IND_NORMAL,23.918616128439794,26.2147733974589,-0.35478411173507496,0.1354551608864714,1.0,1.5085757649375555,150.77886700411196,1.0481119010957989,0.0,3.0,1.0,0.0,0.0,0.8,0.5,0.008145975277615063
FAC-REG-018,IND_NORMAL,16.358839308392323,19.32432343340722,0.14060933472140125,0.059371368901506,1.0,0.5524088696089826,178.2790774527682,-0.4309509360571347,0.0,3.0,0.0,0.0,0.0,0.8,0.5,0.004168981265342865
FAC-REG-007,IND_NORMAL,18.518404434013352,20.070475533210065,-0.59277997435859,0.38560442058255806,1.0,1.2606236360904002,119.16751492489755,1.7659014767085517,0.0,3.0,1.0,0.0,0.0,0.8,0.5,0.009421820803838344
FAC-REG-010,IND_NORMAL,27.82459362270804,31.05383063445479,0.25692726673814414,0.4282757734472557,1.0,0.8022925670094693,168.98475051057815,1.084901603620928,0.0,3.0,1.0,0.0,0.0,0.8,0.5,0.0053005247832380985
FAC-REG-004,IND_NORMAL,33.09576496844002,38.21634534604391,-0.9856635320145233,0.24605602821080694,1.0,1.2383484727736125,44.761508713687455,0.9998140423277964,0.0,3.0,1.0,0.0,0.0,0.8,0.5,0.024860892759174517
FAC-REG-007,IND_NORMAL,22.5907902276076,27.63107738441825,-1.5886296313700932,0.08045849426209196,1.0,1.9687273326509234,125.20493490936079,1.4478406161865913,0.0,3.0,0.0,0.0,0.0,0.8,0.5,0.011206534659044464
FAC-REG-010,IND_NORMAL,41.687298549914765,51.64162751000883,1.0633161569396394,0.022594363362881537,1.0,0.5020194064348455,75.52092932429173,-0.17019064897494718,0.0,3.0,0.0,0.0,0.0,0.8,0.5,0.009381945966803295
FAC-REG-010,IND_NORMAL,35.770629184632426,39.228453018982584,0.5013206798178156,0.3785975682219339,1.0,0.8280708333598088,22.070474544699792,-0.19876039111339966,0.0,3.0,1.0,0.0,0.0,0.8,0.5,0.04123082955871198
FAC-REG-018,IND_NORMAL,16.349904637062732,19.56806048381796,-0.6347254161997915,0.2496936175613708,1.0,1.8932893247683484,67.77121279562203,0.5702749480608178,0.0,3.0,0.0,0.0,0.0,0.8,0.5,0.020303141223526843
FAC-REG-002,IND_NORMAL,40.26046984520232,46.1603475827998,1.1098218687295422,0.34296662407450146,1.0,1.5863817912486997,94.75663287726476,0.9568470025568923,0.0,3.0,1.0,0.0,0.0,0.8,0.5,0.013292119536265745
FAC-REG-002,IND_NORMAL,16.512503208066278,20.27862315937649,0.30752480524483383,0.2906813920426994,1.0,1.2504178028116404,23.65820643190281,-0.29328324100683045,0.0,3.0,1.0,0.0,0.0,0.8,0.5,0.04726566333148363
FAC-REG-014,IND_NORMAL,39.006190430507374,47.6890389908625,-1.3972500519966649,0.42876527326602515,1.0,1.987180351764188,134.1089236161039,1.3049702681974722,0.0,3.0,1.0,0.0,0.0,0.8,0.5,0.010511409739723547
FAC-REG-001,IND_NORMAL,40.12592502228167,47.06358332053379,0.32478169488382624,0.14174506664673836,1.0,1.63450140437433,25.72010234449617,1.6258602628277208,0.0,3.0,0.0,0.0,0.0,0.8,0.5,0.0497072751479159
FAC-REG-019,IND_NORMAL,32.80384148114172,34.55060302242897,0.9151122178025899,0.17529459799303593,1.0,1.4975839835099467,105.50517598836176,0.2882811284841864,0.0,3.0,0.0,0.0,0.0,0.8,0.5,0.011599034150114412
FAC-REG-012,IND_NORMAL,42.72762823809347,48.80067549592437,-0.0041155323449362236,0.1727657798651484,1.0,1.841397677384621,120.3436880891158,0.1629786274849475,0.0,3.0,0.0,0.0,0.0,0.8,0.5,0.011275880863322351
FAC-REG-011,IND_NORMAL,15.000921565361473,17.88751003743818,-0.5736152960551775,0.14215103917676492,1.0,0.5193462046842882,102.77030033593195,1.457646691479758,0.0,3.0,1.0,0.0,0.0,0.8,0.5,0.007012305935359849
FAC-REG-003,IND_NORMAL,41.96363669212043,48.70393648743768,1.2490324839613676,0.20434046642772818,1.0,1.4994017922185576,178.12436927337964,0.019173764829993,0.0,3.0,0.0,0.0,0.0,0.8,0.5,0.0068744138420190545
FAC-REG-001,IND_NORMAL,24.44755333766687,26.142476952762177,-1.2924121967040643,0.49392135611818205,1.0,1.1661553353599279,101.35445677284278,1.509322616095595,0.0,3.0,1.0,0.0,0.0,0.8,0.5,0.010654555880191914
FAC-REG-014,IND_NORMAL,28.9144274918304,32.21083019445159,-0.09415491504240192,0.1727859654523267,1.0,1.2335536629614299,156.4054746822134,0.86229315344282,0.0,3.0,1.0,0.0,0.0,0.8,0.5,0.007101123617110704
FAC-REG-001,IND_NORMAL,33.97188769396526,36.54237643436511,0.3139700329173203,0.35284262146702833,1.0,1.5509172445916775,138.58331459081225,1.5075766696010282,0.0,3.0,0.0,0.0,0.0,0.8,0.5,0.008986350797615873
FAC-REG-006,IND_NORMAL,17.775013138168912,21.43790249758703,0.6948069341686258,0.3883994386835386,1.0,0.9612946932356845,94.6651542162433,1.3319695953645292,0.0,3.0,0.0,0.0,0.0,0.8,0.5,0.010357098955747006
FAC-REG-008,IND_NORMAL,18.766493696954313,23.321046454085796,-1.5678217624943716,0.24967571365145078,1.0,1.3783455931899529,102.95090271244963,-0.3021260388242306,0.0,3.0,0.0,0.0,0.0,0.8,0.5,0.011403781880897036
FAC-REG-007,IND_NORMAL,44.26419084942066,50.67510017272458,-1.7332244743782046,0.04308430899777701,1.0,0.9434975589074287,168.66749101121175,0.7033900264330122,0.0,3.0,0.0,0.0,0.0,0.8,0.5,0.005758892951014022
FAC-REG-006,IND_NORMAL,22.56935781209061,25.087064039837568,0.45455161195753524,0.4510089408529937,1.0,1.714886630454349,109.96587680873003,1.179509950841673,0.0,3.0,0.0,0.0,0.0,0.8,0.5,0.011908574168326896
FAC-REG-011,IND_NORMAL,42.23206299532538,52.76107086016647,0.8017271966260155,0.3898146661155151,1.0,1.0059542547012295,170.18491125930086,0.7183421220492454,0.0,3.0,1.0,0.0,0.0,0.8,0.5,0.005893429102674591
FAC-REG-016,IND_NORMAL,16.706441933329398,20.102952849749354,0.8084298164551704,0.17904906499343215,1.0,1.5134943533106096,78.51745400091957,1.2393837202715987,0.0,3.0,0.0,0.0,0.0,0.8,0.5,0.015668383532887256
FAC-REG-011,IND_NORMAL,26.100735724284476,30.279316186066914,1.160059366239528,0.17263162464336074,1.0,1.3695967492012882,70.06499892083545,1.3762696306607463,0.0,3.0,0.0,0.0,0.0,0.8,0.5,0.01670302913317005
FAC-REG-001,IND_NORMAL,30.177949629586752,32.66414797866973,0.6324088722259682,0.4989197067248963,1.0,1.1776092139721657,71.59439753067572,0.4216195837192732,0.0,3.0,0.0,0.0,0.0,0.8,0.5,0.015157289957231332
FAC-REG-019,IND_NORMAL,15.005595845119894,17.59850115298489,0.4657127094874802,0.23957266681754633,1.0,1.0954219594014392,88.50436676074207,0.45440900298326503,0.0,3.0,1.0,0.0,0.0,0.8,0.5,0.01182567725989416
FAC-REG-017,IND_NORMAL,43.63697786576432,47.140436469117255,-0.09033524207858523,0.3088672322938147,1.0,1.37260497113178,79.44557888695927,0.27759414154240114,0.0,3.0,0.0,0.0,0.0,0.8,0.5,0.014746978592525007
FAC-REG-002,IND_NORMAL,16.142589017979578,18.951298018244604,0.7927937227059991,0.12315993506562521,1.0,0.5629461101654514,73.09242029846753,-0.2732332704435461,0.0,3.0,0.0,0.0,0.0,0.8,0.5,0.010265049984244068
FAC-REG-019,IND_NORMAL,23.86403773880278,27.58668606945919,0.7135675420120524,0.3045300516176887,1.0,0.7225405059342752,40.91045345204124,1.5211692745237033,0.0,3.0,1.0,0.0,0.0,0.8,0.5,0.020777668174289134
FAC-REG-004,IND_NORMAL,33.43200022293971,38.605023322543325,-0.7235060407181497,0.24555937857612575,1.0,1.2537363152403982,45.729523759122,0.22452385646648254,0.0,3.0,1.0,0.0,0.0,0.8,0.5,0.024485356087636297
FAC-REG-012,IND_NORMAL,39.859587183548676,48.09832118961417,-0.8917230011464015,0.47162248138841806,1.0,0.6865187621463056,159.02244792835356,1.7331625740906227,0.0,3.0,0.0,0.0,0.0,0.8,0.5,0.005210360476857393
FAC-REG-006,IND_NORMAL,33.10002588636104,40.06218135214334,-0.12192533861746524,0.2228748962187,1.0,1.9934567503922125,13.762931711510667,1.5586501643578652,0.0,3.0,0.0,0.0,0.0,0.8,0.5,0.10258702932253444
FAC-REG-012,IND_NORMAL,43.51598462863227,45.88382989743822,1.9300850890241548,0.06134342675056656,1.0,1.721580168903142,59.0962384286373,-0.19598678716609502,0.0,3.0,0.0,0.0,0.0,0.8,0.5,0.022202597579717223
FAC-REG-007,IND_NORMAL,26.42855535070425,28.03840010084608,0.39784455863486645,0.4531535725331239,1.0,1.0748230489208774,48.34390664197894,0.5179278956454754,0.0,3.0,0.0,0.0,0.0,0.8,0.5,0.021445034188993024
FAC-REG-011,IND_NORMAL,39.7902243285056,46.45906961395692,-0.5875884442464421,0.40389601493397603,1.0,1.3320305371825507,150.7566278364027,0.9523552229409473,0.0,3.0,1.0,0.0,0.0,0.8,0.5,0.0076556254261754735
FAC-REG-016,IND_NORMAL,40.98877307946544,44.387795191103436,-0.3395002418611157,0.0268788348161606,1.0,1.2175032225058338,15.531545930004482,1.3851019720513396,0.0,3.0,1.0,0.0,0.0,0.8,0.5,0.07104284980800953
FAC-REG-005,IND_NORMAL,37.91076808050961,43.774816081744106,-1.0929094987214172,0.3399305488126568,1.0,0.6201585899144033,86.22806240672837,-0.12425645568363358,0.0,3.0,0.0,0.0,0.0,0.8,0.5,0.009132774918958269
FAC-REG-015,IND_NORMAL,32.94027351986249,37.12436420989592,1.4192231151970458,0.4771593468783889,1.0,1.8253470925552855,57.464159108524235,-0.053425401194010846,0.0,3.0,0.0,0.0,0.0,0.8,0.5,0.02351124750072102
FAC-REG-019,IND_NORMAL,16.86124250869663,17.944259265617738,0.2954633987083852,0.2916888439461541,1.0,1.8170502692666854,105.7227775108923,1.7075193469311554,0.0,3.0,0.0,0.0,0.0,0.8,0.5,0.012750138634189475
FAC-REG-015,IND_NORMAL,38.334337333753524,46.55581918070638,1.611055151858035,0.2719519936284024,1.0,1.1767897871760855,67.50576757582357,0.8551936130000675,0.0,3.0,0.0,0.0,0.0,0.8,0.5,0.016069729469215074
FAC-REG-017,IND_NORMAL,17.31562590679404,18.769747403386006,-1.4922223449801093,0.07917621406349448,1.0,1.277842532998601,53.30237033889125,0.3237213480170321,0.0,3.0,1.0,0.0,0.0,0.8,0.5,0.02120763046521578
FAC-REG-015,IND_NORMAL,36.86358666769728,39.05308458675959,1.7122070009153925,0.06374750693344522,1.0,0.9288508006568036,124.96148855018235,-0.10929303286970449,0.0,3.0,0.0,0.0,0.0,0.8,0.5,0.007712528643799139
FAC-REG-015,IND_NORMAL,27.41036036955781,32.360523008247654,0.3184763889125466,0.030664871372278597,1.0,1.98280998056856,18.95991892165714,1.7259462965915153,0.0,3.0,1.0,0.0,0.0,0.8,0.5,0.0742684007709198
FAC-REG-016,GAS_FLARE,19.950811190035203,24.881106640715203,-0.6609918162678827,0.024782714336508298,1.0,0.570517469037387,81.34822418542683,0.6227758256025642,0.0,3.0,1.0,0.0,0.0,0.8,0.5,0.009285095963531022
FAC-REG-013,GAS_FLARE,26.076527838735057,35.90034560575733,-0.8545301044426632,0.09137423583899562,1.0,0.40996271214242846,239.94952417072943,1.18952046822676,0.0,3.0,1.0,0.0,0.0,0.8,0.5,0.002668408317829017
FAC-REG-014,GAS_FLARE,34.347468719784814,45.30681861716976,-0.02025904656451094,0.19290805890265947,1.0,0.643809738657865,192.9881113315088,-0.1766538611142252,0.0,3.0,1.0,0.0,0.0,0.8,0.5,0.004157652759795723
FAC-REG-019,GAS_FLARE,23.68127614094287,31.241786499502652,-0.1599779914086743,0.1777243313037966,1.0,0.6995670639956788,245.94969593555203,1.0129924569555802,0.0,3.0,1.0,0.0,0.0,0.8,0.5,0.0034007005155519306
FAC-REG-017,GAS_FLARE,34.27234837982699,46.85171965997179,0.30455022179810043,0.14329693324186385,1.0,0.6054567757371343,194.73643978992718,0.5959731578464569,0.0,3.0,1.0,0.0,0.0,0.8,0.5,0.003995713546515163
FAC-REG-016,GAS_FLARE,28.75764438124562,38.267107579186934,0.988163309291151,0.013212780252349806,1.0,0.6381040719864061,181.8138511983306,0.4076730465133393,0.0,3.0,1.0,0.0,0.0,0.8,0.5,0.004393582561781118
FAC-REG-009,GAS_FLARE,21.541361630144806,25.992491984280775,0.3384380598497334,0.1503027365595877,1.0,0.45103372002700015,122.75590481662368,0.631292884720833,0.0,3.0,1.0,0.0,0.0,0.8,0.5,0.005470942043023067
FAC-REG-015,GAS_FLARE,20.74478317909208,25.755103690879334,0.10694355241969977,0.17538321223210324,1.0,0.3260643157474111,228.86690426163116,-0.1647212672505025,0.0,3.0,1.0,0.0,0.0,0.8,0.5,0.002494989033336459
FAC-REG-010,GAS_FLARE,26.04146755683135,28.98401229746472,0.3986789325052862,0.10586269066882432,1.0,0.646842036697526,137.82324468913106,0.07405784896787443,0.0,3.0,1.0,0.0,0.0,0.8,0.5,0.005835480846269716
FAC-REG-008,GAS_FLARE,28.37183467461599,35.36416703080462,-0.7336357486649532,0.08578657518676128,1.0,0.4514596837502512,189.40660321376328,0.5191909973014266,0.0,3.0,1.0,0.0,0.0,0.8,0.5,0.003547434382027877
FAC-REG-018,GAS_FLARE,25.06373907205512,34.39758896133558,-0.5148434678523497,0.03647955273795436,1.0,0.39121376239431416,52.890567867807206,-0.01996491965522651,0.0,3.0,1.0,0.0,0.0,0.8,0.5,0.011825753773944809
FAC-REG-003,GAS_FLARE,19.035332862691387,21.115500035879414,0.42882820294099555,0.1148776575039029,1.0,0.275225209540324,93.99712475727948,0.6989211102933586,0.0,3.0,1.0,0.0,0.0,0.8,0.5,0.005581225067963169
FAC-REG-013,GAS_FLARE,26.406859127046935,30.011622286097833,0.17618727521089395,0.10166252831454657,1.0,0.57618106071723,247.11698751591032,0.6563049871459894,0.0,3.0,1.0,0.0,0.0,0.8,0.5,0.0030716864952074823
FAC-REG-019,GAS_FLARE,22.347642926321107,26.777533220663862,-0.6707589735269903,0.06253983674650582,1.0,0.6744146611401007,130.18619111605483,0.41039325279882016,0.0,3.0,1.0,0.0,0.0,0.8,0.5,0.006308100160786119
FAC-REG-013,GAS_FLARE,27.995857700885157,34.37751134094766,0.23084155964167086,0.03365672842729612,1.0,0.252672942234896,71.42493105871372,0.5253084972564825,0.0,3.0,1.0,0.0,0.0,0.8,0.5,0.007037680374412649
FAC-REG-018,GAS_FLARE,22.815834859373815,27.837459813974373,0.6237322480207597,0.014020019414729435,1.0,0.5896272921419735,208.60992256722915,0.9181180924992911,0.0,3.0,1.0,0.0,0.0,0.8,0.5,0.003680898371751779
FAC-REG-004,GAS_FLARE,22.521960782575185,27.0226201648106,0.11480992862837436,0.21503443533905134,1.0,0.5975407506432711,246.93011831488838,1.0402795936963949,0.0,3.0,1.0,0.0,0.0,0.8,0.5,0.0031304711062086943
FAC-REG-013,GAS_FLARE,18.322071857364026,24.199341530931576,-0.5832008527633368,0.04854913238531496,1.0,0.5830932708794814,112.24912193252379,-0.12003597128137945,0.0,3.0,1.0,0.0,0.0,0.8,0.5,0.00680277430006136
FAC-REG-011,GAS_FLARE,21.751068013569725,24.82748660857303,0.718223515293833,0.15501689516541514,1.0,0.604935921832493,89.9823220047082,0.8612565894157032,0.0,3.0,1.0,0.0,0.0,0.8,0.5,0.00864365633026912
FAC-REG-007,GAS_FLARE,23.3141664234411,28.518000041750827,-0.5806194451395983,0.29320269676364225,1.0,0.587361546235047,281.93411107748227,0.22473976108078642,0.0,3.0,1.0,0.0,0.0,0.8,0.5,0.0027183484833010053
FAC-REG-019,GAS_FLARE,33.0668996797472,37.875202248092485,-0.6962276553267395,0.10528186346688154,1.0,0.23267962842010256,74.35841922008726,1.1512934939640291,0.0,3.0,1.0,0.0,0.0,0.8,0.5,0.0064870766907161185
FAC-REG-007,GAS_FLARE,28.74432654318142,37.880232941084444,-0.26607718598559904,0.05269585157904992,1.0,0.3239486097330685,110.46154753624846,0.6904957884931158,0.0,3.0,1.0,0.0,0.0,0.8,0.5,0.0051526060243299865
FAC-REG-019,GAS_FLARE,26.89792214614702,37.023753002409,0.6241552220173581,0.249311297665293,1.0,0.6770348105636788,113.34970786847693,0.8712713672561487,0.0,3.0,1.0,0.0,0.0,0.8,0.5,0.007259138696947846
FAC-REG-014,GAS_FLARE,21.10782760516684,29.27418361824492,-0.24664711914107507,0.10837979174041253,1.0,0.23745879636666822,158.1839285329477,-0.04738093810269983,0.0,3.0,1.0,0.0,0.0,0.8,0.5,0.003080574909792089
FAC-REG-008,GAS_FLARE,19.400901521653118,24.832966874102453,-0.02870626933144571,0.16831782465961,1.0,0.7557231211306072,264.48300824013154,0.8991171201356598,0.0,3.0,1.0,0.0,0.0,0.8,0.5,0.0032868779567288738
FAC-REG-004,GAS_FLARE,20.493816938258085,26.7874036478881,0.8900481291611375,0.20793673884247554,1.0,0.3989701094647004,162.15989161090943,0.704015060691475,0.0,3.0,1.0,0.0,0.0,0.8,0.5,0.003895172850940888
FAC-REG-019,GAS_FLARE,23.202801825889114,25.96638152038464,-0.6457457116034919,0.011490491999812488,1.0,0.46724571266347215,47.254484167360076,0.7557136470618786,0.0,3.0,1.0,0.0,0.0,0.8,0.5,0.014465372969211797
FAC-REG-007,GAS_FLARE,30.78102748126358,41.35689203789909,0.8914994044518603,0.10074666892835854,1.0,0.7151038727309327,60.34558534839314,0.7870572688950297,0.0,3.0,1.0,0.0,0.0,0.8,0.5,0.014013256154283157
FAC-REG-008,GAS_FLARE,29.52129510042245,34.708021945554016,0.7460862940304067,0.05896895437741455,1.0,0.2321808749124985,222.02033740888777,0.4656660013258271,0.0,3.0,1.0,0.0,0.0,0.8,0.5,0.002170303462926565
FAC-REG-006,GAS_FLARE,19.498586688322955,22.58639281960069,0.6411042785114376,0.20622694409775577,1.0,0.581628405403476,134.89490529020117,0.60895916011601,0.0,3.0,1.0,0.0,0.0,0.8,0.5,0.005653628356984316
FAC-REG-017,GAS_FLARE,25.835271749511893,34.84177546392309,0.6591254313660997,0.215722758329072,1.0,0.2632408264378774,255.523665885523,0.7394181727460736,0.0,3.0,1.0,0.0,0.0,0.8,0.5,0.002007915782362646
FAC-REG-017,GAS_FLARE,23.172111685062326,26.45731588398673,0.22401705991891063,0.09882728909738588,1.0,0.3956647115075441,43.57280481868227,0.28971448653062865,0.0,3.0,1.0,0.0,0.0,0.8,0.5,0.014436042180673599
FAC-REG-018,GAS_FLARE,28.7333916199374,33.938956303851704,-0.5024164225216459,0.28319688365169265,1.0,0.3789634725404737,238.03946189444383,0.3503705174899107,0.0,3.0,1.0,0.0,0.0,0.8,0.5,0.0025861262099479837
FAC-REG-017,GAS_FLARE,21.765793625922797,24.309096203666844,-0.4887218124092769,0.16299345820983177,1.0,0.302957820239114,70.21888948696483,0.44763096594721424,0.0,3.0,1.0,0.0,0.0,0.8,0.5,0.00783857515951597
FAC-REG-006,GAS_FLARE,19.07320845653543,23.25074687157721,-0.051987468103109835,0.14086731808120317,1.0,0.7215049144418524,170.29723759427816,0.4551726474692606,0.0,3.0,1.0,0.0,0.0,0.8,0.5,0.00498783459948328
FAC-REG-003,GAS_FLARE,33.21596226799716,45.03993939348814,0.3470931562627817,0.04983490633091553,1.0,0.3661219816952074,36.71340557622577,1.1031537049861597,0.0,3.0,1.0,0.0,0.0,0.8,0.5,0.016481177252723404
FAC-REG-007,GAS_FLARE,23.45452722674734,29.994002050008408,0.9914689041026461,0.13622606110040061,1.0,0.7524148404671718,119.22464781918025,-0.12337421030501977,0.0,3.0,1.0,0.0,0.0,0.8,0.5,0.007275496367436736
FAC-REG-008,GAS_FLARE,26.137982585413884,35.51166020454563,-0.7891894280876661,0.1706087977837804,1.0,0.5077876098925445,101.66446307951699,0.9511193576078147,0.0,3.0,1.0,0.0,0.0,0.8,0.5,0.0070092552976050975
FAC-REG-006,GAS_FLARE,30.458606184641127,41.51074729437237,0.44556920124304233,0.07723397459727066,1.0,0.6233376269898148,108.9259764955969,0.13904451048645872,0.0,3.0,1.0,0.0,0.0,0.8,0.5,0.007248200689977874
FAC-REG-011,GAS_FLARE,30.648485865910505,40.250665332391826,-0.5310010446518125,0.22731991485000522,1.0,0.7507045298561319,53.815992267675874,0.1256912937414849,0.0,3.0,1.0,0.0,0.0,0.8,0.5,0.016099899533522335
FAC-REG-018,GAS_FLARE,21.22788059463064,23.598766407246455,-0.21637821076565666,0.24269651749088403,1.0,0.40474666985463237,146.59462029842916,0.7458214829944143,0.0,3.0,1.0,0.0,0.0,0.8,0.5,0.004339838908678721
FAC-REG-010,GAS_FLARE,32.916686152253874,43.84354636218986,0.34317548587785196,0.019199522626649035,1.0,0.5209800040456665,34.40457207649937,0.9312949439624316,0.0,3.0,1.0,0.0,0.0,0.8,0.5,0.020979462967288927
FAC-REG-018,GAS_FLARE,34.77723107160106,46.127504089021855,-0.5027902307733874,0.16613454399321773,1.0,0.7952813836871497,260.67844773953095,-0.06368634869229048,0.0,3.0,1.0,0.0,0.0,0.8,0.5,0.003421017391027099
FAC-REG-014,GAS_FLARE,32.598944307257966,39.045855059595745,0.9080845301561715,0.04534505551660125,1.0,0.21096504183410375,273.5413573115806,-0.10389186739297888,0.0,3.0,1.0,0.0,0.0,0.8,0.5,0.001679121994781813
FAC-REG-008,GAS_FLARE,23.232925550444026,27.237110146299166,-0.532865277862778,0.029774119731984183,1.0,0.31227456224630107,177.3316812884311,0.20790550197284224,0.0,3.0,1.0,0.0,0.0,0.8,0.5,0.0031512435695612065
FAC-REG-003,GAS_FLARE,24.17563753878129,29.774576184631748,0.9549925164177864,0.24428103724835454,1.0,0.6424459665871678,172.2234028687849,0.9759968648460806,0.0,3.0,1.0,0.0,0.0,0.8,0.5,0.004653997412182129
FAC-REG-016,GAS_FLARE,30.051284917146376,42.01575902591616,-0.3707421821296024,0.2054650851163505,1.0,0.7065889184914296,276.76289300478555,0.8051057673161426,0.0,3.0,1.0,0.0,0.0,0.8,0.5,0.0030372150931354753
FAC-REG-019,GAS_FLARE,23.54679657667209,26.048111782265803,0.5217719553430193,0.022394485757965897,1.0,0.7187914127616475,56.750329594972705,0.04062711699029392,0.0,3.0,1.0,0.0,0.0,0.8,0.5,0.014939396431775245
FAC-REG-001,GAS_FLARE,22.198339838862175,30.14298367785835,-0.6623799884308716,0.2576434358211373,1.0,0.2079372877431764,165.25140601317668,0.8772196111901795,0.0,3.0,1.0,0.0,0.0,0.8,0.5,0.002759440436836892
FAC-REG-010,GAS_FLARE,26.541916045967014,29.31061931800231,0.6059626026182077,0.2944302035702296,1.0,0.5635557172485485,163.0235148352035,1.0297822082629462,0.0,3.0,1.0,0.0,0.0,0.8,0.5,0.004604878519112306
FAC-REG-013,GAS_FLARE,24.686451396548208,31.18803810264878,-0.6802404732671172,0.2104615324979369,1.0,0.3005399235827039,109.64514106085512,0.5046831828486156,0.0,3.0,1.0,0.0,0.0,0.8,0.5,0.004999904338469516
FAC-REG-006,GAS_FLARE,29.130330924473533,35.63691718353211,0.32672506802936274,0.04428449950101336,1.0,0.4408985663389258,242.90347647780357,0.10871230199130716,0.0,3.0,1.0,0.0,0.0,0.8,0.5,0.002733604072323745
FAC-REG-001,GAS_FLARE,18.676794470577814,22.079639743991063,0.9112989345329787,0.28655345627060996,1.0,0.41139623255152363,35.895630069737436,0.05073291505945415,0.0,3.0,1.0,0.0,0.0,0.8,0.5,0.01786851965843889
FAC-REG-005,GAS_FLARE,20.40038408013214,27.11322742677465,-0.7826349212506158,0.29456469744347025,1.0,0.42896989946548103,237.96473273613947,0.2796275159355845,0.0,3.0,1.0,0.0,0.0,0.8,0.5,0.0027523319512177597
FAC-REG-015,GAS_FLARE,28.685628811003816,37.00385763441482,-0.09943503233694839,0.16402175393788299,1.0,0.6474305997228724,251.95969367488942,0.7751859630016646,0.0,3.0,1.0,0.0,0.0,0.8,0.5,0.0031934898429439385
FAC-REG-011,GAS_FLARE,19.173627927493374,23.016726877266873,-0.37259375048568755,0.19433714336625785,1.0,0.41357466408238436,64.98787173365591,0.6350539055789612,0.0,3.0,1.0,0.0,0.0,0.8,0.5,0.009895657334765145
FAC-REG-004,GAS_FLARE,27.382918138027932,32.10788060414283,-0.14800496106314376,0.29064541920177756,1.0,0.59465922996356,179.77312497356112,1.1061392757395183,0.0,3.0,1.0,0.0,0.0,0.8,0.5,0.004289526096283728
FAC-REG-016,GAS_FLARE,29.833357646639666,36.06108881694721,0.6479953037599566,0.06918542173517048,1.0,0.48142444851089244,245.05908714543477,0.052222106825666914,0.0,3.0,1.0,0.0,0.0,0.8,0.5,0.0028313480504828926
FAC-REG-004,GAS_FLARE,26.793989196588303,32.79402666176667,-0.6013090210576337,0.1295862813096575,1.0,0.24336616854390597,182.9168981257376,0.9951163685175566,0.0,3.0,1.0,0.0,0.0,0.8,0.5,0.0026969709859091117
FAC-REG-005,GAS_FLARE,24.12669868091989,27.169590771236322,-0.5957012015494585,0.16819219874350236,1.0,0.32423425002981976,174.13657871465102,0.12423863466945845,0.0,3.0,1.0,0.0,0.0,0.8,0.5,0.003269937387832489
FAC-REG-002,GAS_FLARE,24.753615038287816,29.052456242228757,0.6246523604941232,0.1094232997935807,1.0,0.2668926127032692,181.4330196274051,0.6141898862131843,0.0,3.0,1.0,0.0,0.0,0.8,0.5,0.0028474227323284475
FAC-REG-011,GAS_FLARE,22.083730364542554,27.232141379804347,-0.43526416191468753,0.03347658347354956,1.0,0.7259682962095351,225.16806603878217,0.22204828324232095,0.0,3.0,1.0,0.0,0.0,0.8,0.5,0.003784007859867162
FAC-REG-013,GAS_FLARE,23.57324938045058,28.56193065437986,0.5196473168567768,0.10825880990261412,1.0,0.7712374679834018,227.66806424366888,0.6364009396027879,0.0,3.0,1.0,0.0,0.0,0.8,0.5,0.0038573757431058448
FAC-REG-011,GAS_FLARE,18.926702766443046,22.602517179843574,-0.0016021063173363714,0.07280796383189984,1.0,0.723575531291538,48.0421638913558,0.48233821834085994,0.0,3.0,1.0,0.0,0.0,0.8,0.5,0.017705955795704744
FAC-REG-014,GAS_FLARE,34.34636244633863,42.36471755888156,-0.021903199101433568,0.11197846297915254,1.0,0.7457290838072832,181.0317133857908,0.8670444220543025,0.0,3.0,1.0,0.0,0.0,0.8,0.5,0.004770192208646459
FAC-REG-017,GAS_FLARE,23.307262024368598,30.708094967213352,0.5926013268302643,0.2515518437724117,1.0,0.7914609497514449,242.39446472908466,0.6419376989639887,0.0,3.0,1.0,0.0,0.0,0.8,0.5,0.0036702195801360912
FAC-REG-014,GAS_FLARE,30.60766388668211,41.061074652258206,0.690079297793285,0.12456546797847082,1.0,0.23075807550559893,134.91785086134013,0.7432587216977256,0.0,3.0,1.0,0.0,0.0,0.8,0.5,0.0035604840089109554
FAC-REG-008,GAS_FLARE,30.732373564626776,37.09688613462115,0.2694882822080591,0.06406174340765262,1.0,0.6496216619869742,174.61208739239513,0.08569014396524077,0.0,3.0,1.0,0.0,0.0,0.8,0.5,0.004615895253520701
FAC-REG-007,GAS_FLARE,26.239721787917226,29.075193896878883,-0.2390362290139283,0.04077641979238869,1.0,0.5188140990516172,133.2346395862789,0.658412675544225,0.0,3.0,1.0,0.0,0.0,0.8,0.5,0.005406157990277669
FAC-REG-012,GAS_FLARE,26.07670579175925,35.709090566924864,0.050098680490769265,0.21511088445264348,1.0,0.351303726497318,147.29650536192878,-0.027170187865502876,0.0,3.0,1.0,0.0,0.0,0.8,0.5,0.004023916267918851
FAC-REG-016,GAS_FLARE,18.01603805954973,20.02986206497844,0.9545676463538586,0.08028257158966105,1.0,0.5979864257024012,255.5915168686928,0.5709246429311898,0.0,3.0,1.0,0.0,0.0,0.8,0.5,0.0030255144215254205
FAC-REG-014,GAS_FLARE,28.204273971692913,37.212018958036786,0.5394932457141743,0.29286900662857607,1.0,0.5441379680160261,118.2929471026061,0.7078503796603319,0.0,3.0,1.0,0.0,0.0,0.8,0.5,0.0062358500510762555
FAC-REG-006,GAS_FLARE,26.453316072044927,30.514556897669813,-0.7836899708532865,0.25421099012021836,1.0,0.568479905712511,113.92758518936785,0.06843070434637305,0.0,3.0,1.0,0.0,0.0,0.8,0.5,0.006618029015211177
FAC-REG-016,GAS_FLARE,27.9266279174393,32.45348069416169,0.7028114957829479,0.034436666185196814,1.0,0.41365585109985303,211.7860981984561,0.18376850934688094,0.0,3.0,1.0,0.0,0.0,0.8,0.5,0.003036841576488455
FAC-REG-003,GAS_FLARE,20.813496169282146,27.306916485816387,0.07069553612331347,0.19424377054541309,1.0,0.3178921801737267,82.44185792646779,-0.1419037442861311,0.0,3.0,1.0,0.0,0.0,0.8,0.5,0.00683899288409771
FAC-REG-011,GAS_FLARE,29.973700371272066,41.32111581620837,0.47748701923186054,0.09881768723133826,1.0,0.35904877060314355,216.14911628310082,0.07001879616545997,0.0,3.0,1.0,0.0,0.0,0.8,0.5,0.002772191692541854
FAC-REG-014,GAS_FLARE,27.047788872555294,36.41964407229965,-0.7972403150602729,0.23964848390076146,1.0,0.686943202610929,157.107624022506,-0.11976556598531848,0.0,3.0,1.0,0.0,0.0,0.8,0.5,0.005275494256099786
FAC-REG-010,GAS_FLARE,20.82634061594491,25.28153683876859,0.2343884542339334,0.2912474707437976,1.0,0.6365786826198132,278.63863695793236,0.8670968816398479,0.0,3.0,1.0,0.0,0.0,0.8,0.5,0.0028634177223847623
FAC-REG-002,GAS_FLARE,21.12433930683432,25.317851252721397,-0.02557598615617218,0.01718181449708385,1.0,0.34929141621195914,136.5775319480093,0.1914908458904887,0.0,3.0,1.0,0.0,0.0,0.8,0.5,0.004327276996931988
FAC-REG-004,GAS_FLARE,21.35845039653413,28.653478664161803,-0.6284460906025844,0.03464022406794526,1.0,0.46174761581429447,205.69285330367308,0.4128035549069578,0.0,3.0,1.0,0.0,0.0,0.8,0.5,0.003303567068648349
FAC-REG-012,GAS_FLARE,23.8990397020074,32.97733626112504,0.8452902792071442,0.15568782779190768,1.0,0.39673039641095514,227.4485462520324,-0.1486018791237067,0.0,3.0,1.0,0.0,0.0,0.8,0.5,0.00276926535681589
FAC-REG-012,GAS_FLARE,23.371951399128864,31.684506515712027,-0.9181321112513092,0.024401832523318474,1.0,0.5741115171044927,41.41735787589076,0.25445283591422607,0.0,3.0,1.0,0.0,0.0,0.8,0.5,0.01829429757245764
FAC-REG-008,GAS_FLARE,23.733537232921847,27.385652386163972,-0.43729875629231674,0.14269684635262522,1.0,0.4852315132132895,240.10806385182775,0.8502145212041174,0.0,3.0,1.0,0.0,0.0,0.8,0.5,0.0029011337630807338
FAC-REG-012,GAS_FLARE,22.076939187512032,25.575857677456554,0.009822902500278508,0.23293666809512875,1.0,0.23716791114739277,183.1989858201586,-0.03310538002319732,0.0,3.0,1.0,0.0,0.0,0.8,0.5,0.00265830555720599
FAC-REG-002,GAS_FLARE,24.839219703500323,30.48979582098055,-0.23423370543163302,0.2185319299481354,1.0,0.5285107304359967,284.4827587376699,0.15124644314774666,0.0,3.0,1.0,0.0,0.0,0.8,0.5,0.0025554709820732953
FAC-REG-015,GAS_FLARE,25.169114497940576,27.98747038567808,-0.10184297173024826,0.17750779338476877,1.0,0.542544232251287,115.74976704012478,0.2417464529283897,0.0,3.0,1.0,0.0,0.0,0.8,0.5,0.00636352053368852
FAC-REG-012,GAS_FLARE,21.933079918409952,26.786267183055834,0.9865303928594931,0.2618815381923436,1.0,0.5387839147377212,166.58921535177998,0.19844053522655336,0.0,3.0,1.0,0.0,0.0,0.8,0.5,0.004406161669545078
FAC-REG-004,GAS_FLARE,32.4190854707591,42.324813350336456,-0.41991194364402684,0.06842453710552455,1.0,0.3591251221980975,70.85353958442012,-0.0661030255667977,0.0,3.0,1.0,0.0,0.0,0.8,0.5,0.008457876560503261
FAC-REG-002,GAS_FLARE,18.95581301246653,23.613072199662277,0.8256016008157234,0.18700527226726552,1.0,0.5278442445272793,92.92939346730203,0.28058568469022754,0.0,3.0,1.0,0.0,0.0,0.8,0.5,0.007818074284823402
FAC-REG-008,GAS_FLARE,27.506708240063787,34.505038066825605,-0.8008405729199422,0.014648165371985704,1.0,0.7782111132122296,128.0481821711683,0.6444982869393059,0.0,3.0,1.0,0.0,0.0,0.8,0.5,0.006889303171813551
FAC-REG-002,GAS_FLARE,18.179369081653228,22.14659909143839,0.7019037988136001,0.11029906881282808,1.0,0.2211291041153141,229.94558024042715,0.9228535783960159,0.0,3.0,1.0,0.0,0.0,0.8,0.5,0.002045021540002607
FAC-REG-015,GAS_FLARE,32.957241715004955,42.66660615356603,0.798497836578405,0.19081654026172779,1.0,0.27877278320289456,109.4749122650322,0.08251292755343964,0.0,3.0,1.0,0.0,0.0,0.8,0.5,0.004822925791874291
FAC-REG-007,GAS_FLARE,30.926801143887204,40.29513261307475,-0.39806736073675664,0.06337298389456192,1.0,0.6538706527933471,154.86759306262599,0.11610537301088075,0.0,3.0,1.0,0.0,0.0,0.8,0.5,0.005221380876261404
FAC-REG-005,GAS_FLARE,34.92368645626973,43.1336529458141,-0.49493922072711105,0.138420517411454,1.0,0.7083616459776343,80.85756728036301,1.1329339123140931,0.0,3.0,1.0,0.0,0.0,0.8,0.5,0.010408948226959721
FAC-REG-004,GAS_FLARE,32.25635108807736,43.30644670556483,-0.36419065245343285,0.012545391464899545,1.0,0.42927974529559276,107.29938602690345,-0.1476442134276838,0.0,3.0,1.0,0.0,0.0,0.8,0.5,0.006106227234470896
FAC-REG-009,GAS_FLARE,27.152172735717386,37.30624106606104,-0.22405449120422727,0.25057409111422685,1.0,0.2802173926396617,282.16887914831244,0.8519926445438237,0.0,3.0,1.0,0.0,0.0,0.8,0.5,0.0018760241763403677
FAC-REG-010,GAS_FLARE,26.297998238373495,35.342375264858035,-0.8015408078107065,0.1343068409704742,1.0,0.5771013021417224,83.38295156823933,0.6784550582725017,0.0,3.0,1.0,0.0,0.0,0.8,0.5,0.009110637416491272
FAC-REG-005,GAS_FLARE,33.79985922543561,39.25653292651816,0.5959960704384479,0.22417835548511938,1.0,0.23827673375215874,130.87358697401712,0.19587163988413797,0.0,3.0,1.0,0.0,0.0,0.8,0.5,0.003729828073321602
FAC-REG-012,GAS_FLARE,34.227415321097496,47.08174296703524,-0.9060149979937651,0.10825577626540596,1.0,0.44308913220704405,89.96801156780036,0.6804220557834457,0.0,3.0,1.0,0.0,0.0,0.8,0.5,0.007398734225365239
FAC-REG-009,GAS_FLARE,32.782072420854654,37.836978243732325,0.8953723541285592,0.0734437954391551,1.0,0.395732304188559,232.7090566134714,0.35125719819156936,0.0,3.0,1.0,0.0,0.0,0.8,0.5,0.002703257809618681
FAC-REG-009,GAS_FLARE,20.266855944378296,23.768224512908283,-0.41661309855682793,0.2780497744452418,1.0,0.33823198363153373,103.83131717822842,0.31709578212520523,0.0,3.0,1.0,0.0,0.0,0.8,0.5,0.005601172822631212
FAC-REG-017,GAS_FLARE,24.799711310990666,27.70667278861214,0.16661449636840908,0.26645959411167336,1.0,0.29104574777183145,188.99501169881788,0.7306348868751846,0.0,3.0,1.0,0.0,0.0,0.8,0.5,0.0028545015794300983
FAC-REG-004,GAS_FLARE,29.91865898519259,36.59708597896267,0.009274575954869801,0.012132382920783825,1.0,0.6150320684808134,206.53057938874394,-0.1462387717431176,0.0,3.0,1.0,0.0,0.0,0.8,0.5,0.0037972091359983356
FAC-REG-015,GAS_FLARE,34.64354129345834,42.48063676650826,0.0038908102636834307,0.27387974586631836,1.0,0.630357125519454,184.6513561902857,0.9169265538775015,0.0,3.0,1.0,0.0,0.0,0.8,0.5,0.004299726499489317
FAC-REG-015,GAS_FLARE,25.540576873474546,35.28847242832894,-0.4101083519153159,0.14788444578904492,1.0,0.6541565956048649,214.19742097682928,1.0090974733840186,0.0,3.0,1.0,0.0,0.0,0.8,0.5,0.0037759533905985625
FAC-REG-018,GAS_FLARE,26.16951899421656,29.32624789165318,0.0994345103266221,0.1309776409029536,1.0,0.7266496429175751,80.30251059619091,0.957050453289056,0.0,3.0,1.0,0.0,0.0,0.8,0.5,0.01061532778029039
FAC-REG-015,GAS_FLARE,31.985949669192507,38.172498753301674,-0.19660621448044702,0.15579755556678757,1.0,0.7036719405257306,203.62996915096983,0.6610904818009358,0.0,3.0,1.0,0.0,0.0,0.8,0.5,0.004119489699778216
FAC-REG-014,GAS_FLARE,20.194211197824984,24.018142997112186,0.5600961740800869,0.1467716459066259,1.0,0.336488962216124,69.86705989229077,0.2658212671145307,0.0,3.0,1.0,0.0,0.0,0.8,0.5,0.008302577600806691
FAC-REG-002,GAS_FLARE,31.949259011681782,35.21264017893884,-0.08653881422831944,0.1054768784490044,1.0,0.23148902605983657,148.26521512164237,0.15664819027140636,0.0,3.0,1.0,0.0,0.0,0.8,0.5,0.003245083915481343
FAC-REG-019,GAS_FLARE,26.86636672648644,30.557650460785464,0.9228290808472781,0.19441412205582412,1.0,0.659521055397519,45.862829402310346,-0.13411826875597355,0.0,3.0,1.0,0.0,0.0,0.8,0.5,0.017707346614347454
FAC-REG-008,GAS_FLARE,25.281980609670384,28.01577162826474,0.5670030051758177,0.013048835117079511,1.0,0.6571339366264906,270.55204028552185,0.4059758894800411,0.0,3.0,1.0,0.0,0.0,0.8,0.5,0.00299623680672689
FAC-REG-017,GAS_FLARE,34.773689397489406,40.86819719229611,0.019312901607521304,0.27357096783251106,1.0,0.6711139306537048,158.5241396558229,1.123520309460689,0.0,3.0,1.0,0.0,0.0,0.8,0.5,0.005167764592971154
FAC-REG-016,GAS_FLARE,34.35499448200298,43.03607943778277,-0.09435038943134644,0.09082135161927246,1.0,0.7753231239142462,63.41674803451139,0.6117614064668149,0.0,3.0,1.0,0.0,0.0,0.8,0.5,0.013884728771169893
FAC-REG-006,GAS_FLARE,34.186446590297976,46.052346089635996,0.4180030226527591,0.18041182611838152,1.0,0.692355073594489,132.265703460499,0.42657259714848655,0.0,3.0,1.0,0.0,0.0,0.8,0.5,0.0062909639059156135
FAC-REG-013,GAS_FLARE,26.677822232889504,31.416809815849494,-0.36708573825116764,0.035220435874220586,1.0,0.38193187030655035,290.7701292690302,1.1225903343414743,0.0,3.0,1.0,0.0,0.0,0.8,0.5,0.0021254121566157513
FAC-REG-019,GAS_FLARE,22.398086106065787,26.97082673599538,0.5883646906343671,0.19131267625911708,1.0,0.7625838679747414,211.59851888720618,0.5982542844565715,0.0,3.0,1.0,0.0,0.0,0.8,0.5,0.004126968779192376
FAC-REG-010,GAS_FLARE,34.33268714711304,43.302515136009816,-0.9716067310565526,0.08471327964142344,1.0,0.4699662045613158,215.24285944283588,0.8264245293915193,0.0,3.0,1.0,0.0,0.0,0.8,0.5,0.0031849642469658573
FAC-REG-007,GAS_FLARE,32.742015025672984,45.40508573433901,-0.5265693883102605,0.2659584826800013,1.0,0.25818725750965726,39.37508676780767,-0.019086679856150923,0.0,3.0,1.0,0.0,0.0,0.8,0.5,0.01290463954937862
FAC-REG-012,GAS_FLARE,32.365208031648194,36.175079897720266,-0.456671617272689,0.04008933962539835,1.0,0.37725322178825904,48.994413057854054,0.7352045510402196,0.0,3.0,1.0,0.0,0.0,0.8,0.5,0.012536315672460408
FAC-REG-018,GAS_FLARE,24.306553114066872,32.3677147068872,-0.6590749768367159,0.12150958597481729,1.0,0.40817537022655154,143.17875824974652,0.8944917563002168,0.0,3.0,1.0,0.0,0.0,0.8,0.5,0.004462156582012135
FAC-REG-003,GAS_FLARE,27.800311353377722,33.43323352510167,0.6199574873669449,0.07910400446039655,1.0,0.3346297878798773,163.24280703913468,0.16518894434692444,0.0,3.0,1.0,0.0,0.0,0.8,0.5,0.003543628982274256
FAC-REG-007,GAS_FLARE,26.688594965030767,32.92452781174795,0.9339370292366307,0.17564776334924498,1.0,0.7180589466736307,62.488265192624205,0.5968890483811986,0.0,3.0,1.0,0.0,0.0,0.8,0.5,0.013560683533947805
FAC-REG-012,GAS_FLARE,25.651867597645506,35.34181472566031,0.31998690027063437,0.12274283972986309,1.0,0.2788474297131611,96.44586218056313,0.6137016684851366,0.0,3.0,1.0,0.0,0.0,0.8,0.5,0.0054751966612255915
FAC-REG-009,GAS_FLARE,22.147920139992028,30.786057894404564,0.9162762396089923,0.08181317649071722,1.0,0.40883117328639235,271.1733844811923,1.1532711092545505,0.0,3.0,1.0,0.0,0.0,0.8,0.5,0.0023578975983672788
FAC-REG-012,GAS_FLARE,20.730771414515363,23.879924043886778,-0.46645587275215217,0.044663952168652564,1.0,0.3381915348097266,53.36964656118511,0.9504533837795466,0.0,3.0,1.0,0.0,0.0,0.8,0.5,0.010896500412415454
FAC-REG-001,GAS_FLARE,30.704058478517567,34.21580938707222,0.8970406550278303,0.21623642538305218,1.0,0.2040779291516671,234.82439405525906,0.5197146890726594,0.0,3.0,1.0,0.0,0.0,0.8,0.5,0.0019237773580832486
FAC-REG-002,GAS_FLARE,25.56011720659171,32.537096182658196,0.9666815368284531,0.08006437016637126,1.0,0.6087692663194604,221.61177541751584,0.6502541835102922,0.0,3.0,1.0,0.0,0.0,0.8,0.5,0.003520736530369901
FAC-REG-007,GAS_FLARE,29.5068286890688,33.02488105550162,0.19228529909979386,0.22447854139430537,1.0,0.32658193437197025,256.2876740818057,-0.15750467225379405,0.0,3.0,1.0,0.0,0.0,0.8,0.5,0.0022298125673532745
FAC-REG-018,GAS_FLARE,25.095657608103707,29.936626551957804,0.8756515999701342,0.20637204033478407,1.0,0.27141278269588465,43.02409436516302,0.47696979110651666,0.0,3.0,1.0,0.0,0.0,0.8,0.5,0.012108864277958315
FAC-REG-017,GAS_FLARE,28.543992432339046,36.06363109214826,-0.748713015175372,0.09402111528408223,1.0,0.3432510626516145,82.93782783933422,0.3756020710719818,0.0,3.0,1.0,0.0,0.0,0.8,0.5,0.007064042253477735
FAC-REG-010,GAS_FLARE,18.12566232455298,22.706753528634906,-0.7213610352439073,0.26120583886781623,1.0,0.722951529717444,139.46344286827724,0.42215386583151276,0.0,3.0,1.0,0.0,0.0,0.8,0.5,0.006096691338921687
FAC-REG-005,GAS_FLARE,19.156634339558384,22.89354277961634,-0.4664109011323383,0.15671848204245423,1.0,0.6666367460406759,260.89713113056484,0.9828097195747119,0.0,3.0,1.0,0.0,0.0,0.8,0.5,0.0031295026304713155
FAC-REG-006,GAS_FLARE,29.68298383883161,35.437037951518356,-0.8781889135296346,0.21345392702485327,1.0,0.2058965315418727,136.93439413854284,0.261130977022906,0.0,3.0,1.0,0.0,0.0,0.8,0.5,0.003313690713930067
FAC-REG-011,GAS_FLARE,32.725958794550394,40.35945834706939,-0.7258943943436891,0.26004131276336206,1.0,0.6896554117485569,295.55815643561715,1.0736411613977574,0.0,3.0,1.0,0.0,0.0,0.8,0.5,0.0028097852302611005
FAC-REG-007,GAS_FLARE,34.7852640293074,40.613476135176285,0.3246358270791647,0.18680775339997543,1.0,0.7490590726940181,67.15595109398552,0.8525174290217061,0.0,3.0,1.0,0.0,0.0,0.8,0.5,0.012887643977348437
FAC-REG-016,GAS_FLARE,27.67806488029152,30.463113564978705,-0.4785824517342956,0.1603011189997262,1.0,0.6333296592041878,72.0672471011294,0.5656336433024061,0.0,3.0,1.0,0.0,0.0,0.8,0.5,0.011042743401161131
FAC-REG-002,GAS_FLARE,25.55867018453638,28.322184532098873,-0.10146368306872655,0.0959690174458044,1.0,0.7577897646207972,58.39329444721835,0.7134663377101249,0.0,3.0,1.0,0.0,0.0,0.8,0.5,0.01490772557064968
FAC-REG-002,GAS_FLARE,22.38782993394805,27.742900912588997,-0.7334314838356537,0.2790462625918681,1.0,0.7206212587515435,219.30328166438775,-0.05130064137616133,0.0,3.0,1.0,0.0,0.0,0.8,0.5,0.0038708683804292198
FAC-REG-006,GAS_FLARE,23.130600949639636,31.687140475766377,0.2568139152819795,0.13720821534643549,1.0,0.2232541613325095,161.87534051648927,0.8706867389751249,0.0,3.0,1.0,0.0,0.0,0.8,0.5,0.002918899124827177
FAC-REG-001,GAS_FLARE,25.792179150247204,32.46235123902089,-0.9312462832965496,0.19529927637225253,1.0,0.24886832773469553,144.06402803790166,0.20971713673437092,0.0,3.0,1.0,0.0,0.0,0.8,0.5,0.0034628147702109326
FAC-REG-010,GAS_FLARE,22.506925257057528,27.674586590794878,0.9980989962072899,0.07389494409689894,1.0,0.2619299893273998,185.46970656635068,0.48395945301635995,0.0,3.0,1.0,0.0,0.0,0.8,0.5,0.002759431564350512
FAC-REG-002,GAS_FLARE,26.979217449858055,33.45903999998096,-0.7865763617952914,0.1983712419595189,1.0,0.720799755137054,252.579299933273,0.6764765925731218,0.0,3.0,1.0,0.0,0.0,0.8,0.5,0.0033613176815722482
FAC-REG-013,GAS_FLARE,18.83825278086702,22.177215628785138,-0.7286770656792445,0.08541393167320582,1.0,0.43103483343137705,284.26324840363344,0.6545264836943689,0.0,3.0,1.0,0.0,0.0,0.8,0.5,0.002309593079829807
FAC-REG-015,GAS_FLARE,25.71674431917053,32.19993263143049,0.14434392356753944,0.28038096107377614,1.0,0.714924074586218,71.08591039557385,0.41146094498590496,0.0,3.0,1.0,0.0,0.0,0.8,0.5,0.011894506586874517
FAC-REG-003,GAS_FLARE,31.414633898028864,40.23799504386486,0.3084409240580259,0.2994779732230291,1.0,0.24497602608200786,85.55071129531031,0.37105431232016556,0.0,3.0,1.0,0.0,0.0,0.8,0.5,0.005785463632387019
FAC-REG-006,GAS_FLARE,34.585232625663096,38.72103944187496,0.643678645505805,0.19742988076064058,1.0,0.5884052806238548,59.42457974565576,0.7102620330239147,0.0,3.0,1.0,0.0,0.0,0.8,0.5,0.012908392482871147
FAC-REG-007,GAS_FLARE,31.053898181773093,41.16313377086367,0.17673137843531328,0.07167264308828941,1.0,0.25821093094225367,41.729846936566744,0.6297744933000289,0.0,3.0,1.0,0.0,0.0,0.8,0.5,0.012177005999151915
FAC-REG-010,GAS_FLARE,18.936726097700127,23.255595267472778,-0.06195012056423299,0.27928110453929944,1.0,0.5846516621492958,110.0162049966831,0.5354455702310099,0.0,3.0,1.0,0.0,0.0,0.8,0.5,0.006950114099799465
FAC-REG-017,GAS_FLARE,23.749926444393843,32.63626749115868,0.9620897245089315,0.20192511128658316,1.0,0.6901341737025011,230.87457572501953,0.7793479606617333,0.0,3.0,1.0,0.0,0.0,0.8,0.5,0.0035982443837108925
FAC-REG-012,GAS_FLARE,18.970603744435042,22.82003366332021,0.33387197040781325,0.0397334674860624,1.0,0.20715078978694526,62.555094838411065,0.8020302969751134,0.0,3.0,1.0,0.0,0.0,0.8,0.5,0.007275797610405968
FAC-REG-013,GAS_FLARE,25.63364192628935,31.72909400264168,-0.8460616339839653,0.20452185737848036,1.0,0.6927556522237074,91.5247950709008,0.3898212342867105,0.0,3.0,1.0,0.0,0.0,0.8,0.5,0.009093923024572605
FAC-REG-014,GAS_FLARE,33.940244830482065,40.91764408806185,-0.10770148708566096,0.20478146698939062,1.0,0.4003414829159324,94.17552843294483,0.6834691505783088,0.0,3.0,1.0,0.0,0.0,0.8,0.5,0.006718575949800944
FAC-REG-008,GAS_FLARE,32.34338947607438,39.82807747009029,-0.3152097534082807,0.16847814469735917,1.0,0.2548119456341335,232.8344476212621,0.6154091076436141,0.0,3.0,1.0,0.0,0.0,0.8,0.5,0.0021680168727816933
FAC-REG-016,GAS_FLARE,32.78347978144845,37.925012247884816,-0.19770406101640492,0.28486085914419257,1.0,0.4379543446317979,58.464141226034656,0.5356231769070514,0.0,3.0,1.0,0.0,0.0,0.8,0.5,0.011319437470970658
FAC-REG-016,GAS_FLARE,27.73709470367808,37.32993300448844,-0.3465222188627328,0.11138817565423942,1.0,0.5578078984980657,99.68275739826457,-0.16274828749124223,0.0,3.0,1.0,0.0,0.0,0.8,0.5,0.007492422975357825
FAC-REG-019,GAS_FLARE,22.426852849394443,30.310337728077617,0.4312414339435715,0.209213016151018,1.0,0.7358682447934837,214.2791289484856,0.19731712025816878,0.0,3.0,1.0,0.0,0.0,0.8,0.5,0.004003318640394364
FAC-REG-014,GAS_FLARE,23.198829691822286,30.80274939634118,0.239495708983132,0.032449350075577664,1.0,0.5077012174610853,118.7510674980245,0.2599988858252119,0.0,3.0,1.0,0.0,0.0,0.8,0.5,0.006000211791158239
FAC-REG-006,GAS_FLARE,27.838860098119987,35.78645116816122,0.5629241775094185,0.21395039604241095,1.0,0.7006749517136581,39.51503790692646,0.8465288914451068,0.0,3.0,1.0,0.0,0.0,0.8,0.5,0.021183411037584535
FAC-REG-007,GAS_FLARE,34.15521923351508,40.64408061955328,-0.9616642249500444,0.13527691772439784,1.0,0.21980716154019636,287.28654369728883,0.0938852640472721,0.0,3.0,1.0,0.0,0.0,0.8,0.5,0.0016319454381441873
FAC-REG-003,GAS_FLARE,30.1077434880117,34.7072156973737,-0.5292334762032849,0.15336753520326984,1.0,0.748900969998127,82.43316671283995,0.0019360295653449155,0.0,3.0,1.0,0.0,0.0,0.8,0.5,0.010498088092467286
FAC-REG-003,GAS_FLARE,34.59346241139272,40.35966781225567,-0.5837879308072544,0.2285788512030176,1.0,0.3520276392976007,271.0411303286692,0.603500790572175,0.0,3.0,1.0,0.0,0.0,0.8,0.5,0.0021890374010920663
FAC-REG-002,GAS_FLARE,28.092638538448465,37.26343087629393,-0.3810748471076353,0.1399117803508351,1.0,0.44328300579825114,295.6086920547579,0.209148539435143,0.0,3.0,1.0,0.0,0.0,0.8,0.5,0.002252284982641684
FAC-REG-007,GAS_FLARE,33.404338114167146,37.300405345665105,0.6660685278821399,0.1427634304421699,1.0,0.35537696301498517,266.5340405348326,0.07533412534643014,0.0,3.0,1.0,0.0,0.0,0.8,0.5,0.002236618705798482
FAC-REG-016,GAS_FLARE,29.16156594079409,40.012457935858144,-0.6625011232035409,0.2908148184287839,1.0,0.47173001624930705,285.01736992972275,0.7475480610820657,0.0,3.0,1.0,0.0,0.0,0.8,0.5,0.0024097690792848044
FAC-REG-001,GAS_FLARE,25.974015654632023,29.124955348773746,0.6366156353506058,0.10734789618642408,1.0,0.5447493185311278,166.0804488415451,0.5185647063986192,0.0,3.0,1.0,0.0,0.0,0.8,0.5,0.0044440592238129155
FAC-REG-005,GAS_FLARE,20.403520421677783,23.241571149723658,0.2868578990346615,0.06718306477073921,1.0,0.258566022865395,70.05020758473943,1.0932239542274864,0.0,3.0,1.0,0.0,0.0,0.8,0.5,0.0072589917211185375
FAC-REG-018,GAS_FLARE,24.0190975600366,31.14667421374067,0.07455134733607616,0.20636603640994353,1.0,0.6096026914776557,197.53058815655805,0.172541915952232,0.0,3.0,1.0,0.0,0.0,0.8,0.5,0.00395265656184965
FAC-REG-017,GAS_FLARE,33.14655603974197,42.12427348190578,0.6647820834038158,0.29757105945875617,1.0,0.2981697224829658,214.93062840318711,0.7440110031800344,0.0,3.0,1.0,0.0,0.0,0.8,0.5,0.0025405834350070455
FAC-REG-001,GAS_FLARE,34.7552124771976,45.39043204112312,-0.5127704160356115,0.2415811930578737,1.0,0.26421748052662286,239.4730079513695,1.074274573802575,0.0,3.0,1.0,0.0,0.0,0.8,0.5,0.002146466941834157
FAC-REG-016,GAS_FLARE,25.62188999891877,31.94464628602026,-0.564502590331956,0.03270748443907167,1.0,0.5440590952133967,51.14319835889883,0.4289843657393097,0.0,3.0,1.0,0.0,0.0,0.8,0.5,0.014422320861093216
FAC-REG-011,GAS_FLARE,20.971281842873875,28.571758712324854,0.4748628828542443,0.08332284620018388,1.0,0.24037076775290875,97.96724566008832,1.0770915314941358,0.0,3.0,1.0,0.0,0.0,0.8,0.5,0.005004491169163873
FAC-REG-018,GAS_FLARE,30.257929235263823,35.61799145155243,0.43877631114964055,0.01815523682059789,1.0,0.42519280746380833,196.98392419768342,0.004535191757848278,0.0,3.0,1.0,0.0,0.0,0.8,0.5,0.00331026048436532
FAC-REG-012,GAS_FLARE,33.26848956194171,45.931389820580044,0.9596070707618762,0.26188032092789293,1.0,0.30437653261773534,36.75022936364956,0.6114354183777435,0.0,3.0,1.0,0.0,0.0,0.8,0.5,0.015012241033863522
FAC-REG-016,GAS_FLARE,34.988955108027405,40.70717825719744,-0.4696585176332888,0.20222933841405305,1.0,0.7792691807603729,276.76476010064533,0.5040257280918188,0.0,3.0,1.0,0.0,0.0,0.8,0.5,0.0031895760299520343
FAC-REG-012,GAS_FLARE,28.712976443079704,40.099025285971095,-0.3113839333600814,0.02791109202415791,1.0,0.6406100212011776,167.9984236034958,0.09848550394478905,0.0,3.0,1.0,0.0,0.0,0.8,0.5,0.0047642183496435595
FAC-REG-003,GAS_FLARE,21.463843259449042,25.288667856318778,-0.8149428912665617,0.1258353609189478,1.0,0.4513575343624514,166.01905413613036,0.7925499739732884,0.0,3.0,1.0,0.0,0.0,0.8,0.5,0.004046713078487455
FAC-REG-007,GAS_FLARE,34.76500555382281,46.80255221896988,-0.4370453950981612,0.03031992175914494,1.0,0.23397533442653484,57.224369263527336,0.6130760170601903,0.0,3.0,1.0,0.0,0.0,0.8,0.5,0.008452866769044724
FAC-REG-002,GAS_FLARE,22.143039602373825,26.38937585187438,-0.03373070886900109,0.028323098089465683,1.0,0.5666849139267478,295.5108692945091,0.30512883592920353,0.0,3.0,1.0,0.0,0.0,0.8,0.5,0.0025474013001367517
FAC-REG-002,GAS_FLARE,28.834136661146406,32.32909302582131,-0.2769196244740868,0.16509184522154582,1.0,0.7977346958267832,154.97126328379363,0.942479459960053,0.0,3.0,1.0,0.0,0.0,0.8,0.5,0.005763390778511178
FAC-REG-006,GAS_FLARE,31.53864228453505,40.32607884475276,0.7731908830047967,0.12917334018153187,1.0,0.5625826518928874,197.88515585079637,0.3843361185206626,0.0,3.0,1.0,0.0,0.0,0.8,0.5,0.003790355552507986
FAC-REG-004,GAS_FLARE,19.590509917509703,21.64754216246939,0.7470685284904293,0.0785777245492214,1.0,0.32690404956906083,227.1457705175941,0.24802255832234843,0.0,3.0,1.0,0.0,0.0,0.8,0.5,0.0025171291299569457
FAC-REG-008,GAS_FLARE,32.993584437390325,45.786030960223854,-0.6153072736921699,0.21803810447826227,1.0,0.5986036199634095,118.77226992258203,-0.17326112090478385,0.0,3.0,1.0,0.0,0.0,0.8,0.5,0.006514102873199235
FAC-REG-019,GAS_FLARE,18.146523044060263,20.069907132851686,0.1732034748091209,0.14206452252190283,1.0,0.510809209345112,26.059826755152557,0.3917612675203959,0.0,3.0,1.0,0.0,0.0,0.8,0.5,0.027425707195768922
FAC-REG-009,GAS_FLARE,20.473794106586226,27.913838107244334,-0.46162052105338947,0.2948542576716183,1.0,0.42974180842234755,73.0960002107219,0.29240815588391317,0.0,3.0,1.0,0.0,0.0,0.8,0.5,0.008968301298933933
FAC-REG-010,GAS_FLARE,28.67651789768213,38.684102967075845,-0.16874443594168964,0.08490712444700173,1.0,0.7202069641463604,208.71804852323044,0.42731968219630706,0.0,3.0,1.0,0.0,0.0,0.8,0.5,0.004066011969058218
FAC-REG-011,GAS_FLARE,29.919451739433107,33.41160214699135,0.8234556966832653,0.213603944396504,1.0,0.5044338590510944,145.85508282560428,-0.017058317421432684,0.0,3.0,1.0,0.0,0.0,0.8,0.5,0.004869457130554606
FAC-REG-002,GAS_FLARE,33.58485205301869,45.01194447987134,-0.09773986040431715,0.21842278713211083,1.0,0.551741299268457,159.8933054415447,0.06924208189809072,0.0,3.0,1.0,0.0,0.0,0.8,0.5,0.00464555349985385
FAC-REG-006,GAS_FLARE,32.139318732186524,39.819324901435635,-0.026343576117526357,0.2811189835008075,1.0,0.5822515333128293,272.0322856285352,0.43911239747814607,0.0,3.0,1.0,0.0,0.0,0.8,0.5,0.002805012945650687
FAC-REG-008,GAS_FLARE,19.685483908719608,25.332977843384697,-0.10625160959912217,0.23561564175557168,1.0,0.33228228859962194,69.42023212649644,0.36886512334927485,0.0,3.0,1.0,0.0,0.0,0.8,0.5,0.008303621313818352
FAC-REG-013,GAS_FLARE,33.87086775211372,46.734368338030656,-0.7495399487425065,0.12079562592820652,1.0,0.21693725579042383,260.02563521212653,0.30225806682978323,0.0,3.0,1.0,0.0,0.0,0.8,0.5,0.0017912281471692507
FAC-REG-017,GAS_FLARE,30.153273447313907,37.05696795203601,-0.387115326899514,0.2890417439336239,1.0,0.7786929350143126,103.88443757628605,0.47147513544224123,0.0,3.0,1.0,0.0,0.0,0.8,0.5,0.008494398363484444
FAC-REG-001,GAS_FLARE,29.448135391494354,37.82170792172232,0.7849381879040234,0.03280174618702983,1.0,0.39854885946811713,92.52734437811348,1.1832195468915903,0.0,3.0,1.0,0.0,0.0,0.8,0.5,0.006822926417818646
FAC-REG-003,GAS_FLARE,27.06624216179859,37.86020796743035,0.6010722102534953,0.2552362065710822,1.0,0.5811589924154485,35.470518123143364,0.08951674646180174,0.0,3.0,1.0,0.0,0.0,0.8,0.5,0.021492154244564105
FAC-REG-009,GAS_FLARE,18.33407520669641,25.004340259290984,0.9312196627617682,0.10905541223915469,1.0,0.40310412765528375,25.957340325726392,0.7523509636625236,0.0,3.0,1.0,0.0,0.0,0.8,0.5,0.024459548236634224
FAC-REG-019,GAS_FLARE,24.934942912253298,34.76126438027888,0.30022644683842725,0.22518651104513046,1.0,0.21890782584932697,57.563051580063764,0.6863191770947337,0.0,3.0,1.0,0.0,0.0,0.8,0.5,0.008128058763597368
FAC-REG-018,GAS_FLARE,24.268327643004383,32.29918868420776,0.6218703853452212,0.12610342178355088,1.0,0.768291761603813,136.18371015477192,0.8805704493221538,0.0,3.0,1.0,0.0,0.0,0.8,0.5,0.006436324418936429
FAC-REG-004,GAS_FLARE,19.371386045650016,25.215820005105204,0.37836282085503337,0.10902612791644828,1.0,0.3293658591458269,248.584034729017,0.10394452125784648,0.0,3.0,1.0,0.0,0.0,0.8,0.5,0.0023086923144343395
FAC-REG-014,GAS_FLARE,31.6870265488293,42.937182763910315,-0.4216993310916981,0.2861554227250739,1.0,0.22991608783949857,65.37495389621054,0.5526135932721199,0.0,3.0,1.0,0.0,0.0,0.8,0.5,0.007334546814928673
FAC-REG-001,GAS_FLARE,22.650214493032927,27.630937783666017,0.965720235710841,0.1655764134446572,1.0,0.5015780693727521,95.1468627443016,0.7819089844346179,0.0,3.0,1.0,0.0,0.0,0.8,0.5,0.007443458935436667
FAC-REG-003,GAS_FLARE,18.84171470493899,24.113769226863322,-0.31665085236309176,0.28646174793827855,1.0,0.7419144144336716,220.9829273947712,0.9454038135789218,0.0,3.0,1.0,0.0,0.0,0.8,0.5,0.003897787711042553
FAC-REG-018,GAS_FLARE,20.134895746072733,26.7726261020168,-0.5796160625623072,0.10379842797905706,1.0,0.6915405272614522,172.0810679165917,1.003916999856773,0.0,3.0,1.0,0.0,0.0,0.8,0.5,0.004832542985713572
FAC-REG-019,GAS_FLARE,28.422976064177107,32.60573433645532,0.9246761149624136,0.160325984367243,1.0,0.24373907112299303,197.00588161855856,0.15447846981793428,0.0,3.0,1.0,0.0,0.0,0.8,0.5,0.0025060133695964243
FAC-REG-015,GAS_FLARE,20.030631027392857,25.773230538455902,0.8688404336850275,0.06989497715188185,1.0,0.6410156894630594,263.1404934567355,0.5292350498265155,0.0,3.0,1.0,0.0,0.0,0.8,0.5,0.0030426124984983057
FAC-REG-016,GAS_FLARE,19.521043087776583,23.92099299950985,0.7065695971344039,0.25828455037845144,1.0,0.25954259895180865,49.03896363840131,0.16777366780270936,0.0,3.0,1.0,0.0,0.0,0.8,0.5,0.010388743919036214
FAC-REG-015,GAS_FLARE,25.607549124891637,28.951063465955173,-0.9681594654744028,0.18869305991165322,1.0,0.7764976502481131,273.1915744672734,0.7754567409095661,0.0,3.0,1.0,0.0,0.0,0.8,0.5,0.0032255425242889977
FAC-REG-017,GAS_FLARE,28.866431099629317,33.794068303308485,0.4273205662243076,0.2633666300226171,1.0,0.27608107947605603,263.180410052359,0.6310053561800171,0.0,3.0,1.0,0.0,0.0,0.8,0.5,0.0019964790759471464
FAC-REG-016,GAS_FLARE,25.67184801201988,29.139984109257487,-0.09346507848995733,0.25742098555476206,1.0,0.5487926118350321,45.784639990601804,0.06833984636238405,0.0,3.0,1.0,0.0,0.0,0.8,0.5,0.016180216349647548
FAC-REG-011,GAS_FLARE,34.15474680139392,43.05911782660084,-0.21161901080018408,0.2559789072803397,1.0,0.4957896262748535,154.24509291580836,0.48643748517375957,0.0,3.0,1.0,0.0,0.0,0.8,0.5,0.004564964045254307
FAC-REG-014,GAS_FLARE,18.942360812000974,23.98588362606748,0.17580464978962906,0.2810166712303394,1.0,0.6356367956374847,277.3052520884653,1.0716860943402133,0.0,3.0,1.0,0.0,0.0,0.8,0.5,0.002875056738081522
FAC-REG-005,GAS_FLARE,26.97195511071961,34.179732444755395,0.9566616153544956,0.23421863060661807,1.0,0.2637595428754375,238.84624027166637,0.0387532684575162,0.0,3.0,1.0,0.0,0.0,0.8,0.5,0.0021502337852767933
FAC-REG-017,GAS_FLARE,18.5977072546103,22.26040602557834,0.08821724787893714,0.16999658788579042,1.0,0.41393535270613324,147.45556072571776,1.151725085528673,0.0,3.0,1.0,0.0,0.0,0.8,0.5,0.004363199841121097
FAC-REG-004,GAS_FLARE,22.72790684841466,26.258245282606758,-0.004967146251132926,0.09002516016558439,1.0,0.63860620948369,45.14778294984795,0.7296462463558444,0.0,3.0,1.0,0.0,0.0,0.8,0.5,0.017700280144821064
FAC-REG-006,GAS_FLARE,25.12186062572708,33.481398898018305,-0.3225340884511372,0.17348375941916583,1.0,0.3229875396955465,228.79072795082357,-0.12680925542373656,0.0,3.0,1.0,0.0,0.0,0.8,0.5,0.0024840164298962635
FAC-REG-014,GAS_FLARE,29.616548164671407,34.20916361014186,0.6418384272260005,0.13437647292446595,1.0,0.3133913959827051,101.77606870943191,0.17453784234767927,0.0,3.0,1.0,0.0,0.0,0.8,0.5,0.0055004454635353165
FAC-REG-014,GAS_FLARE,26.381512127699636,29.66816131743249,-0.6080396305964761,0.28369225084148414,1.0,0.7858937966887325,127.84757489519646,1.09260042941951,0.0,3.0,1.0,0.0,0.0,0.8,0.5,0.006934089389005551
FAC-REG-018,GAS_FLARE,20.162823077929183,27.71195276284819,-0.01291268082109398,0.14153611478840067,1.0,0.22282950698605455,225.10381815946414,0.5392953133049103,0.0,3.0,1.0,0.0,0.0,0.8,0.5,0.002097024421669945
FAC-REG-003,GAS_FLARE,24.517593681743975,33.12691211510167,0.730589118402049,0.18482545031473457,1.0,0.6365218563380857,55.78299732319222,0.6233764916549966,0.0,3.0,1.0,0.0,0.0,0.8,0.5,0.01430226479313952
FAC-REG-011,GAS_FLARE,24.391510772795364,32.36492561349552,0.07932357780630483,0.032470251701089976,1.0,0.21081740537534735,52.24368155140143,0.374698199176331,0.0,3.0,1.0,0.0,0.0,0.8,0.5,0.008788595138312203
FAC-REG-018,GAS_FLARE,19.904199122159497,26.966991782522346,0.06569426456651972,0.14668332029046982,1.0,0.7886585747081059,228.34440995572146,-0.0347915627328752,0.0,3.0,1.0,0.0,0.0,0.8,0.5,0.0038891449570193533
FAC-REG-018,GAS_FLARE,20.858007659161327,26.149228854522665,-0.02525038415751024,0.1912765502790933,1.0,0.7677121363947568,184.0169179264444,0.556304173490066,0.0,3.0,1.0,0.0,0.0,0.8,0.5,0.004761474366272716
FAC-REG-007,GAS_FLARE,19.069427092306405,22.04814859499217,-0.9350584566165034,0.22557233971530358,1.0,0.633998182396378,61.55152070313345,0.9705104611133932,0.0,3.0,1.0,0.0,0.0,0.8,0.5,0.012936155257158605
FAC-REG-012,GAS_FLARE,18.269481317941896,24.097026679471696,0.7774930336276258,0.027885629250077662,1.0,0.470038502249455,80.5025692901997,0.593125431822962,0.0,3.0,1.0,0.0,0.0,0.8,0.5,0.008516418123811967
FAC-REG-018,GAS_FLARE,18.898040196446242,24.335995833901535,-0.8909814451725608,0.2525675238390757,1.0,0.5071631784091568,169.4541043845033,0.5862323107970719,0.0,3.0,1.0,0.0,0.0,0.8,0.5,0.0042026358899704816
FAC-REG-004,GAS_FLARE,27.718540931945554,33.24831648390656,0.4461142509206595,0.15724812404017266,1.0,0.499465194864564,54.39927008563474,0.3453224363235721,0.0,3.0,1.0,0.0,0.0,0.8,0.5,0.012991507322798839
FAC-REG-017,GAS_FLARE,18.266830395136754,22.066877098904897,-0.8203557411487905,0.0844807109403037,1.0,0.2555099727098567,51.85988865356608,0.07861581218126357,0.0,3.0,1.0,0.0,0.0,0.8,0.5,0.00974703101103793
FAC-REG-008,GAS_FLARE,33.93717993078478,44.3755169517268,-0.6882969268971131,0.08059835886196909,1.0,0.7053162385238687,81.76847693024158,-0.09846875626372603,0.0,3.0,1.0,0.0,0.0,0.8,0.5,0.010270841636085402
FAC-REG-007,GAS_FLARE,24.842948043332413,34.184195014620464,0.3005101421873231,0.03622150355958161,1.0,0.7687139403521965,95.36180476470787,0.2720974865688,0.0,3.0,1.0,0.0,0.0,0.8,0.5,0.009194072345530742
FAC-REG-018,GAS_FLARE,31.412067106893755,40.9781613602945,0.7775049675005448,0.21082906370074594,1.0,0.34611700333972184,281.13795293348926,-0.05322995391161217,0.0,3.0,1.0,0.0,0.0,0.8,0.5,0.0020926277938333087
FAC-REG-002,GAS_FLARE,20.608019000614497,24.934989050938615,-0.2532936779363366,0.053909028741464665,1.0,0.6790721030307143,219.19501862057683,0.06653450081584861,0.0,3.0,1.0,0.0,0.0,0.8,0.5,0.0037594755486159525
FAC-REG-007,GAS_FLARE,19.79868542256074,25.50985340368358,-0.7572561509027607,0.29592090890122613,1.0,0.6684092448127175,131.70583968518264,0.6099895051910962,0.0,3.0,1.0,0.0,0.0,0.8,0.5,0.0062074923427588085
FAC-REG-005,GAS_FLARE,27.419687766729044,31.597064747241575,-0.2425932888376814,0.2545120108586261,1.0,0.5865278095937708,203.59993007612889,1.0135500799638848,0.0,3.0,1.0,0.0,0.0,0.8,0.5,0.003761548620757543
FAC-REG-007,GAS_FLARE,29.319124070081664,34.14663093983209,-0.5578568943720164,0.22147117506524738,1.0,0.5001743112069079,138.58296659181767,0.0368842723481525,0.0,3.0,1.0,0.0,0.0,0.8,0.5,0.005103296923679157
FAC-REG-013,GAS_FLARE,31.556149417008292,41.52894660989274,-0.8277284569019274,0.1445048491555691,1.0,0.30438643971308216,117.14366461678024,-0.1746864709120404,0.0,3.0,1.0,0.0,0.0,0.8,0.5,0.00470970650980502
FAC-REG-004,GAS_FLARE,27.347907659655576,35.16598468647068,0.32698069025742016,0.25252448079971335,1.0,0.32927774436543805,57.252982993017156,0.9921520406570958,0.0,3.0,1.0,0.0,0.0,0.8,0.5,0.010022661658296534
FAC-REG-003,GAS_FLARE,21.239792790792293,26.307858040803325,0.8060557469856233,0.024747492854388126,1.0,0.7181340817989859,118.10159325336029,1.0593178711348337,0.0,3.0,1.0,0.0,0.0,0.8,0.5,0.007175414809875778
FAC-REG-002,GAS_FLARE,33.78233338367346,37.82566743888763,0.09882366412192911,0.1813512175445832,1.0,0.5916368742663345,94.56387763958078,0.31039299852781016,0.0,3.0,1.0,0.0,0.0,0.8,0.5,0.008133965847949454
FAC-REG-015,GAS_FLARE,32.44098832692226,40.9522426739764,0.6077197724976453,0.15757672400053127,1.0,0.23746656498435448,129.96937445754685,0.42221734074009815,0.0,3.0,1.0,0.0,0.0,0.8,0.5,0.0037493864571147544
FAC-REG-005,GAS_FLARE,19.742437596216618,24.88809636190739,-0.8297127268878357,0.09785409868812434,1.0,0.6467581855778457,290.1832815607627,0.8050188127727,0.0,3.0,1.0,0.0,0.0,0.8,0.5,0.0027713959587751477
FAC-REG-018,GAS_FLARE,32.981261588592126,39.74426575658902,-0.8334846838987358,0.22012179365605727,1.0,0.38690737940839165,240.08691753508998,0.41971678756460634,0.0,3.0,1.0,0.0,0.0,0.8,0.5,0.002590806695503598
FAC-REG-011,GAS_FLARE,28.73019732702121,33.013437261981714,0.1312070554960867,0.156134777360374,1.0,0.20810818538370957,124.15096549064856,0.6415276343548237,0.0,3.0,1.0,0.0,0.0,0.8,0.5,0.0036744680872301473
FAC-REG-017,GAS_FLARE,33.1069159352208,41.22324161368759,0.4568449745988763,0.10177182719470271,1.0,0.4053118434551945,77.6719312943186,0.5867273539905349,0.0,3.0,1.0,0.0,0.0,0.8,0.5,0.00819653963371037
FAC-REG-005,GAS_FLARE,18.498090532758113,23.778016970691883,0.019017746448403816,0.16826740713603633,1.0,0.4156542960984903,46.48679576877196,0.070674927056873,0.0,3.0,1.0,0.0,0.0,0.8,0.5,0.013868724611549563
FAC-REG-017,GAS_FLARE,23.362078651397617,30.482367935028844,0.7429770835147766,0.07887095228503795,1.0,0.78735173367194,130.6376058497587,0.1741621592058864,0.0,3.0,1.0,0.0,0.0,0.8,0.5,0.0067922893959110634
FAC-REG-014,GAS_FLARE,30.660762437708676,35.27431721709302,-0.6201305126779599,0.14360652969099988,1.0,0.37176791726716457,92.2997828203484,0.7033327023746643,0.0,3.0,1.0,0.0,0.0,0.8,0.5,0.006605949891203332
FAC-REG-006,GAS_FLARE,32.0167901865988,39.23057546963426,-0.8538298179476995,0.08936325162722271,1.0,0.7880032779180903,188.56736676422577,0.7936319187214282,0.0,3.0,1.0,0.0,0.0,0.8,0.5,0.004707577468939615
FAC-REG-007,GAS_FLARE,26.809497447102856,29.792284526300765,0.13846042418289595,0.27702354639446186,1.0,0.7810514783002449,173.19253840734308,0.4414867273531023,0.0,3.0,1.0,0.0,0.0,0.8,0.5,0.0051028247327691515
FAC-REG-013,GAS_FLARE,23.290310542668156,27.080050219167614,0.6969644198674794,0.2727455306028653,1.0,0.5249581536790922,197.72094426831973,0.15967999856921072,0.0,3.0,1.0,0.0,0.0,0.8,0.5,0.0036644573123519896
FAC-REG-015,GAS_FLARE,20.792597640750778,26.013948063002488,0.6604057686915241,0.20256354613960467,1.0,0.4030207195551295,282.2043542814446,1.077090599748855,0.0,3.0,1.0,0.0,0.0,0.8,0.5,0.002249572408246063
FAC-REG-013,GAS_FLARE,30.207729545252384,38.49782358039176,0.8955391640642965,0.025572152793798982,1.0,0.2637474250817363,71.9333717993978,0.766239498846065,0.0,3.0,1.0,0.0,0.0,0.8,0.5,0.007139432572815061
FAC-REG-019,GAS_FLARE,22.193159596361223,27.47256661741258,0.25700780016713565,0.1716030316623391,1.0,0.6455815938090144,101.21567292482328,0.5909336507134624,0.0,3.0,1.0,0.0,0.0,0.8,0.5,0.007938305401687433
FAC-REG-008,WILDFIRE,126.86975995247346,333.06372713275687,29.26902987001654,44.63506674971498,0.0,52.515302008347064,39.884115147134665,0.0,0.0,1.0,0.0,0.0,0.0,0.3,0.5,0.18169499833014763
FAC-REG-016,WILDFIRE,133.1656072477002,383.2667249987194,20.413097805882373,27.402414511257454,0.0,122.49856719727813,45.31633180301719,0.0,0.0,1.0,0.0,0.0,0.0,0.3,0.5,0.24423660615517923
FAC-REG-016,WILDFIRE,52.550077577460726,148.8690580495633,16.517582281125478,18.268917703148592,0.0,84.13195785431962,68.20417201428683,0.0,0.0,1.0,0.0,0.0,0.0,0.3,0.5,0.1344836713818393
FAC-REG-012,WILDFIRE,83.09621833175508,148.2668011899502,9.396546460468258,18.12927314316461,0.0,134.59948544986239,57.59542222758112,0.0,0.0,1.0,0.0,0.0,0.0,0.3,0.5,0.20143444366750538
FAC-REG-007,WILDFIRE,200.00621890605038,451.5487069815561,39.59296983525499,24.145823719761008,0.0,22.862107160737157,24.785556596159033,0.0,0.0,1.0,0.0,0.0,0.0,0.3,0.5,0.19291209256881509
FAC-REG-005,WILDFIRE,238.98867652804904,633.3853195717676,14.390052014972042,29.041376807198716,0.0,112.39563620979223,68.24185145003507,0.0,0.0,1.0,0.0,0.0,0.0,0.3,0.5,0.1553545309038441
FAC-REG-012,WILDFIRE,55.8619865229506,135.56586786704457,28.305021817569703,20.768294188938558,0.0,143.84707534334498,63.946810974852376,0.0,0.0,1.0,0.0,0.0,0.0,0.3,0.5,0.18755628723114498
FAC-REG-014,WILDFIRE,189.86693564368596,356.68451371644505,27.988533088095714,13.730044344185266,0.0,34.44043522917599,71.96594522896513,0.0,0.0,1.0,0.0,0.0,0.0,0.3,0.5,0.08154686724514681
FAC-REG-008,WILDFIRE,130.50745325801,252.17260688835606,26.13721552817796,7.934146820583359,0.0,27.781933718147332,10.102828655385366,0.0,0.0,1.0,0.0,0.0,0.0,0.3,0.5,0.52172091590541
FAC-REG-014,WILDFIRE,166.12739212930833,264.76048791681694,30.242856362462078,14.985407789068011,0.0,107.50219625893192,70.84141696225572,0.0,0.0,1.0,0.0,0.0,0.0,0.3,0.5,0.14635967254378468
FAC-REG-012,WILDFIRE,225.47054111395778,658.8920572691459,22.036286692331043,33.39067419736857,0.0,130.01584923003864,30.82297042396071,0.0,0.0,1.0,0.0,0.0,0.0,0.3,0.5,0.369933497897396
FAC-REG-017,WILDFIRE,200.93376891705194,499.7071865010455,33.83637335686325,31.253272027236363,0.0,145.8074936185293,53.69330866334538,0.0,0.0,1.0,0.0,0.0,0.0,0.3,0.5,0.22488979867064524
FAC-REG-002,WILDFIRE,198.291322429461,482.44552056250507,23.902776267276852,35.234957091123164,0.0,113.2210097833471,48.31183361172345,0.0,0.0,1.0,0.0,0.0,0.0,0.3,0.5,0.22024699468120734
FAC-REG-019,WILDFIRE,125.22053936205704,370.10906680658354,8.933507630203405,16.471691772860577,0.0,81.47423749258532,61.550699913202294,0.0,0.0,1.0,0.0,0.0,0.0,0.3,0.5,0.14664834176162583
FAC-REG-017,WILDFIRE,98.16046980616807,156.92888066603595,29.709484311778645,15.29016798354903,0.0,67.47109134057831,36.39689260989874,0.0,0.0,1.0,0.0,0.0,0.0,0.3,0.5,0.22568077273025214
FAC-REG-007,WILDFIRE,86.57369330604475,231.21294341158185,12.041133130110781,9.122472698629657,0.0,79.05117927901064,8.638031023009184,0.0,0.0,1.0,0.0,0.0,0.0,0.3,0.5,1.0292939428987098
FAC-REG-012,WILDFIRE,178.26391502917878,344.07615198501037,24.586589947565336,16.894462446317835,0.0,62.0975062417142,67.08279755226748,0.0,0.0,1.0,0.0,0.0,0.0,0.3,0.5,0.1174697147648139
FAC-REG-016,WILDFIRE,223.5629147854244,345.5582267034595,8.180678842937693,39.332326613986275,0.0,100.12506417274138,55.823112834531216,0.0,0.0,1.0,0.0,0.0,0.0,0.3,0.5,0.17924925262387176
FAC-REG-007,WILDFIRE,245.95984662165884,426.3809611287536,12.898260406821926,14.260127845378605,0.0,121.99286862888046,19.962066972807563,0.0,0.0,1.0,0.0,0.0,0.0,0.3,0.5,0.5533013292417504
FAC-REG-013,WILDFIRE,230.62766805065996,598.3994090205528,30.74122350091891,9.120712520549494,0.0,63.52772395028238,62.93564203005814,0.0,0.0,1.0,0.0,0.0,0.0,0.3,0.5,0.1266441055288278
FAC-REG-009,WILDFIRE,229.3425581921356,662.63704061412,5.31843634482716,8.941074863718743,0.0,48.79842849206549,50.83618664726411,0.0,0.0,1.0,0.0,0.0,0.0,0.3,0.5,0.13741367435447416
FAC-REG-011,WILDFIRE,136.58780977173217,329.23940747093553,11.59749484784464,37.393706521385724,0.0,145.5892950327184,25.190331706534238,0.0,0.0,1.0,0.0,0.0,0.0,0.3,0.5,0.47899484027646827
FAC-REG-007,WILDFIRE,245.6452911949484,625.055165567621,28.51916482744679,15.38658199930953,0.0,115.38633987068339,56.01739708619339,0.0,0.0,1.0,0.0,0.0,0.0,0.3,0.5,0.19175834543367465
FAC-REG-001,WILDFIRE,149.58448381408977,355.78392790903575,5.297345251252333,35.67923333503266,0.0,111.25692940133501,31.44232871721742,0.0,0.0,1.0,0.0,0.0,0.0,0.3,0.5,0.3354662477369316
FAC-REG-014,WILDFIRE,198.53583335486059,582.258494760374,13.405305860770497,18.617459935744478,0.0,39.81474008004502,44.92391189406974,0.0,0.0,1.0,0.0,0.0,0.0,0.3,0.5,0.14045731936367392
FAC-REG-005,WILDFIRE,79.88588090837541,217.93828664525873,9.084119197756493,31.58405283147126,0.0,61.05515898565721,55.840830117278514,0.0,0.0,1.0,0.0,0.0,0.0,0.3,0.5,0.13992951132356435
FAC-REG-007,WILDFIRE,41.23159285630388,66.70301968137764,35.84403237170541,9.03728057456034,0.0,110.4184854884182,66.88244250297936,0.0,0.0,1.0,0.0,0.0,0.0,0.3,0.5,0.15711178692538585
FAC-REG-008,WILDFIRE,159.4734952273904,450.12405958349484,37.96669555411471,34.84296667633946,0.0,26.693667715383693,50.82586595423045,0.0,0.0,1.0,0.0,0.0,0.0,0.3,0.5,0.10165279827094367
FAC-REG-014,WILDFIRE,111.33544988071328,287.0817045873506,15.044537981504014,15.745616650805106,0.0,63.09373577151031,19.34176364024269,0.0,0.0,1.0,0.0,0.0,0.0,0.3,0.5,0.4106738498493235
FAC-REG-003,WILDFIRE,120.64400553264122,335.5832777180858,31.21496560917349,16.620300490062228,0.0,30.862748428670397,24.12788618522059,0.0,0.0,1.0,0.0,0.0,0.0,0.3,0.5,0.23024914375757455
FAC-REG-011,WILDFIRE,162.13365594844862,372.9431288525727,25.873775989236155,20.275102364114097,0.0,123.95944774313422,41.49031995521599,0.0,0.0,1.0,0.0,0.0,0.0,0.3,0.5,0.2683447063965177
FAC-REG-010,WILDFIRE,94.26245605277771,257.13759668388616,36.48602081671325,36.49537061174014,0.0,41.37345971456213,13.55191267208842,0.0,0.0,1.0,0.0,0.0,0.0,0.3,0.5,0.4746356171170318
FAC-REG-013,WILDFIRE,51.98989970707562,130.4550752603017,23.564847711453496,31.84864357700288,0.0,94.67305444271544,35.05296444973906,0.0,0.0,1.0,0.0,0.0,0.0,0.3,0.5,0.27758017300839966
FAC-REG-008,WILDFIRE,192.3483153745342,321.19222562433714,19.22282418471115,24.91784345656512,0.0,88.01165363615786,60.37508104929387,0.0,0.0,1.0,0.0,0.0,0.0,0.3,0.5,0.15538617053480763
FAC-REG-004,WILDFIRE,100.02670421931597,160.70951099491126,17.097992743965072,34.98848453373899,0.0,74.14507288949486,60.33845955772284,0.0,0.0,1.0,0.0,0.0,0.0,0.3,0.5,0.1427075432803465
FAC-REG-001,WILDFIRE,235.25626175240563,687.3706076533122,7.425657710656205,23.800124148784548,0.0,97.30802326869168,24.375842611981618,0.0,0.0,1.0,0.0,0.0,0.0,0.3,0.5,0.4046827458030182
FAC-REG-010,WILDFIRE,134.45883804793002,354.2363914789135,32.794709660629536,25.289285057786593,0.0,135.79092206222566,25.130779980435044,0.0,0.0,1.0,0.0,0.0,0.0,0.3,0.5,0.4636917838704148
FAC-REG-015,WILDFIRE,95.24680628408007,246.36343981298472,11.634442798792916,40.79727870598615,0.0,73.17708042997413,20.672193939683424,0.0,0.0,1.0,0.0,0.0,0.0,0.3,0.5,0.413809987550377
FAC-REG-018,WILDFIRE,107.33018037554763,189.70580065666846,13.377944271971622,22.300771812541598,0.0,48.910920621603076,28.51632550505594,0.0,0.0,1.0,0.0,0.0,0.0,0.3,0.5,0.24525019156386527
FAC-REG-010,WILDFIRE,193.1772442325735,451.95287408119077,17.56502688277423,37.52595507742488,0.0,67.38789402522919,58.94176573443888,0.0,0.0,1.0,0.0,0.0,0.0,0.3,0.5,0.13927327885081675
FAC-REG-004,WILDFIRE,109.72014744471262,287.10067779586575,10.319306386591792,11.082401535560345,0.0,61.65964999988146,59.69295161881965,0.0,0.0,1.0,0.0,0.0,0.0,0.3,0.5,0.13154594759612823
FAC-REG-005,WILDFIRE,48.74524469139587,133.852182435666,24.9966551740175,29.6913984024342,0.0,85.62633010880765,63.966406610153115,0.0,0.0,1.0,0.0,0.0,0.0,0.3,0.5,0.14466108264148658
FAC-REG-002,WILDFIRE,150.79172070932358,374.439059569785,13.161564404756572,39.71171650058151,0.0,56.76475588080174,52.42442585447916,0.0,0.0,1.0,0.0,0.0,0.0,0.3,0.5,0.14371619302279331
FAC-REG-007,WILDFIRE,102.45259973301783,258.4456244405475,12.272666264666384,37.15899392079653,0.0,123.41001670360869,34.576732004660514,0.0,0.0,1.0,0.0,0.0,0.0,0.3,0.5,0.32128560056872474
FAC-REG-010,WILDFIRE,208.67454588125958,488.8859468491525,30.930912235269492,31.812552176385214,0.0,62.99652261552103,59.76694649814818,0.0,0.0,1.0,0.0,0.0,0.0,0.3,0.5,0.13279973866131567
FAC-REG-002,WILDFIRE,103.94986972179049,159.8010197438761,5.136993700738673,14.861099435448175,0.0,69.86484871813438,62.480714711171856,0.0,0.0,1.0,0.0,0.0,0.0,0.3,0.5,0.13377759149724952
FAC-REG-001,WILDFIRE,235.2835702605896,545.2991125921374,28.151317186327816,41.22767126731765,0.0,28.303824940747223,22.853028983434562,0.0,0.0,1.0,0.0,0.0,0.0,0.3,0.5,0.23279775845789819
FAC-REG-018,WILDFIRE,212.98633700158294,593.2827156746079,19.52875118992264,9.484256189382807,0.0,74.10049943544868,22.767013773251442,0.0,0.0,1.0,0.0,0.0,0.0,0.3,0.5,0.3780981020105959
FAC-REG-005,WILDFIRE,164.1732412738814,464.65318017900245,36.10992844376968,35.083615613573,0.0,19.74619392654769,44.80450682146655,0.0,0.0,1.0,0.0,0.0,0.0,0.3,0.5,0.09917906225399994
FAC-REG-008,WILDFIRE,58.83719299311761,173.11758988139138,33.25415772641877,23.925677419901948,0.0,45.1863440236956,67.74112673599055,0.0,0.0,1.0,0.0,0.0,0.0,0.3,0.5,0.09923187243518905
FAC-REG-004,WILDFIRE,179.5346379895845,460.1829861326917,11.225792841122,40.65279825245491,0.0,74.657559072155,17.14213808588312,0.0,0.0,1.0,0.0,0.0,0.0,0.3,0.5,0.5040480095824578
FAC-REG-019,WILDFIRE,205.8946450035223,506.2832391005035,34.87129436208936,34.75754590919618,0.0,134.09777452564373,35.768835103070685,0.0,0.0,1.0,0.0,0.0,0.0,0.3,0.5,0.3237471758753152
FAC-REG-015,WILDFIRE,248.49474765321483,524.7814846366634,15.059088684591888,27.757288159537538,0.0,56.081524895816685,13.533280455689749,0.0,0.0,1.0,0.0,0.0,0.0,0.3,0.5,0.5533588052251125
FAC-REG-012,WILDFIRE,134.41250411325507,370.3461184432794,25.03103149705268,44.969084658794195,0.0,53.724297162372,25.94912414464354,0.0,0.0,1.0,0.0,0.0,0.0,0.3,0.5,0.2824637155329696
FAC-REG-019,WILDFIRE,166.38353321294005,265.6730960071882,39.03828734717817,27.21716864648845,0.0,90.57242249426818,41.28738652815325,0.0,0.0,1.0,0.0,0.0,0.0,0.3,0.5,0.23050513185912114
FAC-REG-015,WILDFIRE,95.50294808248853,184.40301543791065,22.896868142864648,37.4607483357796,0.0,21.731717826714146,46.61786958209574,0.0,0.0,1.0,0.0,0.0,0.0,0.3,0.5,0.09999875802049699
FAC-REG-019,WILDFIRE,100.32411592418421,261.36356947166297,20.869568071849383,44.581917859149016,0.0,22.390572605045342,30.720977032719787,0.0,0.0,1.0,0.0,0.0,0.0,0.3,0.5,0.15402725526137745
FAC-REG-007,WILDFIRE,155.98751444859835,374.10869976761495,14.60441023501313,21.601155803465364,0.0,120.07579592412043,68.23774042372386,0.0,0.0,1.0,0.0,0.0,0.0,0.3,0.5,0.1605843061437565
FAC-REG-014,WILDFIRE,218.62184143438589,508.4746032734653,33.90608792493851,17.83665245677014,0.0,68.79463288474395,28.282432884386836,0.0,0.0,1.0,0.0,0.0,0.0,0.3,0.5,0.2932651882292253
FAC-REG-016,WILDFIRE,94.55682739594369,177.95524278644473,39.9368269067225,13.32911235707802,0.0,34.988067530992005,14.31585457663492,0.0,0.0,1.0,0.0,0.0,0.0,0.3,0.5,0.4131832429402696
FAC-REG-014,WILDFIRE,63.21406492480191,115.62384002589909,21.252258745874958,22.896786360052086,0.0,122.9584013703768,55.326377848583256,0.0,0.0,1.0,0.0,0.0,0.0,0.3,0.5,0.20042268024675464
FAC-REG-010,WILDFIRE,213.09627704380364,500.19282649254075,11.28799380428961,9.890778750410853,0.0,22.35910513796599,50.65765323426456,0.0,0.0,1.0,0.0,0.0,0.0,0.3,0.5,0.09334308327752225
FAC-REG-016,WILDFIRE,140.20073895770037,237.82555694780532,13.244807710807544,42.36765417079792,0.0,131.03290170936123,53.42624321433424,0.0,0.0,1.0,0.0,0.0,0.0,0.3,0.5,0.21425725787880615
FAC-REG-012,WILDFIRE,149.267961500191,442.26108786934293,38.801965535950046,14.395492785647537,0.0,124.49911645121794,20.623530634689075,0.0,0.0,1.0,0.0,0.0,0.0,0.3,0.5,0.5410284692284955
FAC-REG-010,WILDFIRE,66.1311836688186,194.64350383250743,15.147366692156,39.26482393198743,0.0,67.329324402332,28.684431990872156,0.0,0.0,1.0,0.0,0.0,0.0,0.3,0.5,0.2860591698254412
FAC-REG-010,WILDFIRE,229.8638687006961,398.7664188916729,17.832319503375977,30.145734601821154,0.0,36.51830944413929,69.95341901092728,0.0,0.0,1.0,0.0,0.0,0.0,0.3,0.5,0.0863866010073093
FAC-REG-018,WILDFIRE,75.05953759723853,126.23011574530237,7.989296898289285,41.468302897428615,0.0,41.139214322387204,34.6422354268387,0.0,0.0,1.0,0.0,0.0,0.0,0.3,0.5,0.18514930570653496
FAC-REG-004,WILDFIRE,146.5769098385596,308.0869103239524,34.92774350893909,22.84482271468732,0.0,67.12339049306038,52.1487163454488,0.0,0.0,1.0,0.0,0.0,0.0,0.3,0.5,0.15710619844459034
FAC-REG-019,WILDFIRE,44.07426157982524,87.7302651493437,26.978555737001773,16.732418259165552,0.0,137.79420383225994,48.56892555727628,0.0,0.0,1.0,0.0,0.0,0.0,0.3,0.5,0.24168905231346877
FAC-REG-019,WILDFIRE,211.05869454383557,390.6452095823162,12.022123155130071,33.89033429563585,0.0,57.51852835903253,27.6095230951653,0.0,0.0,1.0,0.0,0.0,0.0,0.3,0.5,0.2746913462909737
FAC-REG-009,WILDFIRE,241.17566418226704,543.7567990270088,7.90201034880684,30.180052005618926,0.0,60.9301042509197,62.77921213384306,0.0,0.0,1.0,0.0,0.0,0.0,0.3,0.5,0.1243369184042004
FAC-REG-009,WILDFIRE,140.439570177319,248.71216559167132,21.997075691124394,33.4628466915929,0.0,19.021718044403993,8.62588033956876,0.0,0.0,1.0,0.0,0.0,0.0,0.3,0.5,0.5056167360199576
FAC-REG-010,WILDFIRE,107.55413742727498,236.42878084749086,38.011854739270774,42.33752556539916,0.0,42.927703182008855,30.92601863955666,0.0,0.0,1.0,0.0,0.0,0.0,0.3,0.5,0.2118579730846807
FAC-REG-016,WILDFIRE,141.3995006464188,351.94845893276204,22.873904455651385,24.60488078199483,0.0,127.71142282919284,56.376728292340246,0.0,0.0,1.0,0.0,0.0,0.0,0.3,0.5,0.2004541273562439
FAC-REG-017,WILDFIRE,228.20961232068794,618.4621325733907,5.127970897062725,18.482323003159717,0.0,71.939522661377,22.70184215572683,0.0,0.0,1.0,0.0,0.0,0.0,0.3,0.5,0.373613599550753
FAC-REG-019,WILDFIRE,220.35673251699467,538.399745681398,31.699676582126767,35.845550440561325,0.0,63.09529558704948,25.541324521023725,0.0,0.0,1.0,0.0,0.0,0.0,0.3,0.5,0.3109961942653022
FAC-REG-014,WILDFIRE,218.8127281457748,486.7706566974857,19.562473464304016,44.13629404656949,0.0,42.076229044389436,21.782994102694943,0.0,0.0,1.0,0.0,0.0,0.0,0.3,0.5,0.29778363801332514
FAC-REG-015,WILDFIRE,119.71586485414979,315.1628631465033,28.531438349777442,26.716840825964255,0.0,28.347901259457934,59.9794935867361,0.0,0.0,1.0,0.0,0.0,0.0,0.3,0.5,0.08876825058640819
FAC-REG-016,WILDFIRE,50.17748881992269,91.09292907853411,24.806101178561565,30.006552304533987,0.0,20.340263385952774,33.79448050605646,0.0,0.0,1.0,0.0,0.0,0.0,0.3,0.5,0.13345428147348964
FAC-REG-012,WILDFIRE,99.17624597694586,256.16973622534744,35.165630215553286,31.509024565274153,0.0,84.06473243728415,18.17118507802698,0.0,0.0,1.0,0.0,0.0,0.0,0.3,0.5,0.504572602965785
FAC-REG-019,WILDFIRE,133.59527595181675,210.28221679811324,24.926712116752878,20.92643846139308,0.0,117.22053115706588,27.56150379751574,0.0,0.0,1.0,0.0,0.0,0.0,0.3,0.5,0.3928248314441997
FAC-REG-009,WILDFIRE,222.10195171023562,557.3675684398164,6.6437547842683555,28.086592326494753,0.0,118.04481311963302,16.73619277334926,0.0,0.0,1.0,0.0,0.0,0.0,0.3,0.5,0.649182471399622
FAC-REG-013,WILDFIRE,189.28780939671375,560.3013516655226,32.66986434419043,15.474869105794713,0.0,137.629310155766,13.958858016536965,0.0,0.0,1.0,0.0,0.0,0.0,0.3,0.5,0.8404377989582572
FAC-REG-012,WILDFIRE,226.3838006225469,557.3339536395453,19.477559765469458,17.419701802749582,0.0,65.63841971797724,40.57227398459432,0.0,0.0,1.0,0.0,0.0,0.0,0.3,0.5,0.1996869615127353
FAC-REG-001,WILDFIRE,243.48325103728294,706.008047214099,35.47350138750123,22.451363585383483,0.0,108.3257388602559,65.78107565030174,0.0,0.0,1.0,0.0,0.0,0.0,0.3,0.5,0.15822126745966258
FAC-REG-013,WILDFIRE,178.69864148653053,394.2493440251538,11.962542292826342,29.465777736198138,0.0,23.192214308342113,34.4539174317563,0.0,0.0,1.0,0.0,0.0,0.0,0.3,0.5,0.13977596495704853
FAC-REG-012,WILDFIRE,131.5698645649016,345.1088418992771,33.977373409085935,36.078479887293945,0.0,20.239747954593284,20.42424130854222,0.0,0.0,1.0,0.0,0.0,0.0,0.3,0.5,0.22027064171776162
FAC-REG-001,WILDFIRE,236.31262849319825,650.435188025952,34.48870779231306,17.82511955662732,0.0,72.97546610562485,38.125180628219994,0.0,0.0,1.0,0.0,0.0,0.0,0.3,0.5,0.22406629283670176
FAC-REG-016,WILDFIRE,117.48739865812887,326.8415472626422,33.077105309254975,19.601688648447446,0.0,108.67333226841815,18.21649643350017,0.0,0.0,1.0,0.0,0.0,0.0,0.3,0.5,0.572264280394903
FAC-REG-004,WILDFIRE,161.74479413735213,404.4517999126783,36.90519105420684,19.47918658713079,0.0,98.90348700364136,10.483165102648798,0.0,0.0,1.0,0.0,0.0,0.0,0.3,0.5,0.9486660880115075
FAC-REG-011,WILDFIRE,214.56161906888792,568.6210185834468,17.272494201000143,20.695614483194287,0.0,87.02984852973323,8.015424299848611,0.0,0.0,1.0,0.0,0.0,0.0,0.3,0.5,1.1638783695073247
FAC-REG-012,WILDFIRE,181.93745079434424,340.7848723326449,5.54243846391666,12.50380648603499,0.0,96.89930651974214,53.38414025509999,0.0,0.0,1.0,0.0,0.0,0.0,0.3,0.5,0.1843945503377997
FAC-REG-016,WILDFIRE,90.68343780587497,146.70806144202425,17.474165754738266,35.15842115803413,0.0,89.34322353379727,60.27477565275824,0.0,0.0,1.0,0.0,0.0,0.0,0.3,0.5,0.15681774567182025
FAC-REG-019,WILDFIRE,206.45912011783957,496.67965875054506,22.26695558183332,7.5626943675824005,0.0,147.88346713989557,32.54279184480272,0.0,0.0,1.0,0.0,0.0,0.0,0.3,0.5,0.37368443077607505
FAC-REG-004,WILDFIRE,41.97816975421352,113.89472771836724,14.078990858064884,30.80921304139456,0.0,76.3189466683084,63.259520929393105,0.0,0.0,1.0,0.0,0.0,0.0,0.3,0.5,0.13809892096318624
FAC-REG-018,WILDFIRE,249.32961966255934,431.47144018732394,35.203741626641644,16.37483369242327,0.0,94.76014311089354,40.3694613676295,0.0,0.0,1.0,0.0,0.0,0.0,0.3,0.5,0.2411348043756209
FAC-REG-009,WILDFIRE,71.62830014438902,207.64844732870995,18.407058224735124,34.4513354570811,0.0,17.74604605409398,21.131977145907648,0.0,0.0,1.0,0.0,0.0,0.0,0.3,0.5,0.19934744318144013
FAC-REG-008,WILDFIRE,214.18006279113575,418.5118726134432,21.371203638113226,16.638961815293985,0.0,77.57944141451875,64.82162704594433,0.0,0.0,1.0,0.0,0.0,0.0,0.3,0.5,0.13587932987365936
FAC-REG-002,WILDFIRE,91.86273661808312,261.7554026814453,36.878847711563864,42.78909436309184,0.0,85.23111602891716,51.33400222615324,0.0,0.0,1.0,0.0,0.0,0.0,0.3,0.5,0.1798431755745888
FAC-REG-014,WILDFIRE,173.09736495847307,376.5002523477383,16.82359651625474,21.13585067842213,0.0,47.70959944206298,67.16763409753938,0.0,0.0,1.0,0.0,0.0,0.0,0.3,0.5,0.10283544556799351
FAC-REG-017,WILDFIRE,42.81598531314585,65.4728940420492,39.05365722332146,14.636584763556556,0.0,123.75711898993248,11.729619299876767,0.0,0.0,1.0,0.0,0.0,0.0,0.3,0.5,0.9484210370715881
FAC-REG-001,WILDFIRE,156.90894387609933,409.13116904057426,16.746323548431548,35.83915707369211,0.0,73.42355603060614,38.987807892646195,0.0,0.0,1.0,0.0,0.0,0.0,0.3,0.5,0.21978036468943365
FAC-REG-019,WILDFIRE,43.855260639837034,108.80452151575398,26.650480217524038,18.084037553377918,0.0,26.58222846143108,13.819868794434633,0.0,0.0,1.0,0.0,0.0,0.0,0.3,0.5,0.37307124223494137
FAC-REG-001,WILDFIRE,66.69154889185549,135.7229543680171,25.736904786555876,38.5872964985353,0.0,20.894225376256152,23.144520414080567,0.0,0.0,1.0,0.0,0.0,0.0,0.3,0.5,0.1974990229315091
FAC-REG-017,WILDFIRE,243.22539047840806,482.14879232778475,39.93819090400521,44.85038403364027,0.0,40.81341989581014,28.01543143605761,0.0,0.0,1.0,0.0,0.0,0.0,0.3,0.5,0.22803640130888123
FAC-REG-007,WILDFIRE,45.92018149391665,85.73837995588116,35.85200368561186,22.22063251760287,0.0,112.24500483740906,66.77024226431729,0.0,0.0,1.0,0.0,0.0,0.0,0.3,0.5,0.15867209631123516
FAC-REG-018,WILDFIRE,184.5642710489649,320.7133952502857,32.56868941175139,18.130430023153142,0.0,59.13059051250688,8.691097112928766,0.0,0.0,1.0,0.0,0.0,0.0,0.3,0.5,0.8847722753048864
FAC-REG-013,WILDFIRE,65.72109753856242,151.22780553540065,35.78119427291623,21.990927682927975,0.0,80.06931389393705,12.50948337068533,0.0,0.0,1.0,0.0,0.0,0.0,0.3,0.5,0.7153089836228087
FAC-REG-017,WILDFIRE,140.52736131955976,247.1207124132768,31.331731229225973,41.55205788443894,0.0,89.80703205336702,41.73742683514755,0.0,0.0,1.0,0.0,0.0,0.0,0.3,0.5,0.22705417985628862
FAC-REG-010,WILDFIRE,232.72931495338375,418.0221643400382,39.444160933918305,34.71390397045802,0.0,119.5239049395906,49.99699074391082,0.0,0.0,1.0,0.0,0.0,0.0,0.3,0.5,0.2186671382353375
FAC-REG-002,WILDFIRE,236.05456017726283,609.006438882825,31.383479954242915,14.54330774933545,0.0,74.81039684574671,47.54004445371433,0.0,0.0,1.0,0.0,0.0,0.0,0.3,0.5,0.18193715354715354
FAC-REG-019,WILDFIRE,61.83146894160181,182.0038951746522,36.15772346940946,16.54359502932779,0.0,126.07263280936482,41.1727310745487,0.0,0.0,1.0,0.0,0.0,0.0,0.3,0.5,0.27270979416806945
FAC-REG-015,WILDFIRE,193.494887545937,373.7504005087174,30.79722311754613,8.733957730430237,0.0,131.71308111358127,39.9722536560597,0.0,0.0,1.0,0.0,0.0,0.0,0.3,0.5,0.28711495872534
FAC-REG-019,WILDFIRE,189.33558157321002,298.76191947745133,35.091173198977344,23.871879275836868,0.0,50.426171028988946,23.47292847869962,0.0,0.0,1.0,0.0,0.0,0.0,0.3,0.5,0.3025246176670108
FAC-REG-013,WILDFIRE,211.74863931711482,427.605003680732,33.27087526202501,19.899229472696263,0.0,28.627937020865485,69.56084727844531,0.0,0.0,1.0,0.0,0.0,0.0,0.3,0.5,0.07691838610368204
FAC-REG-014,WILDFIRE,201.79193858639076,366.4123355947269,22.550451579426873,15.111365782294095,0.0,70.29072518043876,57.925377519037745,0.0,0.0,1.0,0.0,0.0,0.0,0.3,0.5,0.14473719075804717
FAC-REG-004,WILDFIRE,87.90107935950087,253.44825665372016,25.739886396768938,20.817047347518567,0.0,82.76130340541619,46.7245602200156,0.0,0.0,1.0,0.0,0.0,0.0,0.3,0.5,0.1947011149303166
FAC-REG-003,WILDFIRE,63.741123245247124,168.0303751626154,31.514193759667997,37.58104575199323,0.0,134.693091013563,24.834315362491537,0.0,0.0,1.0,0.0,0.0,0.0,0.3,0.5,0.4673265638454143
FAC-REG-005,WILDFIRE,200.89299133238336,582.3216770977164,38.15574147329367,20.39169156403574,0.0,33.2947779307018,41.17757610451617,0.0,0.0,1.0,0.0,0.0,0.0,0.3,0.5,0.14012876123053178
FAC-REG-014,WILDFIRE,232.1675000051957,450.41027593372183,22.17430210744444,23.105846001646103,0.0,117.64207289909723,34.90133180363792,0.0,0.0,1.0,0.0,0.0,0.0,0.3,0.5,0.31077017661564454
FAC-REG-007,WILDFIRE,135.82653231570208,238.5320893523123,14.352346342012593,25.85542202231336,0.0,34.90627885252821,47.1459632413449,0.0,0.0,1.0,0.0,0.0,0.0,0.3,0.5,0.1253162134064247
FAC-REG-011,WILDFIRE,62.55700834160659,103.32827061386719,5.396640762157064,27.396737902588757,0.0,146.40822934386586,36.07582098558679,0.0,0.0,1.0,0.0,0.0,0.0,0.3,0.5,0.335402674190122
FAC-REG-013,WILDFIRE,243.27365732169065,458.02915709864715,35.0464588409392,27.309228221257708,0.0,91.87932947950645,29.963126861266147,0.0,0.0,1.0,0.0,0.0,0.0,0.3,0.5,0.3199055506209487
FAC-REG-011,WILDFIRE,41.95516106009427,90.77379255774349,6.612420938641366,27.211238925283585,0.0,60.70479370400193,38.29983575001912,0.0,0.0,1.0,0.0,0.0,0.0,0.3,0.5,0.20342980476407344
FAC-REG-003,WILDFIRE,186.13513061738183,325.1533576205941,31.378818044004664,43.75637721983855,0.0,120.23963728736034,9.43675189960478,0.0,0.0,1.0,0.0,0.0,0.0,0.3,0.5,1.1619870594440962
FAC-REG-004,WILDFIRE,151.7059252860862,292.3021130906571,6.647141925693159,32.07332110944543,0.0,131.47405495699547,18.42576988655322,0.0,0.0,1.0,0.0,0.0,0.0,0.3,0.5,0.6222922406139956
FAC-REG-004,WILDFIRE,219.21310404275775,629.4727659472602,14.284978118011834,41.254169542405684,0.0,58.28947188941835,43.34963286115218,0.0,0.0,1.0,0.0,0.0,0.0,0.3,0.5,0.17612038923661769
FAC-REG-004,WILDFIRE,246.2483887315916,732.4732190232407,37.374193188226215,36.64109684523495,0.0,58.98023840565846,60.28803094384836,0.0,0.0,1.0,0.0,0.0,0.0,0.3,0.5,0.1273861353518956
FAC-REG-006,WILDFIRE,40.084324245321376,108.58189076677384,7.773736214547508,13.468094981416659,0.0,67.14191336537709,39.03095934183063,0.0,0.0,1.0,0.0,0.0,0.0,0.3,0.5,0.20993634445740672
FAC-REG-015,WILDFIRE,228.08527214340535,385.2884031629179,9.314937460834447,11.750651418521144,0.0,19.014395274771353,12.590831220154136,0.0,0.0,1.0,0.0,0.0,0.0,0.3,0.5,0.3463274033231535
FAC-REG-017,WILDFIRE,103.30579914624028,169.6110268612588,31.543467005647123,29.63453944550717,0.0,91.99218855657803,11.428899814874107,0.0,0.0,1.0,0.0,0.0,0.0,0.3,0.5,0.8392107721394162
FAC-REG-001,WILDFIRE,150.77414835723494,412.70740289779275,34.98143176787241,42.17930711848125,0.0,143.22694274065938,43.5088509762116,0.0,0.0,1.0,0.0,0.0,0.0,0.3,0.5,0.27506462858645886
FAC-REG-012,WILDFIRE,191.69843660288768,309.9746082872788,8.71455067581568,25.218472488733273,0.0,36.69630214078307,70.60898966588634,0.0,0.0,1.0,0.0,0.0,0.0,0.3,0.5,0.0857928616645242
FAC-REG-017,WILDFIRE,177.16930972314063,358.51603023327357,38.81790039970372,37.26315995329931,0.0,100.10637848148284,26.747213017799865,0.0,0.0,1.0,0.0,0.0,0.0,0.3,0.5,0.3740695340340684
FAC-REG-017,WILDFIRE,180.6936840602979,290.5502449951665,13.983820707759222,33.84213640246732,0.0,79.80249882902382,33.75318814812353,0.0,0.0,1.0,0.0,0.0,0.0,0.3,0.5,0.26466313040063916
FAC-REG-005,WILDFIRE,243.04176556161266,556.5394952166766,15.614835912290584,20.140745291192406,0.0,23.96472271716714,71.31836889869051,0.0,0.0,1.0,0.0,0.0,0.0,0.3,0.5,0.06864118970349879
FAC-REG-016,WILDFIRE,177.5304958610504,384.1944369634202,38.21206763660503,15.593989871965011,0.0,86.83172123163153,38.87079734929619,0.0,0.0,1.0,0.0,0.0,0.0,0.3,0.5,0.23972634042575577
FAC-REG-015,WILDFIRE,54.28214871000831,97.20215862647878,12.509768703249744,34.7878794388259,0.0,40.533724004109914,44.70347288902251,0.0,0.0,1.0,0.0,0.0,0.0,0.3,0.5,0.14241869089537332
FAC-REG-009,WILDFIRE,79.56085196032333,126.05383031998551,7.824795896789509,44.71806847399662,0.0,120.7838257902893,67.00719846177105,0.0,0.0,1.0,0.0,0.0,0.0,0.3,0.5,0.1640147589988458
FAC-REG-011,WILDFIRE,238.24866843899477,498.9917978404386,29.285216981493807,25.083587151529734,0.0,84.19778914976857,25.13755613466352,0.0,0.0,1.0,0.0,0.0,0.0,0.3,0.5,0.36502893436330686
FAC-REG-009,WILDFIRE,170.10932720351852,427.53552590051345,32.206637992876765,27.710600054588387,0.0,102.17750445527629,8.865105388782084,0.0,0.0,1.0,0.0,0.0,0.0,0.3,0.5,1.140233359354992
FAC-REG-016,WILDFIRE,154.3368797513254,270.5002032549282,31.616261219662334,44.412235229218176,0.0,142.67958679614225,20.61478648471374,0.0,0.0,1.0,0.0,0.0,0.0,0.3,0.5,0.5794314721557535
FAC-REG-001,WILDFIRE,177.50184985643853,370.1142650146453,11.809178939496896,34.53550435271179,0.0,35.80991578540511,62.761194505276585,0.0,0.0,1.0,0.0,0.0,0.0,0.3,0.5,0.09534775000446612
FAC-REG-011,WILDFIRE,79.70630729345325,227.27150352774225,28.596543209036483,30.697487776162067,0.0,28.43199053438615,46.667132043045875,0.0,0.0,1.0,0.0,0.0,0.0,0.3,0.5,0.1142595530944696
FAC-REG-017,WILDFIRE,56.5265117910338,129.5003360266562,19.097493691627324,28.963600536092706,0.0,27.04499268772721,35.58291602222454,0.0,0.0,1.0,0.0,0.0,0.0,0.3,0.5,0.14615103609613028
FAC-REG-008,WILDFIRE,203.3683507687674,561.7053327889286,25.29182601019956,30.138471347773915,0.0,53.1895978211593,65.27162884515326,0.0,0.0,1.0,0.0,0.0,0.0,0.3,0.5,0.1117349149284659
FAC-REG-011,WILDFIRE,100.11439743046847,213.81554777283188,27.745237259590127,6.96319460975834,0.0,124.38498261983374,42.3410041618317,0.0,0.0,1.0,0.0,0.0,0.0,0.3,0.5,0.26340427630424096
FAC-REG-011,WILDFIRE,210.6486542085161,356.60065407104616,5.643334642133472,32.895902266697334,0.0,55.6878924284585,48.06297049074903,0.0,0.0,1.0,0.0,0.0,0.0,0.3,0.5,0.1552636467482946
FAC-REG-012,WILDFIRE,160.20562245323066,337.51788699532057,17.726400721652233,14.455756761235223,0.0,105.39751963256488,70.12275377880772,0.0,0.0,1.0,0.0,0.0,0.0,0.3,0.5,0.14640510904890142
FAC-REG-017,WILDFIRE,58.79924132733689,126.45761215013833,17.45275947373476,26.129257382305415,0.0,56.15315284959604,52.02624585314076,0.0,0.0,1.0,0.0,0.0,0.0,0.3,0.5,0.14403385481611286
FAC-REG-011,WILDFIRE,103.9997916874384,184.36175136572098,8.006863587098717,33.85064649607172,0.0,41.49162802786051,52.164822668083055,0.0,0.0,1.0,0.0,0.0,0.0,0.3,0.5,0.12348167232381693
FAC-REG-019,WILDFIRE,156.40314822807005,358.27622204639033,30.697973041512917,8.149275957686005,0.0,134.86284579992957,52.99147047339645,0.0,0.0,1.0,0.0,0.0,0.0,0.3,0.5,0.21914935098037053
FAC-REG-001,WILDFIRE,136.62155157711447,244.57591802459584,12.363022853544251,6.898836447857689,0.0,136.06078423754553,21.485226564793997,0.0,0.0,1.0,0.0,0.0,0.0,0.3,0.5,0.5429083824677469
FAC-REG-001,WILDFIRE,47.386672621635284,135.89229595295606,32.13661754600706,23.57753627176504,0.0,116.73736774952826,69.16092555029898,0.0,0.0,1.0,0.0,0.0,0.0,0.3,0.5,0.15622270436473215
FAC-REG-016,WILDFIRE,188.6690436072497,440.75675560077116,13.960741057152957,31.382290069083794,0.0,30.69694683953889,42.33026451712195,0.0,0.0,1.0,0.0,0.0,0.0,0.3,0.5,0.13088702867634971
FAC-REG-009,WILDFIRE,136.31647859702593,342.8993483461746,22.403429675822522,9.66564624724748,0.0,54.247511528789786,70.95883865580839,0.0,0.0,1.0,0.0,0.0,0.0,0.3,0.5,0.10379666776514947
FAC-REG-019,WILDFIRE,249.22232889149743,689.9288505453369,26.383582480128915,7.56486019017937,0.0,136.69532198768124,43.67547387291646,0.0,0.0,1.0,0.0,0.0,0.0,0.3,0.5,0.2676943471940258
FAC-REG-006,WILDFIRE,215.6902441772082,534.0884040125277,26.495909761161244,19.031577872970622,0.0,125.41706387237933,10.455287126764873,0.0,0.0,1.0,0.0,0.0,0.0,0.3,0.5,1.0711304130761605
FAC-REG-016,WILDFIRE,44.209659901838585,104.94724987141569,29.45917846561115,39.300773747482936,0.0,33.92233350666859,42.82772153451531,0.0,0.0,1.0,0.0,0.0,0.0,0.3,0.5,0.13599341808681617
FAC-REG-013,WILDFIRE,133.8153003153925,269.5642022207752,9.838594797191998,23.139149599979245,0.0,82.00357412339115,33.83338844758258,0.0,0.0,1.0,0.0,0.0,0.0,0.3,0.5,0.26765224825077427
FAC-REG-001,WILDFIRE,224.3197217463573,610.0879513112727,38.52405761163468,40.466718602863246,0.0,140.99947158070688,62.959513376851696,0.0,0.0,1.0,0.0,0.0,0.0,0.3,0.5,0.18860247164675129
FAC-REG-013,WILDFIRE,110.73801730390207,260.7020517834592,35.1389732021499,9.05519049271826,0.0,24.797597736035954,62.42033332208633,0.0,0.0,1.0,0.0,0.0,0.0,0.3,0.5,0.07977718758009694
FAC-REG-008,WILDFIRE,125.02057681981032,282.48722259601135,39.00307248814487,16.773318723302598,0.0,121.97275467343984,22.41535374945576,0.0,0.0,1.0,0.0,0.0,0.0,0.3,0.5,0.49270369469884395
FAC-REG-001,WILDFIRE,127.14952925785839,253.0800950997276,26.234126311926005,42.28749542125621,0.0,127.98525743402419,71.71095108692607,0.0,0.0,1.0,0.0,0.0,0.0,0.3,0.5,0.1577591256736588
FAC-REG-018,WILDFIRE,212.32105226010844,409.32664675488553,13.372388081197656,36.69205617586684,0.0,22.611550270186264,31.640489445285446,0.0,0.0,1.0,0.0,0.0,0.0,0.3,0.5,0.1502871942435416
FAC-REG-009,WILDFIRE,178.13564380759908,523.4815941392112,37.58816016778052,36.78579369853951,0.0,112.65828299541533,25.538661741073653,0.0,0.0,1.0,0.0,0.0,0.0,0.3,0.5,0.4156075496318394
FAC-REG-009,WILDFIRE,174.50149155986455,329.66363834282146,7.962706375462014,10.651595209549994,0.0,45.31862165827664,40.012667873458255,0.0,0.0,1.0,0.0,0.0,0.0,0.3,0.5,0.16824448497693656
FAC-REG-007,WILDFIRE,81.10666620511472,222.2414825958339,34.07685860081662,17.404188271485673,0.0,133.11112667072004,57.39410810037426,0.0,0.0,1.0,0.0,0.0,0.0,0.3,0.5,0.20102027756438398
FAC-REG-010,WILDFIRE,197.16533232505793,580.0607915402534,21.063940132287208,15.298659979185862,0.0,142.14522750677105,46.63963446804841,0.0,0.0,1.0,0.0,0.0,0.0,0.3,0.5,0.25562951934301004
FAC-REG-019,WILDFIRE,160.26339132990478,360.7322734617439,34.94561129264471,26.697112400777332,0.0,49.45637863647826,51.241220087352865,0.0,0.0,1.0,0.0,0.0,0.0,0.3,0.5,0.1372434713529427
FAC-REG-013,WILDFIRE,88.93937193604322,209.9362100197549,33.75374522613902,7.114265791236408,0.0,100.16489021709008,30.373452530201092,0.0,0.0,1.0,0.0,0.0,0.0,0.3,0.5,0.32950620628669686
FAC-REG-012,WILDFIRE,111.82475949207615,307.3345461594719,14.617923376876519,34.592967901156825,0.0,27.69807573085948,68.8893678390026,0.0,0.0,1.0,0.0,0.0,0.0,0.3,0.5,0.0763963482375172
FAC-REG-014,WILDFIRE,188.4109011793576,366.8471404892505,19.423379904784014,14.727357064568073,0.0,140.89237158330025,39.23868461448817,0.0,0.0,1.0,0.0,0.0,0.0,0.3,0.5,0.3025027307768558
FAC-REG-001,WILDFIRE,181.07364675352184,378.7176542823014,5.0449548934380495,10.686211090689255,0.0,87.16486354206529,51.20831269404286,0.0,0.0,1.0,0.0,0.0,0.0,0.3,0.5,0.18231829936576072
FAC-REG-008,WILDFIRE,86.63725952388786,237.12094029260388,26.292251628608753,23.329735647802305,0.0,142.43944740593253,11.061684000450484,0.0,0.0,1.0,0.0,0.0,0.0,0.3,0.5,1.0789315485117161
FAC-REG-016,WILDFIRE,227.90001727262396,382.03697456671136,39.65778871152759,14.16686184404741,0.0,16.590283298696672,71.83506809942747,0.0,0.0,1.0,0.0,0.0,0.0,0.3,0.5,0.056700957560712646
FAC-REG-005,WILDFIRE,103.96082692059937,183.39308677240442,32.5284060486257,18.189202437232165,0.0,138.44963348079068,61.800489268424016,0.0,0.0,1.0,0.0,0.0,0.0,0.3,0.5,0.1903943216679247
FAC-REG-007,WILDFIRE,79.45975364766747,193.6587631650803,16.775762313612855,14.237122084930116,0.0,57.27957684499074,19.44582838449916,0.0,0.0,1.0,0.0,0.0,0.0,0.3,0.5,0.3892005558274208
FAC-REG-006,WILDFIRE,139.30465766421446,217.12275095952623,27.34903045906697,7.973277293386688,0.0,140.04779484953497,69.54440042401964,0.0,0.0,1.0,0.0,0.0,0.0,0.3,0.5,0.17016724599995098
FAC-REG-013,WILDFIRE,220.81701399417048,518.653812340754,10.503248278298171,32.93428694117232,0.0,84.31365711198572,49.63881748813462,0.0,0.0,1.0,0.0,0.0,0.0,0.3,0.5,0.1849811762059332
FAC-REG-012,WILDFIRE,70.5691770649795,148.8420362803798,8.94357343221765,28.498447724100885,0.0,20.52845684017977,41.74845949439102,0.0,0.0,1.0,0.0,0.0,0.0,0.3,0.5,0.108526974801417
FAC-REG-014,WILDFIRE,246.55543294514257,616.6417318162161,6.534639837382047,18.738254324172342,0.0,99.14744855747276,11.605329779151347,0.0,0.0,1.0,0.0,0.0,0.0,0.3,0.5,0.8579920926413788
FAC-REG-010,WILDFIRE,134.50509030083856,268.880419443905,20.340451281160806,16.2450390853202,0.0,37.23689583730243,52.10517484674161,0.0,0.0,1.0,0.0,0.0,0.0,0.3,0.5,0.11711320797880193
FAC-REG-004,WILDFIRE,141.539634146644,357.83495236854174,32.265188787341316,6.782055681576333,0.0,135.21339248782513,44.434008508833564,0.0,0.0,1.0,0.0,0.0,0.0,0.3,0.5,0.2616943587457405
FAC-REG-008,WILDFIRE,198.00593897452194,520.7495600893865,30.071387021660982,32.1060315231249,0.0,79.39390857605362,49.10580246445536,0.0,0.0,1.0,0.0,0.0,0.0,0.3,0.5,0.1814515903439249
FAC-REG-007,WILDFIRE,192.49979161104207,531.8264982363671,15.465443786327112,18.347324356012194,0.0,105.61491010675289,10.012541123772642,0.0,0.0,1.0,0.0,0.0,0.0,0.3,0.5,1.0264039247562597
FAC-REG-002,WILDFIRE,215.51444487946625,457.4822921709269,31.770759053096405,12.809825762308215,0.0,58.50515316563043,70.35551763907056,0.0,0.0,1.0,0.0,0.0,0.0,0.3,0.5,0.10871735995442292
FAC-REG-018,WILDFIRE,148.7022639635731,351.9508413997476,31.226037429985205,43.622928674309975,0.0,24.93105281912836,11.419814553025098,0.0,0.0,1.0,0.0,0.0,0.0,0.3,0.5,0.4372313139104342
FAC-REG-003,WILDFIRE,76.21374168451041,180.58455018879235,24.443377382195187,34.8452457014668,0.0,82.39779251584459,25.42628228532059,0.0,0.0,1.0,0.0,0.0,0.0,0.3,0.5,0.3570055142130151
FAC-REG-011,WILDFIRE,105.45769751349052,206.6294748053202,34.32444833169315,8.821933051911738,0.0,133.9491950281364,24.426348153338523,0.0,0.0,1.0,0.0,0.0,0.0,0.3,0.5,0.4738179518912343
FAC-REG-004,WILDFIRE,162.30305676578564,274.335320748945,21.167382147200726,38.94687777677055,0.0,136.1708961161766,24.937568319920736,0.0,0.0,1.0,0.0,0.0,0.0,0.3,0.5,0.467937709490098
FAC-REG-013,WILDFIRE,249.30348836628275,654.7171680460976,27.565199208363616,19.85629608555343,0.0,21.6367119359315,9.98764006624996,0.0,0.0,1.0,0.0,0.0,0.0,0.3,0.5,0.4657284286653913
FAC-REG-015,WILDFIRE,41.37033619006627,91.81231235845061,5.554874088074844,9.587395916161197,0.0,59.10301804178603,35.97901117185134,0.0,0.0,1.0,0.0,0.0,0.0,0.3,0.5,0.21367593149781153
FAC-REG-014,WILDFIRE,133.9273233129956,215.43074988680002,38.394607454987536,14.706960641705075,0.0,139.51154969028394,35.257161922347635,0.0,0.0,1.0,0.0,0.0,0.0,0.3,0.5,0.33500996944365147
FAC-REG-013,WILDFIRE,51.48377035820677,108.68601909656923,11.209331454241383,10.27581501887227,0.0,91.54942577266571,67.4134894083598,0.0,0.0,1.0,0.0,0.0,0.0,0.3,0.5,0.14193222300993377
FAC-REG-006,WILDFIRE,60.186428863751814,128.60990682547046,37.67876171465273,27.15307584742711,0.0,86.20662260243384,17.0320715711566,0.0,0.0,1.0,0.0,0.0,0.0,0.3,0.5,0.545133462916138
FAC-REG-008,WILDFIRE,120.88415183223351,243.2617608035243,35.61120280761081,27.990814243778896,0.0,84.7199861568809,54.52658684981958,0.0,0.0,1.0,0.0,0.0,0.0,0.3,0.5,0.16880473506559443
FAC-REG-008,WILDFIRE,56.52670110857699,135.98248150057745,10.737610233362096,34.702188860091944,0.0,55.666224797177605,37.65702456349736,0.0,0.0,1.0,0.0,0.0,0.0,0.3,0.5,0.1981298372981555
FAC-REG-009,WILDFIRE,133.39873862242263,209.38939454018688,5.48066158289024,41.93535406017678,0.0,32.36424815929092,36.5298398438061,0.0,0.0,1.0,0.0,0.0,0.0,0.3,0.5,0.1557345574664226
FAC-REG-004,WILDFIRE,66.91949529019696,143.0762060084862,13.652212580860688,35.186634727699115,0.0,50.374725608428065,64.42990760930536,0.0,0.0,1.0,0.0,0.0,0.0,0.3,0.5,0.11015870915475298
FAC-REG-006,WILDFIRE,157.4898044858327,239.66817391086633,7.833239570782462,28.50969343833585,0.0,141.39245235397243,63.46824629756128,0.0,0.0,1.0,0.0,0.0,0.0,0.3,0.5,0.1873512586685331
FAC-REG-007,WILDFIRE,171.18714057538767,329.33175468219275,18.230873230204068,10.01489964331116,0.0,112.06808075853614,40.248882994641505,0.0,0.0,1.0,0.0,0.0,0.0,0.3,0.5,0.2630190077701884
FAC-REG-001,WILDFIRE,102.69506445625443,296.3383872940578,13.043221949793278,35.23114019111445,0.0,100.12549663667468,55.974364231728785,0.0,0.0,1.0,0.0,0.0,0.0,0.3,0.5,0.17876527945841938
FAC-REG-013,WILDFIRE,148.82584628354476,324.9244073372017,6.078861654477959,40.288969165829926,0.0,16.756378812492816,68.46400513345355,0.0,0.0,1.0,0.0,0.0,0.0,0.3,0.5,0.05978989397063904
FAC-REG-014,WILDFIRE,123.91568744038226,344.3177829428276,22.51042560378972,32.477132846978094,0.0,67.9156449370525,24.870748147640413,0.0,0.0,1.0,0.0,0.0,0.0,0.3,0.5,0.3313569353888982
FAC-REG-001,WILDFIRE,130.06636058354422,322.35594896444053,30.449591890867463,6.027957489556611,0.0,141.47521306228708,18.529623833139993,0.0,0.0,1.0,0.0,0.0,0.0,0.3,0.5,0.6419091635181056
FAC-REG-012,WILDFIRE,79.18148484326468,150.76467884811137,33.02323795338589,23.700876179841508,0.0,105.52296837832226,28.374529416704696,0.0,0.0,1.0,0.0,0.0,0.0,0.3,0.5,0.36203022660014844
FAC-REG-005,WILDFIRE,62.4681648466709,161.11726306148884,34.90990324114243,16.021139680830323,0.0,17.82278416525672,22.27776118050277,0.0,0.0,1.0,0.0,0.0,0.0,0.3,0.5,0.18950306122642652
FAC-REG-017,WILDFIRE,169.16917034769753,375.8570560708242,21.08257932996111,20.137879521562823,0.0,94.19725424961489,47.95985266711106,0.0,0.0,1.0,0.0,0.0,0.0,0.3,0.5,0.2023677399993581
FAC-REG-007,WILDFIRE,230.24823326451556,541.1315063200753,17.404839719558517,20.86472839935469,0.0,70.60005822450708,54.56507661663642,0.0,0.0,1.0,0.0,0.0,0.0,0.3,0.5,0.15398831268643368
FAC-REG-003,WILDFIRE,219.91328876623845,641.2984170708643,16.758115368262686,27.867084773651523,0.0,27.8326324723962,20.830019057046975,0.0,0.0,1.0,0.0,0.0,0.0,0.3,0.5,0.25327217220165044
FAC-REG-018,WILDFIRE,210.85930245595105,327.6014212643255,23.487931270450492,31.813257133742958,0.0,43.00837413794842,65.97441229432292,0.0,0.0,1.0,0.0,0.0,0.0,0.3,0.5,0.09940334119223634
FAC-REG-017,WILDFIRE,138.9275831916243,294.0712660401847,13.279877382388502,34.469735761153586,0.0,32.78541295031516,51.535216246002115,0.0,0.0,1.0,0.0,0.0,0.0,0.3,0.5,0.11110567095863295
FAC-REG-013,WILDFIRE,169.05361382647624,464.60052588013724,22.290408470975695,10.620006498684791,0.0,16.841379187843945,27.406050989989836,0.0,0.0,1.0,0.0,0.0,0.0,0.3,0.5,0.14974156428270446
FAC-REG-009,WILDFIRE,92.51731847192778,254.86935369632948,22.930512632041328,11.274406458613553,0.0,92.08386212900709,34.10448705260692,0.0,0.0,1.0,0.0,0.0,0.0,0.3,0.5,0.281371587607198
FAC-REG-008,WILDFIRE,68.63793205618626,123.20734192843425,6.936633550717113,13.727098931119505,0.0,16.242121179426228,48.14453764070261,0.0,0.0,1.0,0.0,0.0,0.0,0.3,0.5,0.08370942386701602
FAC-REG-006,WILDFIRE,118.67633599311404,210.57964447027126,20.0519370816946,44.39323618975136,0.0,55.196810745752984,46.381082458118414,0.0,0.0,1.0,0.0,0.0,0.0,0.3,0.5,0.16018288539115538
FAC-REG-011,WILDFIRE,197.32314286707165,393.29687785348773,26.380102923089765,39.97932272553613,0.0,17.085402743965524,35.88699883797169,0.0,0.0,1.0,0.0,0.0,0.0,0.3,0.5,0.11517957446648863
FAC-REG-004,WILDFIRE,121.61278098375618,258.30365110495177,31.133483767532294,9.659053023422283,0.0,84.19882692288891,44.1084666751197,0.0,0.0,1.0,0.0,0.0,0.0,0.3,0.5,0.20803243840630783
FAC-REG-013,WILDFIRE,212.75606471071677,386.1673643939131,18.792927697851113,18.347494958269102,0.0,69.02096183682886,17.631711876645475,0.0,0.0,1.0,0.0,0.0,0.0,0.3,0.5,0.4711899547549271
FAC-REG-009,WILDFIRE,97.79958224553572,157.73146386383183,29.77243924268689,24.837462366386767,0.0,136.0280738794643,70.89152311823578,0.0,0.0,1.0,0.0,0.0,0.0,0.3,0.5,0.1645204796316799
FAC-REG-012,WILDFIRE,94.11608611972773,266.10289205315866,25.195714059169543,14.624756794317042,0.0,51.3311666061314,59.40051769191974,0.0,0.0,1.0,0.0,0.0,0.0,0.3,0.5,0.1206147267557987
FAC-REG-012,WILDFIRE,49.37885543956874,96.996809158435,15.230606629419313,37.63240260181008,0.0,26.822702411183588,59.563224258733065,0.0,0.0,1.0,0.0,0.0,0.0,0.3,0.5,0.08695069682955557
FAC-REG-006,WILDFIRE,193.81270641739434,416.371671078805,28.790402860061537,29.752128843569718,0.0,118.81232635586498,36.59326940596814,0.0,0.0,1.0,0.0,0.0,0.0,0.3,0.5,0.2978719007619384
FAC-REG-013,WILDFIRE,63.89001134895538,135.21943389051427,27.67429635128793,33.77080769766929,0.0,39.090841003280595,13.093641431810717,0.0,0.0,1.0,0.0,0.0,0.0,0.3,0.5,0.47750405429440246
FAC-REG-019,WILDFIRE,105.96306200876785,259.6302896335163,8.703012579844897,30.513217204275584,0.0,27.830432487968622,14.077033434773185,0.0,0.0,1.0,0.0,0.0,0.0,0.3,0.5,0.37475620774979235
FAC-REG-004,WILDFIRE,201.5426174407332,482.7115961307015,16.80207123091335,16.23783556639522,0.0,31.45504363084846,40.62445228165577,0.0,0.0,1.0,0.0,0.0,0.0,0.3,0.5,0.13805674423843134
FAC-REG-006,WILDFIRE,226.65692746509168,356.41498424673426,24.713954533898917,31.265069888152993,0.0,43.28717423326697,17.286756697372816,0.0,0.0,1.0,0.0,0.0,0.0,0.3,0.5,0.38059764661037737
FAC-REG-012,WILDFIRE,243.4514527115091,727.3938146402182,32.64166208071221,31.87658070680503,0.0,61.67358404605472,18.969491988784156,0.0,0.0,1.0,0.0,0.0,0.0,0.3,0.5,0.41399385347215384
FAC-REG-015,WILDFIRE,185.5924683958133,496.8468360404146,33.9258778359243,41.63683512884815,0.0,133.79049109118046,71.98344142451793,0.0,0.0,1.0,0.0,0.0,0.0,0.3,0.5,0.1606867319396737
FAC-REG-011,WILDFIRE,48.1042280070081,135.57319056159074,16.022662961062636,11.030177409159446,0.0,78.24226700675669,46.2915888445452,0.0,0.0,1.0,0.0,0.0,0.0,0.3,0.5,0.19108149281203607
FAC-REG-005,WILDFIRE,45.49325188791817,115.21148496138207,26.14457200997873,42.49680934033469,0.0,46.59071376664993,13.400828665279171,0.0,0.0,1.0,0.0,0.0,0.0,0.3,0.5,0.5093520135402695
FAC-REG-003,WILDFIRE,230.2283718998542,523.6249015980718,10.381225923602134,41.947340108614796,0.0,117.2583218476189,54.8291374542817,0.0,0.0,1.0,0.0,0.0,0.0,0.3,0.5,0.19749696378653403
FAC-REG-015,WILDFIRE,208.99245658570052,506.43813637910773,31.382321038024536,23.441335890957617,0.0,56.81344493642955,38.8998459730157,0.0,0.0,1.0,0.0,0.0,0.0,0.3,0.5,0.19376604740118125
FAC-REG-013,WILDFIRE,204.6300288005466,446.0714975500501,32.72664783963358,38.70625005172421,0.0,103.39472642337513,22.61925454773889,0.0,0.0,1.0,0.0,0.0,0.0,0.3,0.5,0.44954265503715674
FAC-REG-012,WILDFIRE,167.80246247438075,392.6213608105444,38.639139380757406,30.46846565731801,0.0,50.03930849186615,26.713025526255386,0.0,0.0,1.0,0.0,0.0,0.0,0.3,0.5,0.2648088959053868
FAC-REG-018,WILDFIRE,61.9408665183312,159.8323287794885,29.05490515445947,9.73441374787095,0.0,139.547274662283,44.382220938036454,0.0,0.0,1.0,0.0,0.0,0.0,0.3,0.5,0.2661654303876298
FAC-REG-016,WILDFIRE,212.42645601963062,348.0647329724526,28.59025747619489,8.2028535361358,0.0,105.8354301043083,61.95436460337301,0.0,0.0,1.0,0.0,0.0,0.0,0.3,0.5,0.16605181703842123
FAC-REG-004,WILDFIRE,86.45994215940357,217.4995442902584,32.028409656264685,24.45531428849155,0.0,98.39313474834223,37.20485912463351,0.0,0.0,1.0,0.0,0.0,0.0,0.3,0.5,0.2666138670962965
FAC-REG-010,WILDFIRE,144.55252790800702,399.35715721964806,33.0473220394587,22.009688032585906,0.0,46.061406400759125,33.98925648382534,0.0,0.0,1.0,0.0,0.0,0.0,0.3,0.5,0.1996764894374504
FAC-REG-005,WILDFIRE,42.241180448255164,112.56582711356319,33.75772668580254,8.319726361227193,0.0,97.47251549138353,32.20523416787699,0.0,0.0,1.0,0.0,0.0,0.0,0.3,0.5,0.30655939178442027
FAC-REG-014,WILDFIRE,203.21289194367895,386.83166014539916,33.416137524891084,26.805660560345416,0.0,22.122143002332262,37.24408639348793,0.0,0.0,1.0,0.0,0.0,0.0,0.3,0.5,0.12628630960722814
FAC-REG-018,WILDFIRE,226.45046344446607,374.41238590511716,31.04443400000296,37.425921772371154,0.0,51.63740541196325,38.18294852742991,0.0,0.0,1.0,0.0,0.0,0.0,0.3,0.5,0.18819702081299863
FAC-REG-012,WILDFIRE,69.11703111379379,116.87467529743009,11.148530428900457,43.450387981190595,0.0,108.5778636342692,59.28777826967275,0.0,0.0,1.0,0.0,0.0,0.0,0.3,0.5,0.17575410204001768
FAC-REG-001,WILDFIRE,115.25613248814399,204.55628055008233,27.49707815664024,18.783077027807536,0.0,131.10992506362203,15.848195198592421,0.0,0.0,1.0,0.0,0.0,0.0,0.3,0.5,0.7225002021058122
FAC-REG-004,WILDFIRE,239.21735698962803,419.7398043859014,38.79786111682443,6.579388777792648,0.0,79.95196839527416,29.33554163946002,0.0,0.0,1.0,0.0,0.0,0.0,0.3,0.5,0.3048038644869348
FAC-REG-017,WILDFIRE,83.95758136987358,156.27168150546635,9.546458158788377,33.90201192778508,0.0,24.33851571823132,29.197331349025383,0.0,0.0,1.0,0.0,0.0,0.0,0.3,0.5,0.16896777534407342
FAC-REG-009,WILDFIRE,92.49138606029408,223.30128415606936,25.481817488749886,20.41977462403486,0.0,80.61776815686193,28.08205717156664,0.0,0.0,1.0,0.0,0.0,0.0,0.3,0.5,0.31973226647257036
FAC-REG-017,WILDFIRE,203.31287901772748,530.281072908394,36.25376070966895,23.469801968100427,0.0,86.61388027170196,34.60955606922074,0.0,0.0,1.0,0.0,0.0,0.0,0.3,0.5,0.26890428261720273
FAC-REG-006,WILDFIRE,50.929626138787604,143.9458533930247,35.1936307031004,23.289492510135247,0.0,94.0915118212694,70.4690132782412,0.0,0.0,1.0,0.0,0.0,0.0,0.3,0.5,0.13765025899140101
FAC-REG-011,AGRI_BURN,15.044096826889216,23.41948175451584,-0.9077451980820408,15.594090038636411,0.0,1.56731095853287,3.2378225407089234,0.0,0.0,2.0,0.0,0.0,0.0,0.8,0.26981854505907693,0.3866558122467464
FAC-REG-012,AGRI_BURN,16.55473292243056,18.602682810996743,3.011715032953248,13.076662583949142,0.0,1.9927142943410083,4.474142283107101,0.0,0.0,2.0,0.0,0.0,0.0,0.8,0.3728451902589251,0.31550970821567237
FAC-REG-002,AGRI_BURN,21.786490060009502,31.42454086911599,-3.7455821554948,16.263453100178353,0.0,1.0903010987998027,4.413641937383916,0.0,0.0,2.0,0.0,0.0,0.0,0.8,0.36780349478199303,0.236578964927413
FAC-REG-004,AGRI_BURN,14.170190932502354,20.76714445599384,-2.578165544062323,5.504924807039543,0.0,3.6491694448103513,3.4499369632207095,0.0,0.0,2.0,0.0,0.0,0.0,0.3,0.2874947469350591,0.5537144473145637
FAC-REG-011,AGRI_BURN,29.66890695995617,33.06356880620527,-1.6186001151619154,4.38743212984041,0.0,2.311524656922198,6.194439495628872,0.0,0.0,2.0,0.0,0.0,0.0,0.8,0.5,0.24544107808257767
FAC-REG-004,AGRI_BURN,13.13939870479721,19.567007972494718,1.0857159317397427,19.490832450372714,0.0,2.8680282976702953,5.407303062585856,0.0,0.0,2.0,0.0,0.0,0.0,0.8,0.45060858854882135,0.31319224860973766
FAC-REG-005,AGRI_BURN,14.832694342117321,20.882401950944274,1.909513662679558,9.572597556098485,0.0,5.376856316636165,4.077466983479572,0.0,0.0,2.0,0.0,0.0,0.0,0.3,0.3397889152899643,0.5686876048906623
FAC-REG-019,AGRI_BURN,8.79655975272247,12.100289576010857,2.086808385119051,4.502667861544841,0.0,2.5271638304393544,5.9062847689142615,0.0,0.0,2.0,0.0,0.0,0.0,0.8,0.4921903974095218,0.26915491582193846
FAC-REG-015,AGRI_BURN,13.549562344813749,18.523744954412823,3.2380174992053785,4.305068315371319,0.0,5.715103548228681,5.97536440590582,0.0,0.0,2.0,0.0,0.0,0.0,0.3,0.497947033825485,0.4000807502933008
FAC-REG-003,AGRI_BURN,23.66417514635958,30.585457979302543,-0.9770532192368133,16.20757661768016,0.0,5.813924039903661,2.6332793642359698,0.0,0.0,2.0,0.0,0.0,0.0,0.3,0.21943994701966416,0.915667375451271
FAC-REG-017,AGRI_BURN,18.580715377854677,23.934858297722226,-1.3681087628377497,3.4147016823279395,0.0,4.427693102813116,4.181072085600227,0.0,0.0,2.0,0.0,0.0,0.0,0.3,0.3484226738000189,0.5032700665228153
FAC-REG-001,AGRI_BURN,25.952737050645503,38.96233478768432,-0.13608371911106154,7.72288657008581,0.0,4.190463628982262,3.440760678887015,0.0,0.0,2.0,0.0,0.0,0.0,0.3,0.2867300565739179,0.5949446607153056
FAC-REG-008,AGRI_BURN,12.35668082588406,14.4209855936289,-4.435986422392095,17.695197817823235,0.0,2.473574234282344,2.009060169346258,0.0,0.0,2.0,0.0,0.0,0.0,0.8,0.16742168077885486,0.782833731354988
FAC-REG-010,AGRI_BURN,14.353819338989972,16.86048431636119,-2.5900374200408205,18.882197501952355,0.0,3.6008011151219783,3.8240904815392844,0.0,0.0,2.0,0.0,0.0,0.0,0.3,0.31867420679494035,0.49621673595045884
FAC-REG-006,AGRI_BURN,16.689785952078715,21.154375209639554,-2.927174774502644,9.1114444184147,0.0,2.58342178008463,5.386519796490705,0.0,0.0,2.0,0.0,0.0,0.0,0.8,0.44887664970755875,0.2983935271427764
FAC-REG-016,AGRI_BURN,9.4496276307034,11.298396044060407,-0.9259472838865124,18.89661194340217,0.0,2.886259928578477,5.32037060599917,0.0,0.0,2.0,0.0,0.0,0.0,0.8,0.4433642171665975,0.31931978966871105
FAC-REG-014,AGRI_BURN,17.575075796207326,27.65299818214353,-0.32411051501233246,17.811439598046746,0.0,5.054140566811355,6.904931513993416,0.0,0.0,2.0,0.0,0.0,0.0,0.3,0.5,0.3255849208830531
FAC-REG-016,AGRI_BURN,8.348437560787232,11.511702819604531,-1.205386194065352,11.364624998399576,0.0,3.8141511860730146,3.566838472286391,0.0,0.0,2.0,0.0,0.0,0.0,0.3,0.29723653935719924,0.5475395686700189
FAC-REG-012,AGRI_BURN,23.985297621301118,37.521752549311316,3.043047129555168,5.354506814541878,0.0,2.2460188529564364,3.709328008811752,0.0,0.0,2.0,0.0,0.0,0.0,0.8,0.3091106674009793,0.40402799641489723
FAC-REG-003,AGRI_BURN,20.796329318806148,33.01885741774302,2.614588334361586,9.909268108680582,0.0,1.0225224049014434,3.5663800556908933,0.0,0.0,2.0,0.0,0.0,0.0,0.8,0.2971983379742411,0.28353638240106566
FAC-REG-007,AGRI_BURN,25.53284508834421,35.6237587105629,-4.030826729330052,12.090376201509864,0.0,4.513691496447935,5.963517028903757,0.0,0.0,2.0,0.0,0.0,0.0,0.3,0.4969597524086464,0.3562570541814174
FAC-REG-004,AGRI_BURN,9.081357831943627,10.01362355097538,-1.7193031551434226,14.056769668515551,0.0,4.6520687644089636,4.266308416908616,0.0,0.0,2.0,0.0,0.0,0.0,0.3,0.3555257014090513,0.5055577994918101
FAC-REG-015,AGRI_BURN,22.727065413580156,27.455838327241963,0.9087192297425855,18.481104331748014,0.0,4.989011861043039,6.607288681082652,0.0,0.0,2.0,0.0,0.0,0.0,0.3,0.5,0.3380523708520323
FAC-REG-018,AGRI_BURN,12.493249652537017,15.286772250883473,4.960887272645122,4.309115126034298,0.0,1.903313494512047,2.650131278250663,0.0,0.0,2.0,0.0,0.0,0.0,0.8,0.22084427318755526,0.5205803553013685
FAC-REG-008,AGRI_BURN,25.45782284903428,29.093194259797002,-3.1654211524113496,15.772064278098556,0.0,1.109932610196618,6.084389929468914,0.0,0.0,2.0,0.0,0.0,0.0,0.8,0.5,0.17315349693678272
FAC-REG-010,AGRI_BURN,22.456614459348014,28.801662609331625,1.1149485271919914,14.68054962230949,0.0,2.712376095931521,2.539812240554178,0.0,0.0,2.0,0.0,0.0,0.0,0.8,0.2116510200461815,0.6484452931752559
FAC-REG-007,AGRI_BURN,10.942735291694047,16.88300961447362,1.4922877954096343,5.362049519422437,0.0,1.168248616995133,2.705548241663246,0.0,0.0,2.0,0.0,0.0,0.0,0.8,0.2254623534719372,0.3994959268224569
FAC-REG-013,AGRI_BURN,8.581831857148684,10.879862784571573,4.760201575244942,17.787222583974053,0.0,2.646890335171088,4.938977025331861,0.0,0.0,2.0,0.0,0.0,0.0,0.8,0.41158141877765503,0.3294055924822378
FAC-REG-011,AGRI_BURN,10.806499330014253,16.767910776979555,1.7227882947408002,18.206750891595128,0.0,3.235802522653318,4.184774305418489,0.0,0.0,2.0,0.0,0.0,0.0,0.3,0.3487311921182074,0.42985201229706227
FAC-REG-004,AGRI_BURN,9.560156211648529,11.421331609285774,2.7132314321685005,17.225195799234285,0.0,4.088472930942954,5.222115848149083,0.0,0.0,2.0,0.0,0.0,0.0,0.3,0.43517632067909023,0.38719885227350326
FAC-REG-002,AGRI_BURN,12.570953847674023,13.955520683719461,-0.20584201372898114,11.489817648394721,0.0,2.2013129224946573,2.623487235618016,0.0,0.0,2.0,0.0,0.0,0.0,0.8,0.21862393630150134,0.5655381880064765
FAC-REG-001,AGRI_BURN,12.4250039369883,14.777236579153117,-1.6225200326515274,9.822866200570516,0.0,3.5426944574885395,4.383769377541641,0.0,0.0,2.0,0.0,0.0,0.0,0.3,0.3653141147951367,0.42935759569435705
FAC-REG-018,AGRI_BURN,22.07904047252055,33.78372808329155,4.457846462409558,18.772523758759817,0.0,2.9070767189167825,2.3933102915712934,0.0,0.0,2.0,0.0,0.0,0.0,0.8,0.19944252429760778,0.7124087389650196
FAC-REG-012,AGRI_BURN,9.302912718725365,10.72345323336624,-3.153487541063024,8.46915054027953,0.0,3.717698232875379,5.558410296775429,0.0,0.0,2.0,0.0,0.0,0.0,0.3,0.46320085806461914,0.3468857553849256
FAC-REG-019,AGRI_BURN,22.795492893239064,33.10200854647249,0.5862233686618943,18.313312721477438,0.0,1.5549740696090533,2.8856072880120975,0.0,0.0,2.0,0.0,0.0,0.0,0.8,0.24046727400100812,0.432139882419749
FAC-REG-005,AGRI_BURN,25.66766413143039,33.77614469317905,2.8580848424434997,10.59299429864009,0.0,5.704828939213969,4.431860504125738,0.0,0.0,2.0,0.0,0.0,0.0,0.3,0.3693217086771448,0.5389335632225315
FAC-REG-018,AGRI_BURN,21.375105718311524,29.666351167043413,-3.363759997897662,4.686096687961085,0.0,1.1333838130443628,2.062127968969661,0.0,0.0,2.0,0.0,0.0,0.0,0.8,0.17184399741413844,0.5162652460548443
FAC-REG-001,AGRI_BURN,24.56569624686207,36.98565293840251,-4.671745011807599,10.687540596097799,0.0,4.233105668287777,6.150163418140373,0.0,0.0,2.0,0.0,0.0,0.0,0.3,0.5,0.33453603026498296
FAC-REG-011,AGRI_BURN,26.351050531518872,35.4382634291582,2.6257111279155287,17.084108427554117,0.0,2.7401348159435965,6.460764584349804,0.0,0.0,2.0,0.0,0.0,0.0,0.8,0.5,0.2562135233774963
FAC-REG-006,AGRI_BURN,19.61176199829426,31.37595232854304,3.433029661521612,8.83097510102715,0.0,1.0517279823634997,5.1308703689694735,0.0,0.0,2.0,0.0,0.0,0.0,0.8,0.4275725307474561,0.19987601036275782
FAC-REG-004,AGRI_BURN,24.799430551511488,32.826168330936255,2.8986462103553876,13.321060373295506,0.0,1.5654986971191123,2.781657191964193,0.0,0.0,2.0,0.0,0.0,0.0,0.8,0.23180476599701608,0.4498034148542654
FAC-REG-015,AGRI_BURN,19.839015489639465,26.473370323553915,-2.062381269726137,7.3535683301810115,0.0,3.5011573946290095,2.803015732148245,0.0,0.0,2.0,0.0,0.0,0.0,0.3,0.23358464434568707,0.6675445924489039
FAC-REG-019,AGRI_BURN,19.328405194934785,22.910707028005184,1.6290625234456577,17.419427964979423,0.0,2.289697533934503,4.457571129159133,0.0,0.0,2.0,0.0,0.0,0.0,0.8,0.37146426076326106,0.3394616956850144
FAC-REG-012,AGRI_BURN,23.46806588270752,29.235156934570664,-0.29628432615133526,19.234304227719175,0.0,4.833526189984075,6.847784376115927,0.0,0.0,2.0,0.0,0.0,0.0,0.3,0.5,0.32105686547087087
FAC-REG-019,AGRI_BURN,23.744578345590853,35.476297099266226,2.041043607716368,12.82025813133815,0.0,3.249563905427527,6.291866898805312,0.0,0.0,2.0,0.0,0.0,0.0,0.3,0.5,0.2865055335395222
FAC-REG-005,AGRI_BURN,18.97879580388979,29.716382125320845,0.8333290998851748,11.92172327068758,0.0,3.272413664776783,3.046438807650599,0.0,0.0,2.0,0.0,0.0,0.0,0.3,0.25386990063754994,0.593801977636483
FAC-REG-007,AGRI_BURN,17.32647177065266,19.634991354755993,-4.984153555336599,11.657618100557412,0.0,2.7203774668517786,6.9856594707918305,0.0,0.0,2.0,0.0,0.0,0.0,0.8,0.5,0.23610608126861635
FAC-REG-003,AGRI_BURN,17.948024665922375,20.94099733699693,-4.520422675630123,16.069666505368655,0.0,3.853415875359893,5.803524030219475,0.0,0.0,2.0,0.0,0.0,0.0,0.3,0.4836270025182896,0.3382448197796704
FAC-REG-003,AGRI_BURN,16.322025661023204,21.815796308132956,1.3039773127482688,18.38777184636671,0.0,3.0954387683548297,5.916584451096806,0.0,0.0,2.0,0.0,0.0,0.0,0.3,0.4930487042580672,0.29736513036288936
FAC-REG-008,AGRI_BURN,10.57133273300066,16.839384806911287,-1.913673514760493,4.780669067290743,0.0,1.9954115641397887,4.938516141707383,0.0,0.0,2.0,0.0,0.0,0.0,0.8,0.41154301180894853,0.28603538659431327
FAC-REG-008,AGRI_BURN,13.857405386668075,18.688113557989332,-0.8006131465176178,5.857132005517685,0.0,2.669074558546187,5.638531850304835,0.0,0.0,2.0,0.0,0.0,0.0,0.8,0.46987765419206956,0.28974390890779195
FAC-REG-015,AGRI_BURN,9.579920842806146,14.11752615386905,-4.469541188029717,12.001211809246227,0.0,2.300313740210953,4.938450637799095,0.0,0.0,2.0,0.0,0.0,0.0,0.8,0.4115375531499246,0.3071162665389045
FAC-REG-001,AGRI_BURN,20.43159022680726,31.246767032252986,-3.8252410112350708,16.24916553402798,0.0,4.367583934086295,2.575054684140489,0.0,0.0,2.0,0.0,0.0,0.0,0.3,0.21458789034504075,0.811585302820822
FAC-REG-019,AGRI_BURN,17.714040355356268,27.855193704158843,-3.583886493821007,13.749584339275415,0.0,2.9099002273147296,6.784073352954389,0.0,0.0,2.0,0.0,0.0,0.0,0.8,0.5,0.25144819019943115
FAC-REG-008,AGRI_BURN,24.343773910165503,35.123234323224345,2.5888885014044662,11.821999412491776,0.0,4.193630911246098,6.766600402171276,0.0,0.0,2.0,0.0,0.0,0.0,0.3,0.5,0.3026387762517464
FAC-REG-007,AGRI_BURN,14.79464004519564,20.796507523663468,4.640541301314894,4.17255283409552,0.0,1.1127461076504321,2.27874799235164,0.0,0.0,2.0,0.0,0.0,0.0,0.8,0.18989566602930333,0.4629155215015453
FAC-REG-013,AGRI_BURN,27.971948871102896,40.85663842001498,1.771063661962783,11.645024354581667,0.0,4.90976308486076,2.778239963807954,0.0,0.0,2.0,0.0,0.0,0.0,0.3,0.23151999698399617,0.7975547647731955
FAC-REG-013,AGRI_BURN,13.454513895727757,21.041456961097033,4.32133915398283,15.110262338986153,0.0,4.8288166052377,2.4574147896482357,0.0,0.0,2.0,0.0,0.0,0.0,0.3,0.20478456580401963,0.8942148711387596
FAC-REG-005,AGRI_BURN,8.396834009102179,13.158902347496515,-4.135753675527626,16.486666648560515,0.0,5.493082704717354,6.705677924252235,0.0,0.0,2.0,0.0,0.0,0.0,0.3,0.5,0.34951464566054663
FAC-REG-001,AGRI_BURN,29.515855322241162,47.141071022648276,0.5561715468240287,5.477497953100263,0.0,2.580524439704478,4.122464163382675,0.0,0.0,2.0,0.0,0.0,0.0,0.8,0.3435386802818896,0.3896701146231082
FAC-REG-015,AGRI_BURN,21.39190472792076,33.44611976930427,1.651201781136157,14.589936325946734,0.0,4.934843242183711,2.581742249287019,0.0,0.0,2.0,0.0,0.0,0.0,0.3,0.2151451874405849,0.8604463545064477
FAC-REG-017,AGRI_BURN,12.081571455669822,17.22638660525679,2.1260140729839314,14.540534081659672,0.0,2.5965844001068703,3.2610120107966543,0.0,0.0,2.0,0.0,0.0,0.0,0.8,0.2717510008997212,0.49413864888780384
FAC-REG-018,AGRI_BURN,13.79715737745885,17.636055479744495,-3.3722389897463123,11.059845555028376,0.0,4.969216464339306,5.306801968306528,0.0,0.0,2.0,0.0,0.0,0.0,0.3,0.44223349735887735,0.4200597564141986
FAC-REG-007,AGRI_BURN,19.823172649195755,22.028543498101772,-0.5588699482459356,16.173733821916006,0.0,4.400230281871349,5.175784944319675,0.0,0.0,2.0,0.0,0.0,0.0,0.3,0.4313154120266396,0.40528588600103976
FAC-REG-007,AGRI_BURN,10.087974014853716,13.06400735943759,-0.9339414695390431,12.596927933196493,0.0,1.7608730094095895,2.8832151493523477,0.0,0.0,2.0,0.0,0.0,0.0,0.8,0.24026792911269565,0.4602427617827063
FAC-REG-014,AGRI_BURN,27.526387579956207,36.75822037341612,3.7811519698570137,12.752412142580445,0.0,4.370960583075004,6.0213057718922505,0.0,0.0,2.0,0.0,0.0,0.0,0.3,0.5,0.3472144277695011
FAC-REG-011,AGRI_BURN,21.08631970552509,26.73037900498536,3.158552557456904,16.54487935110092,0.0,5.228542908583636,2.577589500534911,0.0,0.0,2.0,0.0,0.0,0.0,0.3,0.2147991250445759,0.887108180625462
FAC-REG-016,AGRI_BURN,28.12085757487845,32.212952955727566,1.4820917744855588,9.73090337904896,0.0,3.028096951277212,5.397759182863419,0.0,0.0,2.0,0.0,0.0,0.0,0.3,0.44981326523861825,0.32238244376597436
FAC-REG-015,AGRI_BURN,15.845679574173145,19.71363130117108,-2.4300826468905248,14.122673388453435,0.0,3.0969391575984297,6.827053496843058,0.0,0.0,2.0,0.0,0.0,0.0,0.3,0.5,0.2577703912062484
FAC-REG-011,AGRI_BURN,14.440314068829519,16.456083784468163,-0.12177162618118942,8.005177064558978,0.0,2.0104158250396185,6.763210654004307,0.0,0.0,2.0,0.0,0.0,0.0,0.8,0.5,0.209647666324976
FAC-REG-009,AGRI_BURN,16.530815227654493,20.554968403057558,-2.314203956670334,17.568601388395088,0.0,1.3493096034233085,5.388055910497971,0.0,0.0,2.0,0.0,0.0,0.0,0.8,0.44900465920816424,0.2155875673491276
FAC-REG-018,AGRI_BURN,22.505218815648032,28.06357324694426,-2.8419574894030664,5.2761507663679765,0.0,2.563413325138961,2.5295784481438677,0.0,0.0,2.0,0.0,0.0,0.0,0.8,0.21079820401198898,0.6329379940613155
FAC-REG-017,AGRI_BURN,25.7021173413629,30.04442507085916,2.7597684981524226,16.456993382266546,0.0,3.6895976316462153,3.548409791564757,0.0,0.0,2.0,0.0,0.0,0.0,0.3,0.29570081596372977,0.5413220707038058
FAC-REG-003,AGRI_BURN,24.20971234786198,33.91038655283155,1.5545345649356417,2.651709072289793,0.0,5.637585078539122,2.331450937232751,0.0,0.0,2.0,0.0,0.0,0.0,0.3,0.19428757810272926,1.0184044160510466
FAC-REG-017,AGRI_BURN,19.45145174011332,27.77067425194687,-0.8163696157120697,14.997680061863045,0.0,5.306161136301929,2.7734242409243057,0.0,0.0,2.0,0.0,0.0,0.0,0.3,0.23111868674369215,0.8305655432351595
FAC-REG-012,AGRI_BURN,18.72981510293813,26.508646236152753,-4.204802867035013,11.040668924930623,0.0,1.7740787743586763,3.848215588112607,0.0,0.0,2.0,0.0,0.0,0.0,0.8,0.32068463234271727,0.34612028724930566
FAC-REG-001,AGRI_BURN,20.576005595430917,31.922403625950068,-1.055153686524947,19.669795924952137,0.0,4.795140240256014,4.557405233941916,0.0,0.0,2.0,0.0,0.0,0.0,0.3,0.37978376949515963,0.48048851339763593
FAC-REG-014,AGRI_BURN,11.54420051164129,18.447706204566728,-3.200003833893131,11.294583117635405,0.0,5.242088632152555,2.1020080534410317,0.0,0.0,2.0,0.0,0.0,0.0,0.3,0.17516733778675264,1.0892255102677963
FAC-REG-002,AGRI_BURN,25.594780341495273,32.57525951981999,-2.403893747667883,10.033637710051426,0.0,3.3362067220441856,3.2004235096832194,0.0,0.0,2.0,0.0,0.0,0.0,0.3,0.2667019591402683,0.5707146548641467
FAC-REG-001,AGRI_BURN,19.936052970614213,31.682817883062633,3.1001777804626336,12.224835056859055,0.0,5.735201390721796,4.524374075476535,0.0,0.0,2.0,0.0,0.0,0.0,0.3,0.37703117295637795,0.5293169862603142
FAC-REG-011,AGRI_BURN,21.29370935171235,32.22971288714277,-0.7499758587680248,7.3203168963339085,0.0,2.3251745907027375,4.680961396411021,0.0,0.0,2.0,0.0,0.0,0.0,0.8,0.3900801163675851,0.3257562258126843
FAC-REG-002,AGRI_BURN,14.732021418829685,23.035036310200592,0.8858609734925427,9.635436283352911,0.0,4.255884803718091,5.839833789049026,0.0,0.0,2.0,0.0,0.0,0.0,0.3,0.4866528157540855,0.3532599844698891
FAC-REG-012,AGRI_BURN,18.99008156988682,21.953469654587355,-0.5923419856345866,10.88198482543575,0.0,5.484970390928369,3.9740038423147652,0.0,0.0,2.0,0.0,0.0,0.0,0.3,0.33116698685956375,0.5893304227537579
FAC-REG-010,AGRI_BURN,27.369281863219307,36.041563186317404,-0.8790639036746084,3.123212629774726,0.0,3.4898815129369662,4.770848608055001,0.0,0.0,2.0,0.0,0.0,0.0,0.3,0.39757071733791677,0.39157026560606345
FAC-REG-010,AGRI_BURN,8.287683751841527,9.827953243653477,1.537645030932362,2.945772105364375,0.0,1.3180449808825037,3.1053943684672096,0.0,0.0,2.0,0.0,0.0,0.0,0.8,0.25878286403893414,0.3696990671584265
FAC-REG-015,AGRI_BURN,18.9482901991148,22.872256114360606,-4.399268316450176,8.19630841720737,0.0,1.7184381259210637,5.549665367171231,0.0,0.0,2.0,0.0,0.0,0.0,0.8,0.46247211393093596,0.23621101885967163
FAC-REG-019,AGRI_BURN,11.164358361786839,12.332382400361173,3.081570490242127,5.583402107874331,0.0,4.03108321110383,3.684609565383728,0.0,0.0,2.0,0.0,0.0,0.0,0.3,0.30705079711531064,0.5449032602169178
FAC-REG-019,AGRI_BURN,14.944379793611128,17.088446680009618,-2.770499914422464,5.791024913383823,0.0,3.140096762198219,5.291418917130787,0.0,0.0,2.0,0.0,0.0,0.0,0.3,0.44095157642756555,0.3348878335361951
FAC-REG-012,AGRI_BURN,8.261752309393424,10.298918431794577,-4.940759345459976,9.083524732665968,0.0,1.3158026408206966,6.567554834156206,0.0,0.0,2.0,0.0,0.0,0.0,0.8,0.5,0.17465928153267693
FAC-REG-012,AGRI_BURN,20.614835769749483,32.24057889435083,3.283781456016463,8.15212783386664,0.0,2.1862718182856864,3.313168061830368,0.0,0.0,2.0,0.0,0.0,0.0,0.8,0.276097338485864,0.4462812204769234
FAC-REG-005,AGRI_BURN,27.93142059720373,42.784603347609696,1.7405845275369582,6.2561643508275,0.0,4.188514255209644,4.530415478702555,0.0,0.0,2.0,0.0,0.0,0.0,0.3,0.37753462322521286,0.45174355631960367
FAC-REG-002,AGRI_BURN,22.61076626423371,29.694627773135085,3.8911935572744287,17.29144726781295,0.0,3.6271599915482113,5.457527729067973,0.0,0.0,2.0,0.0,0.0,0.0,0.3,0.4547939774223311,0.34896944699311566
FAC-REG-005,AGRI_BURN,27.814653850389824,42.0510177138241,1.8272729779531165,14.763276680195029,0.0,4.633352346291063,6.713013502423735,0.0,0.0,2.0,0.0,0.0,0.0,0.3,0.5,0.3206491870046023
FAC-REG-012,AGRI_BURN,23.93729148592493,31.164091503434303,-2.852554975916426,8.72944683956414,0.0,2.420520746137165,2.8804464397192695,0.0,0.0,2.0,0.0,0.0,0.0,0.8,0.24003720330993913,0.5401253994178051
FAC-REG-008,AGRI_BURN,25.740862023424636,34.88204832270978,4.7742504168942155,7.429388703304187,0.0,3.4033505615253836,4.239977273344341,0.0,0.0,2.0,0.0,0.0,0.0,0.3,0.3533314394453617,0.4351007322349014
FAC-REG-011,AGRI_BURN,9.976166556585849,13.920511971314975,0.9936355173826561,9.828282333446463,0.0,3.1592184615601484,2.269662914204356,0.0,0.0,2.0,0.0,0.0,0.0,0.3,0.18913857618369634,0.7831202747708146
FAC-REG-019,AGRI_BURN,8.677053921701521,12.223638093014182,2.606613420236065,10.912660488207031,0.0,5.657824900039592,5.5394034761826765,0.0,0.0,2.0,0.0,0.0,0.0,0.3,0.4616169563485564,0.42939971526201653
FAC-REG-012,AGRI_BURN,12.32261835286421,15.10401909205497,-3.2642785584856027,19.262117827848805,0.0,5.273087315759177,3.1524741867576043,0.0,0.0,2.0,0.0,0.0,0.0,0.3,0.26270618222980036,0.7284184580405596
FAC-REG-016,AGRI_BURN,24.206341254945336,28.00146639712162,3.060117104884844,6.931130928741254,0.0,2.2446449385729688,4.9519048260193035,0.0,0.0,2.0,0.0,0.0,0.0,0.8,0.41265873550160864,0.30255305156248985
FAC-REG-001,AGRI_BURN,8.578549987062708,10.556028712407036,0.3806755073482275,18.383286758941477,0.0,5.232175881536534,4.452232299604877,0.0,0.0,2.0,0.0,0.0,0.0,0.3,0.37101935830040644,0.5137636235247359
FAC-REG-012,AGRI_BURN,19.7755601618448,28.72198007209237,-1.6083546747496626,4.443607807428958,0.0,2.392839766028297,5.85794432233907,0.0,0.0,2.0,0.0,0.0,0.0,0.8,0.48816202686158916,0.26406544199928567
FAC-REG-010,AGRI_BURN,25.863592795085623,32.581938434015754,-3.364449615861819,10.127346291488145,0.0,3.261372561445695,2.0805410927466848,0.0,0.0,2.0,0.0,0.0,0.0,0.3,0.17337842439555706,0.8680083611716133
FAC-REG-010,AGRI_BURN,24.109234110030325,27.578226388594167,1.681806619579051,18.176711774475127,0.0,1.2889409850993208,2.703266696168334,0.0,0.0,2.0,0.0,0.0,0.0,0.8,0.2252722246806945,0.4199790459940805
FAC-REG-016,AGRI_BURN,8.509228982130184,11.488878702149979,-0.16390993248333707,5.262037708169653,0.0,4.821620001033518,4.463371651555015,0.0,0.0,2.0,0.0,0.0,0.0,0.3,0.37194763762958455,0.4919641306085546
FAC-REG-006,AGRI_BURN,18.577295699954,29.64951227123017,1.8665042335403728,17.223743497840974,0.0,3.074238032802729,5.839304615629277,0.0,0.0,2.0,0.0,0.0,0.0,0.3,0.4866087179691064,0.30026700637402715
FAC-REG-008,AGRI_BURN,11.417552655220373,16.364854641799923,1.0534362794423044,4.0239358678500015,0.0,1.1826018969068692,5.101443262942924,0.0,0.0,2.0,0.0,0.0,0.0,0.8,0.4251202719119103,0.2131700684950182
FAC-REG-001,AGRI_BURN,23.604914485676634,32.88379810487826,-1.427580318298638,12.598433479987024,0.0,2.7113279639487313,2.4193686927600604,0.0,0.0,2.0,0.0,0.0,0.0,0.8,0.20161405773000504,0.6805953384320842
FAC-REG-006,AGRI_BURN,10.79801397991524,12.268424807949776,3.78530749207156,7.782106565625664,0.0,4.251484870367538,3.6450286483111642,0.0,0.0,2.0,0.0,0.0,0.0,0.3,0.3037523873592637,0.5656781096292166
FAC-REG-006,AGRI_BURN,26.522474838543573,36.911620181369706,-4.3844332240000075,13.969774694049963,0.0,1.041326489729292,5.899802302701965,0.0,0.0,2.0,0.0,0.0,0.0,0.8,0.4916501918918304,0.17296411103477952
FAC-REG-013,AGRI_BURN,8.92136866445306,12.057534515702537,0.8422478883171811,18.603447256299795,0.0,1.245792618107138,4.86749792467608,0.0,0.0,2.0,0.0,0.0,0.0,0.8,0.40562482705634,0.2293068886001337
FAC-REG-002,AGRI_BURN,20.31614535542138,22.432738873079472,-4.173329620134577,4.707967827602893,0.0,1.927059089135871,4.560090633377346,0.0,0.0,2.0,0.0,0.0,0.0,0.8,0.3800075527814455,0.304420602581874
FAC-REG-010,AGRI_BURN,28.242503893097833,37.707925732545625,-4.71003255664052,14.571868748253333,0.0,3.409186267881291,2.621726587212054,0.0,0.0,2.0,0.0,0.0,0.0,0.3,0.2184772156010045,0.7042680181823928
FAC-REG-005,AGRI_BURN,9.418794970028618,13.065251018595003,1.2202947925200922,11.350490221220277,0.0,5.085510665013075,6.305044106540068,0.0,0.0,2.0,0.0,0.0,0.0,0.3,0.5,0.35766723365905995
FAC-REG-014,AGRI_BURN,23.919407630674932,36.26999312023865,-2.9917124982507914,10.410766090146529,0.0,4.459234399729841,5.1869624896756745,0.0,0.0,2.0,0.0,0.0,0.0,0.3,0.4322468741396395,0.40711494318699687
FAC-REG-013,AGRI_BURN,12.933684429327098,14.863614604100073,4.168065780747764,12.303008172428774,0.0,1.7691296225370547,5.967182909436808,0.0,0.0,2.0,0.0,0.0,0.0,0.8,0.4972652424530673,0.22290020963783566
FAC-REG-015,AGRI_BURN,16.218458292859772,19.57811251470847,0.8512166092712468,10.250996715734363,0.0,1.170877945205437,3.598260311276503,0.0,0.0,2.0,0.0,0.0,0.0,0.8,0.2998550259397086,0.3007206380982653
FAC-REG-016,AGRI_BURN,15.836648979585123,17.47790232881666,-4.390877731284729,10.004682767704336,0.0,2.9966307319575516,2.923569547849416,0.0,0.0,2.0,0.0,0.0,0.0,0.8,0.24363079565411802,0.592111075892577
FAC-REG-002,AGRI_BURN,11.842301440018097,18.05235252153096,-2.0180512212440114,12.974876127770425,0.0,3.514215309995434,2.259410387969961,0.0,0.0,2.0,0.0,0.0,0.0,0.3,0.18828419899749674,0.8296961255712895
FAC-REG-001,AGRI_BURN,9.652060207716907,15.169936950757078,-1.3491632671559928,18.470223813684402,0.0,4.902609013785109,5.777186362577906,0.0,0.0,2.0,0.0,0.0,0.0,0.3,0.48143219688149214,0.383263315543888
FAC-REG-019,AGRI_BURN,19.692690400699107,30.24665546595025,1.8737441769779757,4.452690479831725,0.0,1.7387316221898055,4.140616839091873,0.0,0.0,2.0,0.0,0.0,0.0,0.8,0.3450514032576561,0.31845731736441746
FAC-REG-008,AGRI_BURN,8.612695106820627,12.940638476958041,-4.804774293020059,17.037068090965246,0.0,1.7205198151648302,6.87339205403558,0.0,0.0,2.0,0.0,0.0,0.0,0.8,0.5,0.19083530478855698
FAC-REG-012,AGRI_BURN,17.763238744211385,24.60966190893204,0.270709385134583,3.1685487157543433,0.0,4.07607448298457,6.140216428871261,0.0,0.0,2.0,0.0,0.0,0.0,0.3,0.5,0.32880421512188046
FAC-REG-006,AGRI_BURN,23.872761808896797,26.330799426131048,0.9244075539845937,17.32960736126164,0.0,2.7844994358737742,2.5414467824145843,0.0,0.0,2.0,0.0,0.0,0.0,0.8,0.21178723186788204,0.6565874041655977
FAC-REG-013,AGRI_BURN,13.003278031917645,15.417496177725349,1.6760171358323506,13.16529270322738,0.0,4.217760614937087,2.4400301375572613,0.0,0.0,2.0,0.0,0.0,0.0,0.3,0.20333584479643843,0.8416776074528097
FAC-REG-008,AGRI_BURN,16.56386072979906,20.81555040532509,-0.3763855275226078,9.326156150583493,0.0,5.31788501569573,6.64630487598946,0.0,0.0,2.0,0.0,0.0,0.0,0.3,0.5,0.34696783180898083
FAC-REG-008,AGRI_BURN,13.855484493125882,16.73133299070017,3.253779778689717,19.77394137010448,0.0,3.7844029507398287,3.3902437416666964,0.0,0.0,2.0,0.0,0.0,0.0,0.3,0.28252031180555803,0.5738095384772745
FAC-REG-002,AGRI_BURN,20.426021583500713,25.932912046029635,-1.7731629292217974,13.785860667636047,0.0,5.25742224656997,5.045976956966632,0.0,0.0,2.0,0.0,0.0,0.0,0.3,0.4204980797472193,0.4544029752748407
FAC-REG-015,AGRI_BURN,19.429040804829583,25.748691286113,-4.883551004969037,12.244212504962952,0.0,4.307621620730874,4.95957202209535,0.0,0.0,2.0,0.0,0.0,0.0,0.3,0.41329766850794586,0.41847987052504937
FAC-REG-016,AGRI_BURN,20.5694696259677,23.31292525840359,-3.835544759152886,12.938305107019167,0.0,2.374895959868201,2.398225645173829,0.0,0.0,2.0,0.0,0.0,0.0,0.8,0.1998521370978191,0.6425874681132407
FAC-REG-001,AGRI_BURN,20.19509715784042,25.534135461109752,2.2043370222577794,13.765985641771781,0.0,2.6640918054583596,5.774362644542803,0.0,0.0,2.0,0.0,0.0,0.0,0.8,0.4811968870452336,0.28266402457073264
FAC-REG-016,AGRI_BURN,18.023560227270494,25.340261312555896,-1.2648033576825881,14.784076002096617,0.0,5.178607983239356,5.441166386678248,0.0,0.0,2.0,0.0,0.0,0.0,0.3,0.4534305322231873,0.4182293546189777
FAC-REG-017,AGRI_BURN,18.090475108832145,25.709456448660585,1.7981089160133026,12.277765261679432,0.0,4.124711375536975,2.482943412472661,0.0,0.0,2.0,0.0,0.0,0.0,0.3,0.20691195103938842,0.817956033666725
FAC-REG-013,AGRI_BURN,29.509681882160997,34.05305971252248,4.31944139654372,18.48761519954716,0.0,3.62680240909749,5.624551359180422,0.0,0.0,2.0,0.0,0.0,0.0,0.3,0.46871261326503516,0.33858994821923366
FAC-REG-015,AGRI_BURN,21.86076070593364,27.769461311608058,-1.9884098021455463,12.619021257966489,0.0,3.4906483709199017,4.897681845749905,0.0,0.0,2.0,0.0,0.0,0.0,0.3,0.4081401538124921,0.38147183759750514
FAC-REG-006,AGRI_BURN,28.405078128524664,37.75437122459896,1.5944565871563823,18.50300889041647,0.0,1.4505681646707227,5.852407265595149,0.0,0.0,2.0,0.0,0.0,0.0,0.8,0.4877006054662624,0.205794863148423
FAC-REG-006,AGRI_BURN,25.884424918666614,28.975979056403023,1.589427939347427,7.269760604269509,0.0,5.357728403540632,4.424961422887497,0.0,0.0,2.0,0.0,0.0,0.0,0.3,0.36874678524062476,0.5230953486920322
FAC-REG-019,AGRI_BURN,19.38805658516756,25.02957408688841,0.6430106466983023,4.504325195711094,0.0,5.984952514062756,4.127779388483588,0.0,0.0,2.0,0.0,0.0,0.0,0.3,0.34398161570696567,0.5926712716735324
FAC-REG-018,AGRI_BURN,14.193211656992261,17.345763124210386,0.6035197401996184,2.8804296661148787,0.0,3.602852721495867,3.958858710060016,0.0,0.0,2.0,0.0,0.0,0.0,0.3,0.3299048925050013,0.4794609619511057
FAC-REG-017,AGRI_BURN,23.453185619308023,33.2342422250716,4.846443693733663,4.919643517845244,0.0,3.1486850446488925,4.124153683216556,0.0,0.0,2.0,0.0,0.0,0.0,0.3,0.3436794736013797,0.4302588084385399
FAC-REG-016,AGRI_BURN,18.034798596825933,20.108982818830235,-1.0277247043376745,12.498100270079298,0.0,5.7656230625398255,4.583680224700322,0.0,0.0,2.0,0.0,0.0,0.0,0.3,0.38197335205836014,0.5238522470780953
FAC-REG-010,AGRI_BURN,14.769932166016162,17.07104273208937,3.3976472403860285,19.95047939995018,0.0,2.4630444701982275,3.7889246292088314,0.0,0.0,2.0,0.0,0.0,0.0,0.8,0.31574371910073595,0.4142096001569586
FAC-REG-006,AGRI_BURN,23.644849396067976,29.50449625099191,0.8104649128391506,19.024017638874483,0.0,5.059065534728893,5.709163568643298,0.0,0.0,2.0,0.0,0.0,0.0,0.3,0.47576363072027483,0.3939695594572432
FAC-REG-016,AGRI_BURN,19.096375494572868,25.439539720359367,-2.4660189244062733,11.337990807603422,0.0,1.1524827392637724,2.659051867487296,0.0,0.0,2.0,0.0,0.0,0.0,0.8,0.22158765562394134,0.40372942763889014
FAC-REG-002,AGRI_BURN,13.857136879391632,18.80778566150788,-3.9311470451093946,14.052080802433046,0.0,5.180396375834191,5.592236406512081,0.0,0.0,2.0,0.0,0.0,0.0,0.3,0.4660197005426734,0.40700146542509064
FAC-REG-012,AGRI_BURN,24.792274184469502,36.22909560842051,-2.9549566130720417,8.414474636708379,0.0,3.349227174918375,3.653964957138278,0.0,0.0,2.0,0.0,0.0,0.0,0.3,0.3044970797615232,0.500850284920161
FAC-REG-001,AGRI_BURN,17.70455561016334,25.969235407908783,1.2502678781032897,17.445285839203763,0.0,5.012299076686852,2.2068719123362994,0.0,0.0,2.0,0.0,0.0,0.0,0.3,0.18390599269469163,1.0144750282040909
FAC-REG-018,AGRI_BURN,10.245648344854153,14.351134563576489,3.7382182116225344,4.596933277412177,0.0,3.2554464373341574,6.554394524032219,0.0,0.0,2.0,0.0,0.0,0.0,0.3,0.5,0.2752787566741273
FAC-REG-004,AGRI_BURN,24.974571665234283,33.99905539118125,-3.4190766271715125,4.682881981379384,0.0,1.9418411603353487,3.7546104748283975,0.0,0.0,2.0,0.0,0.0,0.0,0.8,0.3128842062356998,0.3711435895576937
FAC-REG-017,AGRI_BURN,25.59292510037923,33.690546580313324,-0.06923290212426014,7.1481655091622605,0.0,4.52176478236065,6.0138283573101905,0.0,0.0,2.0,0.0,0.0,0.0,0.3,0.5,0.35359242691997045
FAC-REG-015,AGRI_BURN,18.142738498151864,22.91328217332509,-0.243449690750829,13.04913181466829,0.0,5.929957860853297,6.688822796591121,0.0,0.0,2.0,0.0,0.0,0.0,0.3,0.5,0.3640626391487158
FAC-REG-012,AGRI_BURN,13.51279468507224,17.55128914752644,-0.7188643025275834,17.904339903322366,0.0,5.804520770644797,6.4650068119824855,0.0,0.0,2.0,0.0,0.0,0.0,0.3,0.5,0.37266121706040434
FAC-REG-011,AGRI_BURN,17.147293365522025,24.01549310228792,2.0980471327237193,19.135360228828922,0.0,2.22308137026133,5.730654891193211,0.0,0.0,2.0,0.0,0.0,0.0,0.8,0.47755457426610093,0.26017970938308965
FAC-REG-014,AGRI_BURN,13.908257093654104,20.69970659730874,0.5222228017384651,14.067041861369326,0.0,2.614505342889505,4.406369759138025,0.0,0.0,2.0,0.0,0.0,0.0,0.8,0.36719747992816876,0.3669558611576923
FAC-REG-018,AGRI_BURN,28.652722797602696,39.16724687705149,0.9594795079261429,3.048827454080297,0.0,1.8513456856429713,5.164669402355224,0.0,0.0,2.0,0.0,0.0,0.0,0.8,0.4303891168629353,0.2634518376352441
FAC-REG-008,AGRI_BURN,15.812898808565759,20.613412614482993,-0.9080335621435021,12.023152028984187,0.0,3.717349349906816,4.485769079414358,0.0,0.0,2.0,0.0,0.0,0.0,0.3,0.3738140899511965,0.42981322635866964
FAC-REG-010,AGRI_BURN,26.002934656393975,36.93527223878069,-1.8960190470415519,13.981945133367924,0.0,2.052308738416061,3.5912749863971043,0.0,0.0,2.0,0.0,0.0,0.0,0.8,0.29927291553309204,0.3989079453140156
FAC-REG-005,AGRI_BURN,20.252352252584544,23.373509564548968,4.333103803483386,8.336466189100168,0.0,2.0948506355290064,4.482749068009156,0.0,0.0,2.0,0.0,0.0,0.0,0.8,0.3735624223340963,0.3228732776773006
FAC-REG-010,AGRI_BURN,26.78686618631996,31.77182520474449,-2.290367921287805,7.498465494462598,0.0,2.354546116234356,6.27704081052144,0.0,0.0,2.0,0.0,0.0,0.0,0.8,0.5,0.2444548444391328
FAC-REG-011,AGRI_BURN,21.680140420989147,30.366934827740867,0.4604993188276598,12.830480515688699,0.0,5.673259763536103,2.0428460540537037,0.0,0.0,2.0,0.0,0.0,0.0,0.3,0.17023717117114198,1.165952061284166
FAC-REG-003,AGRI_BURN,17.445100845492295,22.747407771171904,-3.8605473055545647,14.3324813005255,0.0,4.510485941897455,5.604466095260488,0.0,0.0,2.0,0.0,0.0,0.0,0.3,0.4670388412717073,0.37894608148762116
FAC-REG-019,AGRI_BURN,12.991490125664786,16.309712232360308,4.842407168016491,17.05576746403932,0.0,3.348996103392664,4.7729844277299485,0.0,0.0,2.0,0.0,0.0,0.0,0.3,0.39774870231082904,0.3834134146629826
FAC-REG-010,AGRI_BURN,25.8153476311383,39.20343400371337,-4.067126152780315,15.42861550607546,0.0,5.799583448210455,5.392736707090803,0.0,0.0,2.0,0.0,0.0,0.0,0.3,0.44939472559090027,0.4465696293277184
FAC-REG-001,AGRI_BURN,17.090474373130895,26.292349220642183,-3.739445686392966,17.816171577840446,0.0,3.5610550840514232,4.021822149905738,0.0,0.0,2.0,0.0,0.0,0.0,0.3,0.33515184582547813,0.46920916243322663
FAC-REG-014,AGRI_BURN,19.02463341815766,27.461605946506626,2.9190653842223693,12.702826330272385,0.0,5.54458872060727,6.709957234419359,0.0,0.0,2.0,0.0,0.0,0.0,0.3,0.5,0.3509254910939663
FAC-REG-013,AGRI_BURN,8.082889280111727,11.44285516429542,0.9651600069863084,8.067663251572801,0.0,3.2571150180248516,3.2348161208091044,0.0,0.0,2.0,0.0,0.0,0.0,0.3,0.26956801006742537,0.5579136007816016
FAC-REG-013,AGRI_BURN,21.95976853405437,30.004857345148192,-1.074738015821728,7.599226755362812,0.0,5.113682430217157,4.257038352167845,0.0,0.0,2.0,0.0,0.0,0.0,0.3,0.3547531960139871,0.5312015262589737
FAC-REG-011,AGRI_BURN,16.85745164348358,26.04731296013741,-1.1605110573702735,15.394294557019753,0.0,3.3797110877386207,2.612915782535915,0.0,0.0,2.0,0.0,0.0,0.0,0.3,0.2177429818779929,0.7035814425848258
FAC-REG-016,AGRI_BURN,9.224801928987462,13.825752177730852,-3.45938347139352,13.440056605333695,0.0,2.693216357239316,2.6324012834565473,0.0,0.0,2.0,0.0,0.0,0.0,0.8,0.21936677362137894,0.6234240151332354
FAC-REG-012,AGRI_BURN,15.36417718474414,22.24339886159361,1.9863558943195603,14.81887837823704,0.0,3.462609270102542,6.57443075060752,0.0,0.0,2.0,0.0,0.0,0.0,0.3,0.5,0.283037245098255
FAC-REG-014,AGRI_BURN,13.909181553023888,19.016532624457973,3.3260901303838555,9.532194499573613,0.0,4.584876367767741,6.383421067303242,0.0,0.0,2.0,0.0,0.0,0.0,0.3,0.5,0.335436503208164
FAC-REG-015,AGRI_BURN,25.758223348847523,38.08871317849164,-1.4306270205186502,19.816599291265174,0.0,2.312861857179785,3.274016330158478,0.0,0.0,2.0,0.0,0.0,0.0,0.8,0.27283469417987316,0.4645088638744624
FAC-REG-015,AGRI_BURN,17.562460997123853,22.22349419377917,-3.2133719466089703,15.893317541354522,0.0,4.931609030680385,4.832820016150702,0.0,0.0,2.0,0.0,0.0,0.0,0.3,0.40273500134589185,0.4595086573931528
FAC-REG-005,AGRI_BURN,11.212371923026382,13.95479618247391,-1.902346858570966,11.63297808373087,0.0,4.31852239463128,3.9055025680590703,0.0,0.0,2.0,0.0,0.0,0.0,0.3,0.32545854733825585,0.5320968161872264
FAC-REG-005,AGRI_BURN,25.831362704900183,41.02668730704072,1.4467228607228435,7.362670752518148,0.0,5.98336304276396,6.466333181335387,0.0,0.0,2.0,0.0,0.0,0.0,0.3,0.5,0.37828106163264574
FAC-REG-004,AGRI_BURN,28.74407965061864,41.98808365002,-4.1187343049944225,17.31056522366529,0.0,4.661503853040905,5.054732628513266,0.0,0.0,2.0,0.0,0.0,0.0,0.3,0.4212277190427722,0.4271346811599569
FAC-REG-012,AGRI_BURN,18.281860343295456,25.836707866137736,2.9521658653038276,19.458158460294683,0.0,3.3364367909106005,4.868266014943785,0.0,0.0,2.0,0.0,0.0,0.0,0.3,0.40568883457864874,0.3752037320619341
FAC-REG-016,AGRI_BURN,28.871508201261978,44.78325497477596,3.7571703655893938,16.524794190900977,0.0,5.7171405363264265,2.4924732083970165,0.0,0.0,2.0,0.0,0.0,0.0,0.3,0.20770610069975137,0.9593099195299972
FAC-REG-004,AGRI_BURN,25.40633756586336,31.232644177141307,-1.5934492271270075,3.6214802830711585,0.0,1.897501302471753,5.828024091288961,0.0,0.0,2.0,0.0,0.0,0.0,0.8,0.4856686742740801,0.23635767158576537
FAC-REG-002,AGRI_BURN,24.099074090828793,28.49395004264393,-1.4864406534507326,7.1351595117375,0.0,2.7493084711123923,5.5416202453898515,0.0,0.0,2.0,0.0,0.0,0.0,0.8,0.461801687115821,0.29920922128196686
FAC-REG-010,AGRI_BURN,20.215793097374686,23.24747348229427,3.050176932346279,8.973050948842186,0.0,4.242670795166712,5.626948008309164,0.0,0.0,2.0,0.0,0.0,0.0,0.3,0.46891233402576366,0.3660553553111174
FAC-REG-018,AGRI_BURN,21.556782718471062,29.089507495200614,4.891855748647835,10.591331222585334,0.0,1.3716577568017292,6.88684530388818,0.0,0.0,2.0,0.0,0.0,0.0,0.8,0.5,0.1700601485739815
FAC-REG-019,AGRI_BURN,12.576540380131476,15.957811015706973,3.0967425808807327,14.674359106268431,0.0,4.828921463578622,4.206005511064662,0.0,0.0,2.0,0.0,0.0,0.0,0.3,0.3505004592553885,0.5224626317229005
FAC-REG-005,AGRI_BURN,12.647784172640321,17.913543883734135,4.7601392559879425,7.935516999418268,0.0,3.3048479610626984,5.370006855349268,0.0,0.0,2.0,0.0,0.0,0.0,0.3,0.44750057127910564,0.33853291608078623
FAC-REG-009,AGRI_BURN,24.75833954232935,27.955844480358596,4.9842123392377395,15.667042940090676,0.0,5.319516581470566,5.255988560476732,0.0,0.0,2.0,0.0,0.0,0.0,0.3,0.43799904670639433,0.4388152096905739
FAC-REG-016,AGRI_BURN,16.945761386099647,23.3920335877804,-2.715910384325614,16.888695217884823,0.0,2.4780113875211063,5.52681345448341,0.0,0.0,2.0,0.0,0.0,0.0,0.8,0.46056778787361746,0.28482417147815636
FAC-REG-009,AGRI_BURN,26.380695424152517,31.16420428063305,3.5434598278271547,14.518436422950469,0.0,3.6004134160829198,6.151250963906925,0.0,0.0,2.0,0.0,0.0,0.0,0.3,0.5,0.3084698622785357
FAC-REG-006,AGRI_BURN,23.604537012188636,26.55552708993752,-4.306046850594579,16.54688534735358,0.0,5.04516349753666,3.226523585295406,0.0,0.0,2.0,0.0,0.0,0.0,0.3,0.26887696544128387,0.6961499212991843
FAC-REG-010,AGRI_BURN,20.79006425850065,30.985360869987087,-3.08226541706329,3.376129224132651,0.0,5.368169113173501,2.377772468813848,0.0,0.0,2.0,0.0,0.0,0.0,0.3,0.19814770573448734,0.9744123960429331
FAC-REG-012,AGRI_BURN,23.29701689173646,30.39617634050515,3.7631396991550883,7.714646406589717,0.0,1.0593567333467964,3.5032782028037204,0.0,0.0,2.0,0.0,0.0,0.0,0.8,0.2919398502336434,0.29379641273208507
FAC-REG-007,AGRI_BURN,16.27064425887245,22.249070851116436,3.765981188350187,18.468488449031447,0.0,2.3298703232705607,4.310702366349504,0.0,0.0,2.0,0.0,0.0,0.0,0.8,0.359225197195792,0.3540934040231396
FAC-REG-007,AGRI_BURN,9.551109022501661,13.276225342346189,2.1969457146083746,4.14920613335183,0.0,4.16883829899248,3.431830339435793,0.0,0.0,2.0,0.0,0.0,0.0,0.3,0.2859858616196494,0.5949517080361246
FAC-REG-017,AGRI_BURN,10.838809331829609,14.776112216752955,-1.0426313663328135,5.656229444928908,0.0,5.207578620310616,2.055142242495681,0.0,0.0,2.0,0.0,0.0,0.0,0.3,0.17126185354130674,1.1103912519640486
FAC-REG-010,AGRI_BURN,8.27709083972739,9.502129032438265,-2.0290378082691896,3.449745744314038,0.0,3.983152661785706,2.434314539930914,0.0,0.0,2.0,0.0,0.0,0.0,0.3,0.20285954499424283,0.8198544963919601
FAC-REG-017,AGRI_BURN,9.30479568562413,11.655772808203567,3.9657152496927743,13.724381852658038,0.0,4.850656459644597,2.70776054738553,0.0,0.0,2.0,0.0,0.0,0.0,0.3,0.22564671228212752,0.8133734694978344
FAC-REG-006,AGRI_BURN,19.384142206454406,30.281464474987256,0.49083222568722906,12.702473395070523,0.0,3.0082656288219014,6.745398015914084,0.0,0.0,2.0,0.0,0.0,0.0,0.3,0.5,0.2571286740546906
FAC-REG-016,AGRI_BURN,17.51271992407198,26.520099713971476,3.2288806829350207,5.805228268349952,0.0,4.505705656917884,3.4532148465326555,0.0,0.0,2.0,0.0,0.0,0.0,0.3,0.2877679038777213,0.6146923513624304
FAC-REG-017,AGRI_BURN,13.787533704337905,19.137654342690166,1.9643779270221318,5.380976814894765,0.0,1.7433628184809105,4.281539558290866,0.0,0.0,2.0,0.0,0.0,0.0,0.8,0.35679496319090553,0.30838548508677976
FAC-REG-006,AGRI_BURN,10.298612696772363,12.551517234068653,-1.2009947767729603,10.828360730781013,0.0,1.222850203563154,6.852866663136802,0.0,0.0,2.0,0.0,0.0,0.0,0.8,0.5,0.16136686001914305
FAC-REG-018,AGRI_BURN,15.110269437135395,19.029097094078143,-0.5145745063154061,13.459284398353077,0.0,1.7318653329448388,2.9446490688247615,0.0,0.0,2.0,0.0,0.0,0.0,0.8,0.24538742240206346,0.44691354222122615
FAC-REG-010,AGRI_BURN,16.364289955453906,25.129591550485664,1.6314782939982253,8.479957888479547,0.0,4.4184977286231035,2.0984160769070686,0.0,0.0,2.0,0.0,0.0,0.0,0.3,0.1748680064089224,1.0017185429142397
FAC-REG-001,AGRI_BURN,17.825241824346428,23.686587894605992,-2.4131822619857157,15.022349478314068,0.0,4.607882630425134,3.411985550529135,0.0,0.0,2.0,0.0,0.0,0.0,0.3,0.2843321292107613,0.6291345283486265
FAC-REG-013,AGRI_BURN,15.923126511056637,21.217847316060706,1.8989600331336076,17.96996109524577,0.0,2.034931515000598,6.590965792308515,0.0,0.0,2.0,0.0,0.0,0.0,0.8,0.5,0.21643417710521032
FAC-REG-016,AGRI_BURN,22.201252680531383,28.821179711253553,-4.22160846889486,9.038606411622675,0.0,4.443837579795757,5.3549773056515795,0.0,0.0,2.0,0.0,0.0,0.0,0.3,0.44624810880429827,0.3936601503523557
FAC-REG-010,AGRI_BURN,8.171247345917278,12.064771601436703,-3.936318336147563,3.941110019374996,0.0,1.0135060841708174,4.163006629784636,0.0,0.0,2.0,0.0,0.0,0.0,0.8,0.3469172191487197,0.2418277179257306
FAC-REG-008,AGRI_BURN,22.028609015268994,27.492407212104112,2.1042471638677993,5.463307504621477,0.0,5.159950265551736,4.8592416444522275,0.0,0.0,2.0,0.0,0.0,0.0,0.3,0.4049368037043523,0.4674705555551325
FAC-REG-017,AGRI_BURN,18.896988232545993,24.827730398613028,4.56019710486567,6.257864689627357,0.0,3.5833212992193717,5.68008684182668,0.0,0.0,2.0,0.0,0.0,0.0,0.3,0.4733405701522233,0.3332636142152174
FAC-REG-016,AGRI_BURN,29.56911592512175,40.590363646731134,4.500691552734061,5.640291657664928,0.0,1.1271034258976245,2.1970476764519495,0.0,0.0,2.0,0.0,0.0,0.0,0.8,0.1830873063709958,0.48321722126640315
FAC-REG-003,AGRI_BURN,11.526798869342514,15.817830101963416,0.3231026337991061,3.827753721420832,0.0,4.491077267472364,5.118860953254265,0.0,0.0,2.0,0.0,0.0,0.0,0.3,0.42657174610452203,0.41400151540072855
FAC-REG-011,AGRI_BURN,13.345306086000553,18.965741503005876,-2.2391391151073767,6.305333595134755,0.0,2.2708885715282876,4.453237496703634,0.0,0.0,2.0,0.0,0.0,0.0,0.8,0.3711031247253029,0.3383935333371294
FAC-REG-015,AGRI_BURN,28.660391362825294,41.152665511129484,-4.252540963636845,10.56198703593734,0.0,5.454120657553138,2.4723121290054344,0.0,0.0,2.0,0.0,0.0,0.0,0.3,0.20602601075045288,0.944624208129651
FAC-REG-005,AGRI_BURN,15.864628276821422,23.237128022728356,4.639437342689433,5.22431622337416,0.0,2.136899770971729,3.1284733719521514,0.0,0.0,2.0,0.0,0.0,0.0,0.8,0.26070611432934593,0.4672610853644671
FAC-REG-001,AGRI_BURN,17.69881247945535,25.081368494201715,2.7447741927598335,3.0913101415943514,0.0,3.9657799776356715,2.9336649704868547,0.0,0.0,2.0,0.0,0.0,0.0,0.3,0.24447208087390457,0.6788186922249917
FAC-REG-007,AGRI_BURN,15.655310655414763,20.892484392104592,-1.6586358812382662,4.378819572886686,0.0,1.728143692627257,2.1671899278054885,0.0,0.0,2.0,0.0,0.0,0.0,0.8,0.18059916065045736,0.6065867948869399
FAC-REG-010,AGRI_BURN,26.191877968593307,30.09453869873317,2.0394208242196212,8.414047493292589,0.0,2.5499006821773498,6.6627156304299,0.0,0.0,2.0,0.0,0.0,0.0,0.8,0.5,0.23966816729423474
FAC-REG-005,AGRI_BURN,26.188008264718206,30.206818237210687,0.04754323565541707,14.699094919563274,0.0,3.9341022253678184,6.163895355116473,0.0,0.0,2.0,0.0,0.0,0.0,0.3,0.5,0.3217863097139584
FAC-REG-008,AGRI_BURN,20.80797619518208,25.477455797965607,1.612333832618658,14.92333830114314,0.0,1.053459950567507,4.1960525546593725,0.0,0.0,2.0,0.0,0.0,0.0,0.8,0.3496710462216144,0.24460655764306052
FAC-REG-004,AGRI_BURN,18.915870374224536,28.60763564479666,-0.9784361815603244,4.2919030988805895,0.0,1.3075286822931926,2.2566718566183877,0.0,0.0,2.0,0.0,0.0,0.0,0.8,0.1880559880515323,0.5067073447438479
FAC-REG-016,AGRI_BURN,15.75359071358465,22.945237485965702,-3.422963787405081,6.914709068014804,0.0,1.7832368918181676,6.7645515678175485,0.0,0.0,2.0,0.0,0.0,0.0,0.8,0.5,0.19740834533274473
FAC-REG-016,AGRI_BURN,20.047463651141808,23.50079186541159,-3.660587805999996,19.016305561139266,0.0,5.021014536488905,2.9032745104558515,0.0,0.0,2.0,0.0,0.0,0.0,0.3,0.24193954253798763,0.7718050896085212
FAC-REG-004,AGRI_BURN,15.823683983666442,23.66435163093493,0.10212916478122036,4.737370397385673,0.0,4.69496031578122,3.9844398911245946,0.0,0.0,2.0,0.0,0.0,0.0,0.3,0.3320366575937162,0.5438118706356803
FAC-REG-013,AGRI_BURN,11.372515531338523,17.711281789575253,-4.355948839849568,3.4631599056225335,0.0,1.936752088312135,6.547303990243856,0.0,0.0,2.0,0.0,0.0,0.0,0.8,0.5,0.21255655901120607
FAC-REG-004,AGRI_BURN,24.994952614118905,29.6308276327045,-4.560953863693627,13.939727125838886,0.0,4.869680644118361,6.069145657964216,0.0,0.0,2.0,0.0,0.0,0.0,0.3,0.5,0.3635989998044592
FAC-REG-019,AGRI_BURN,13.364540059254317,15.720536231529147,3.5918903872156935,10.6820173696409,0.0,3.021100219466081,4.2474138105054,0.0,0.0,2.0,0.0,0.0,0.0,0.3,0.35395115087545,0.4092210745168199
FAC-REG-001,AGRI_BURN,26.70588267539033,38.808571716226304,-2.095210407767454,5.390527491572836,0.0,5.607168145122267,4.115377613982414,0.0,0.0,2.0,0.0,0.0,0.0,0.3,0.3429481344985345,0.5753897207213068
FAC-REG-015,AGRI_BURN,18.36025818118798,28.622241826266617,-1.1293268660870681,12.34621745184174,0.0,5.014831505542834,4.135662655241957,0.0,0.0,2.0,0.0,0.0,0.0,0.3,0.3446385546034964,0.5414808058349165
FAC-REG-017,AGRI_BURN,9.046830236014474,11.695156051481527,-3.417592581847373,14.668699387807719,0.0,1.5286228021556743,5.324038792901223,0.0,0.0,2.0,0.0,0.0,0.0,0.8,0.4436698994084352,0.23222499144235886
FAC-REG-010,AGRI_BURN,12.376169902218944,19.408016064450493,-4.814754232540441,10.161102258067457,0.0,1.108134962308969,4.417965240521645,0.0,0.0,2.0,0.0,0.0,0.0,0.8,0.3681637700434704,0.2382725617228419
FAC-REG-017,AGRI_BURN,22.694338419113862,26.02436875674816,0.07850143137481336,5.339122092460107,0.0,3.0817474939821583,6.164910373492188,0.0,0.0,2.0,0.0,0.0,0.0,0.3,0.5,0.28475526229588377
FAC-REG-007,AGRI_BURN,14.99511629651159,20.48299671008566,0.11298024370488591,19.202026422043655,0.0,3.3929186621638676,5.4955310269984885,0.0,0.0,2.0,0.0,0.0,0.0,0.3,0.4579609189165407,0.33517920001219614
FAC-REG-015,AGRI_BURN,28.7888432580731,34.48285393652325,1.4167571016149596,16.80203720728165,0.0,3.8012073189152624,3.2750182625053785,0.0,0.0,2.0,0.0,0.0,0.0,0.3,0.27291818854211486,0.5953153108969806
FAC-REG-003,AGRI_BURN,8.863567167561998,11.103586593296445,2.4460367900338014,3.3315607511244316,0.0,2.0964764125241535,5.531162492658909,0.0,0.0,2.0,0.0,0.0,0.0,0.8,0.4609302077215758,0.2617752439841459
FAC-REG-019,AGRI_BURN,18.017005021362426,26.107309954325704,-1.1204783134510796,5.298481787922231,0.0,2.9907474676145327,4.899839101015714,0.0,0.0,2.0,0.0,0.0,0.0,0.8,0.4083199250846428,0.35294582806926705
FAC-REG-015,AGRI_BURN,19.2912485861221,26.884082707458397,-0.23510602646173773,8.199878364022481,0.0,4.608242721258679,2.3733082232261205,0.0,0.0,2.0,0.0,0.0,0.0,0.3,0.19777568526884337,0.9045103253729425
FAC-REG-014,AGRI_BURN,26.03709924559411,35.852327120478364,-0.4941750718388258,7.496688755018443,0.0,2.4902126139567793,3.9155071679529225,0.0,0.0,2.0,0.0,0.0,0.0,0.8,0.32629226399607686,0.4030233336293747
FAC-REG-017,AGRI_BURN,10.406798360127347,14.880789427999815,-1.8092502767927376,15.925638247064077,0.0,2.0345809367305847,6.501174287160548,0.0,0.0,2.0,0.0,0.0,0.0,0.8,0.5,0.219404573635765
FAC-REG-004,AGRI_BURN,24.357055787139654,33.27159593896764,3.090345502403416,16.16282277550172,0.0,2.0750238413501427,5.578177752788812,0.0,0.0,2.0,0.0,0.0,0.0,0.8,0.4648481460657343,0.2582374331471047
FAC-REG-011,AGRI_BURN,28.05560052107542,37.90538895860548,4.658387750583302,18.978609911283954,0.0,5.325312649921802,4.499886324812093,0.0,0.0,2.0,0.0,0.0,0.0,0.3,0.3749905270676744,0.5128271533801447
FAC-REG-014,AGRI_BURN,12.136904036953286,18.567433568600066,-2.4224478437189036,6.462518089033875,0.0,3.4035702824217795,4.494255118721371,0.0,0.0,2.0,0.0,0.0,0.0,0.3,0.3745212598934476,0.4104966712956153
FAC-REG-019,AGRI_BURN,13.980935987970147,16.565348629493485,2.1846017832316678,15.976558046946433,0.0,3.311642487296413,5.570435113425088,0.0,0.0,2.0,0.0,0.0,0.0,0.3,0.4642029261187573,0.3266875644649701
FAC-REG-005,AGRI_BURN,13.73393600465403,16.226072636309684,-1.6318088903254315,12.207235590208027,0.0,3.87639797427375,2.654381667288435,0.0,0.0,2.0,0.0,0.0,0.0,0.3,0.22119847227403625,0.7417384796492955
FAC-REG-004,AGRI_BURN,11.044328375922206,16.280233506911244,-0.30345743048376406,16.201348022947677,0.0,4.731274471751027,5.023063567526108,0.0,0.0,2.0,0.0,0.0,0.0,0.3,0.4185886306271757,0.4330324053211062
FAC-REG-011,AGRI_BURN,8.40382593634112,10.554271067270955,1.3782217925941023,2.6635366860092735,0.0,1.1648847184129671,6.259439912351916,0.0,0.0,2.0,0.0,0.0,0.0,0.8,0.5,0.17242728868300208
FAC-REG-016,AGRI_BURN,22.506336429232228,28.68613063606022,1.7031963398154284,13.742465027650104,0.0,5.655096379398522,6.20708218012675,0.0,0.0,2.0,0.0,0.0,0.0,0.3,0.5,0.38311795874726423
FAC-REG-018,AGRI_BURN,10.34259879226354,13.92039781350854,2.6846779566413383,6.378828005807286,0.0,2.347450250666817,3.213574933992916,0.0,0.0,2.0,0.0,0.0,0.0,0.8,0.2677979111660763,0.4767709298545681
FAC-REG-001,AGRI_BURN,9.53761986153485,13.543565119652762,4.3926022891152385,2.533808500101341,0.0,4.628855234788887,5.285325912664727,0.0,0.0,2.0,0.0,0.0,0.0,0.3,0.44044382605539395,0.40706618465650574
FAC-REG-015,AGRI_BURN,27.460583715281775,33.15256574463104,1.3405505601098335,15.815600776821702,0.0,5.930139640982149,2.902119110406852,0.0,0.0,2.0,0.0,0.0,0.0,0.3,0.241843259200571,0.839106773845062
FAC-REG-018,AGRI_BURN,26.097997974258853,32.24876154704231,-3.147924883561065,14.422980743587974,0.0,3.666974457534023,4.572019343730922,0.0,0.0,2.0,0.0,0.0,0.0,0.3,0.3810016119775768,0.4188378130378945
FAC-REG-014,AGRI_BURN,29.893507024402666,38.84824605175511,1.154007547092398,8.891773528269008,0.0,2.963928231643525,5.478203767227041,0.0,0.0,2.0,0.0,0.0,0.0,0.8,0.4565169806022534,0.3142647420910722
FAC-REG-013,AGRI_BURN,9.149402841418214,10.501427824271525,1.5886666692202205,13.824447067046655,0.0,1.165260974397199,2.005657375604351,0.0,0.0,2.0,0.0,0.0,0.0,0.8,0.1671381146336959,0.5382138333603355
FAC-REG-009,AGRI_BURN,24.78597574966273,34.50922246335012,-4.618817548115084,11.041697777774477,0.0,4.560146785272257,6.344756973004031,0.0,0.0,2.0,0.0,0.0,0.0,0.3,0.5,0.33656923794977983
FAC-REG-005,MINE_HEAT,17.465244445539888,22.400709350023085,0.5697659667755886,0.3800124895578466,1.0,1.523369445395279,262.23228853044634,1.207789698038571,0.0,4.0,0.0,1.0,0.0,0.8,0.5,0.004706699322235067
FAC-REG-010,MINE_HEAT,15.486636603612384,17.254000700110453,0.18750150481435912,0.12203037252296217,1.0,2.0382089946599526,257.65811867686153,0.2577128533522491,0.0,4.0,0.0,1.0,0.0,0.8,0.5,0.005540902720588794
FAC-REG-010,MINE_HEAT,25.80048637496173,32.02411943214519,-0.955686741167513,0.8023979433638886,1.0,2.098749975949667,253.62067392267394,1.4987969886682302,0.0,4.0,0.0,1.0,0.0,0.8,0.5,0.005712098657959216
FAC-REG-016,MINE_HEAT,27.90010159382052,36.130534661972305,0.7643334489420663,0.9048172932212991,1.0,2.59202575001526,163.51046031431184,0.2218245501579407,0.0,4.0,0.0,1.0,0.0,0.8,0.5,0.009846323823800506
FAC-REG-015,MINE_HEAT,26.11742880149594,28.484758701892314,0.9910328971806495,0.2663936098667321,1.0,1.0597998844169556,330.1359916641584,0.6409163150587209,0.0,4.0,0.0,1.0,0.0,0.8,0.5,0.0031183083662091786
FAC-REG-016,MINE_HEAT,25.461755038578104,33.04677517204379,-0.41192057992000186,1.0943406786981626,1.0,1.4615994331233129,176.95854536012126,1.7263490479626626,0.0,4.0,0.0,1.0,0.0,0.8,0.5,0.006831917971915049
FAC-REG-019,MINE_HEAT,10.122139953582897,10.738214502991497,0.8079600181116817,0.8385892098995277,1.0,3.9436079434740994,313.80481397047726,1.909256181616253,0.0,4.0,0.0,1.0,0.0,0.3,0.5,0.006328302994686319
FAC-REG-014,MINE_HEAT,18.69960607655129,21.20521448073721,-0.6910135275879237,0.6604500754821918,1.0,2.4659743166446537,225.38522490001185,1.3979169357629841,0.0,4.0,0.0,1.0,0.0,0.8,0.5,0.006967369322827634
FAC-REG-007,MINE_HEAT,10.090459060575615,11.674215782194947,-0.6050274366959354,1.3751170754684148,1.0,1.698335938705441,138.6810363759935,1.1303061819220985,0.0,4.0,0.0,1.0,0.0,0.8,0.5,0.00939711888864689
FAC-REG-019,MINE_HEAT,20.436037166249484,22.33585736893591,-0.4767503874163401,0.7948250448810671,1.0,2.67349882043139,294.80473967232274,1.5219283565778445,0.0,4.0,0.0,1.0,0.0,0.8,0.5,0.005546327839939693
FAC-REG-017,MINE_HEAT,24.800944806512653,29.529676102542627,0.9287785133145203,0.404113738811514,1.0,3.856527974408611,165.27228986126636,0.702139149956349,0.0,4.0,0.0,1.0,0.0,0.3,0.5,0.011882236677735438
FAC-REG-007,MINE_HEAT,13.312738626786041,14.963273092313758,0.4340958774142094,0.21797878285307176,1.0,4.247446799330336,275.89350143971853,1.5132919686236166,0.0,4.0,0.0,1.0,0.0,0.3,0.5,0.007470032700672447
FAC-REG-016,MINE_HEAT,27.440611726937366,32.74540807032948,-0.5595122451942789,1.3070934970545347,1.0,3.9709229178163605,179.33573500993288,1.0524250974343634,0.0,4.0,0.0,1.0,0.0,0.3,0.5,0.011111658647035796
FAC-REG-012,MINE_HEAT,20.050920596263992,25.65188912187265,-0.21704053933196854,1.2829305281816459,1.0,1.000963498071466,101.41914197656139,0.25476237137735414,0.0,4.0,0.0,1.0,0.0,0.8,0.5,0.009864820521571293
FAC-REG-017,MINE_HEAT,12.297217352279558,15.230814849175248,-0.056919746823669515,0.30977338786315534,1.0,2.055843416527484,348.4642972514989,0.8608391035584773,0.0,4.0,0.0,1.0,0.0,0.8,0.5,0.004114686282382659
FAC-REG-015,MINE_HEAT,17.810834493364727,19.938485165772384,0.7398118677806418,0.946917138476857,1.0,3.4563629519028067,216.61569091137287,0.3653306070125618,0.0,4.0,0.0,1.0,0.0,0.3,0.5,0.008582617511750126
FAC-REG-002,MINE_HEAT,27.991093414753298,35.2353933611932,0.7869181083342318,1.2525169029450993,1.0,1.4121667737239307,120.10109653854148,0.20561897244153735,0.0,4.0,0.0,1.0,0.0,0.8,0.5,0.009894549417390782
FAC-REG-015,MINE_HEAT,24.16470590613991,29.117854125473734,-0.8345298338755178,1.2535725448198916,1.0,3.7084051054294584,111.05680296633957,0.3435294033730304,0.0,4.0,0.0,1.0,0.0,0.3,0.5,0.017339973045170983
FAC-REG-013,MINE_HEAT,15.208343384000433,16.93259317848286,-0.33822582461241146,0.4777144810493098,1.0,3.045745625206349,187.52705777005,1.1223713924779815,0.0,4.0,0.0,1.0,0.0,0.3,0.5,0.009306424850925909
FAC-REG-019,MINE_HEAT,16.96834916148067,18.882835765152773,-0.6675989263825091,0.5892637673456758,1.0,3.967225900984688,287.8754565053358,1.4004296960315785,0.0,4.0,0.0,1.0,0.0,0.3,0.5,0.006918928229768305
FAC-REG-019,MINE_HEAT,20.58555242538456,24.551820533407582,-0.031467603780549025,0.8699705809374099,1.0,2.9671625304946723,227.2496680454923,1.4879107183180318,0.0,4.0,0.0,1.0,0.0,0.8,0.5,0.007579968669074096
FAC-REG-007,MINE_HEAT,13.196296047369117,14.85814879048617,-0.32641477783578643,0.8949593556412424,1.0,4.326393185764306,343.5998941895245,1.5501663431365502,0.0,4.0,0.0,1.0,0.0,0.3,0.5,0.006053547737167326
FAC-REG-007,MINE_HEAT,13.352408889395946,15.640160213595884,0.6603544859991748,1.4308564846400464,1.0,3.5370106138061495,160.188096506146,1.2859860181602771,0.0,4.0,0.0,1.0,0.0,0.3,0.5,0.011740536438347082
FAC-REG-007,MINE_HEAT,27.157009181881012,32.64417299661357,-0.5600010555267496,0.7709027604069227,1.0,3.701617748541176,150.59043249201184,0.3433548913202417,0.0,4.0,0.0,1.0,0.0,0.3,0.5,0.012776102983989563
FAC-REG-003,MINE_HEAT,15.85239271120476,18.51206893619987,0.637475980909304,0.2744598907905297,1.0,4.430623952967309,332.5103007293482,1.9040742470609988,0.0,4.0,0.0,1.0,0.0,0.3,0.5,0.006330344451433712
FAC-REG-005,MINE_HEAT,14.504433854732863,17.72056853298117,0.4853214373128427,0.3518548462287743,1.0,4.657778728224834,286.1136763326068,1.8800758984555437,0.0,4.0,0.0,1.0,0.0,0.3,0.5,0.007543116388880597
FAC-REG-014,MINE_HEAT,10.577972448677048,12.80957537067713,0.5258977570231222,1.1632811968636299,1.0,4.5442958683821,279.1036964769496,1.8700581109658534,0.0,4.0,0.0,1.0,0.0,0.3,0.5,0.007637789965827433
FAC-REG-002,MINE_HEAT,19.057769501527776,20.07773972098028,-0.9860848253934176,0.4361772686321278,1.0,1.403228788556341,130.4870036356339,0.5186779301511153,0.0,4.0,0.0,1.0,0.0,0.8,0.5,0.00907814226731913
FAC-REG-008,MINE_HEAT,26.8542450544795,32.168695605121044,-0.9758749643551985,0.1480083496347593,1.0,3.8093537364074472,136.46998815995687,1.2428835092263077,0.0,4.0,0.0,1.0,0.0,0.3,0.5,0.014301727460046959
FAC-REG-017,MINE_HEAT,27.56025034040948,33.184405097432936,0.8722962090260464,1.4431317961417265,1.0,1.8324399856820297,146.6483719826554,1.5859861061936673,0.0,4.0,0.0,1.0,0.0,0.8,0.5,0.009230763709075347
FAC-REG-013,MINE_HEAT,11.795157502189884,15.103568344161006,-0.7184590844575733,0.4148555280225702,1.0,3.23253663251286,290.2174810675151,1.314832350685338,0.0,4.0,0.0,1.0,0.0,0.3,0.5,0.00619509769187655
FAC-REG-008,MINE_HEAT,16.620167538650144,17.556909861818546,0.2854920921505588,1.3498395601948974,1.0,4.539496495133836,269.7555981836782,1.0383863518962695,0.0,4.0,0.0,1.0,0.0,0.3,0.5,0.007898295468434319
FAC-REG-004,MINE_HEAT,18.5883358131223,21.59789831954768,0.5503815385878115,0.8374764701772888,1.0,2.2668684881008643,129.83613914773764,0.2679451705413801,0.0,4.0,0.0,1.0,0.0,0.8,0.5,0.011596250010468389
FAC-REG-018,MINE_HEAT,14.139305477218617,15.369898444811577,0.3076599276553553,1.0536929609501684,1.0,4.008619569030664,207.6338761393335,1.8092982893669958,0.0,4.0,0.0,1.0,0.0,0.3,0.5,0.00964271230612228
FAC-REG-019,MINE_HEAT,27.826739732419526,30.554961876747047,-0.8265044643920518,0.571803907872162,1.0,1.5160167000930356,213.83224579127312,1.3394520297339365,0.0,4.0,0.0,1.0,0.0,0.8,0.5,0.005758094598249458
FAC-REG-007,MINE_HEAT,11.023130272822993,14.270804775292481,0.17686711283284962,0.8797329283298453,1.0,3.6231851195988796,205.5564963453745,0.25771433077017486,0.0,4.0,0.0,1.0,0.0,0.3,0.5,0.00926006543065008
FAC-REG-014,MINE_HEAT,10.304376638614608,12.411734182746855,-0.8738106376335686,0.2509980866149203,1.0,3.60100287858476,147.05879938728498,0.8264542748748551,0.0,4.0,0.0,1.0,0.0,0.3,0.5,0.012903891962373619
FAC-REG-012,MINE_HEAT,25.246216637003503,31.733939288204574,-0.2343515840729924,0.9247662303723311,1.0,3.8832652658996625,124.46254755708328,0.5026539546105447,0.0,4.0,0.0,1.0,0.0,0.3,0.5,0.015832877187010493
FAC-REG-002,MINE_HEAT,18.79802898813399,21.655302899674695,-0.5774299248601245,0.7755078279349586,1.0,2.364410855209832,219.6857617070747,1.4153409479209231,0.0,4.0,0.0,1.0,0.0,0.8,0.5,0.006999379834862501
FAC-REG-002,MINE_HEAT,13.01718814913052,14.52353944622969,-0.9285032110682707,1.0861930700684812,1.0,2.9684666283434464,77.87505205023461,0.5090491876312842,0.0,4.0,0.0,1.0,0.0,0.8,0.5,0.02212420813760462
FAC-REG-018,MINE_HEAT,23.44615299274527,29.987206158744932,0.916245590959226,0.11473646483358202,1.0,4.961496837418549,264.516806962649,1.3583434886735406,0.0,4.0,0.0,1.0,0.0,0.3,0.5,0.008420794864719998
FAC-REG-011,MINE_HEAT,11.313429992662378,14.201539666855663,-0.01392975691959042,1.285496238036361,1.0,3.4029590978015736,264.1410711544162,1.9883028087122747,0.0,4.0,0.0,1.0,0.0,0.3,0.5,0.006983810230408212
FAC-REG-009,MINE_HEAT,17.922298537833875,19.37089432833022,-0.02710677661790495,0.9753038821139931,1.0,4.309536774429432,263.1318715869687,0.31735958007107085,0.0,4.0,0.0,1.0,0.0,0.3,0.5,0.007889361215468378
FAC-REG-007,MINE_HEAT,10.573421725508682,12.342627436173922,0.8492456356850571,0.6566286170349052,1.0,3.4996898791538253,295.20252017253654,1.6110655024553977,0.0,4.0,0.0,1.0,0.0,0.3,0.5,0.006337160696240052
FAC-REG-004,MINE_HEAT,18.644572019550786,20.403834925257204,-0.04502389907514459,0.7924368789372508,1.0,2.959727012979443,218.7909097984918,0.6637826413840793,0.0,4.0,0.0,1.0,0.0,0.8,0.5,0.007863149880963434
FAC-REG-016,MINE_HEAT,17.81535865534245,19.29011943182426,-0.08927173087699902,1.2346574638974301,1.0,4.312238170931505,178.46571569262662,1.1338549617518363,0.0,4.0,0.0,1.0,0.0,0.3,0.5,0.011635808680013437
FAC-REG-017,MINE_HEAT,17.5320422148921,19.918862804758508,-0.0036985594977032576,0.740684624363245,1.0,3.0755581266043257,92.35431578095714,1.1236547027238988,0.0,4.0,0.0,1.0,0.0,0.3,0.5,0.018989117183355386
FAC-REG-006,MINE_HEAT,17.639133269473643,22.31513581108876,0.08427501861233333,1.0654900386811694,1.0,2.8772931881738804,187.37086769675528,1.0033160032538324,0.0,4.0,0.0,1.0,0.0,0.8,0.5,0.009052947270524426
FAC-REG-016,MINE_HEAT,18.46901294361428,21.183489328799602,-0.24808018071867255,0.9960683157020788,1.0,2.9791774197674936,317.1749226123579,1.7744635717880817,0.0,4.0,0.0,1.0,0.0,0.8,0.5,0.005441884766727367
FAC-REG-009,MINE_HEAT,13.376997793817644,14.118243669796126,0.040039092579047475,1.051969968111066,1.0,1.3430042036444174,194.1118850155321,1.538531621481344,0.0,4.0,0.0,1.0,0.0,0.8,0.5,0.005970168091665554
FAC-REG-019,MINE_HEAT,14.40711191457137,17.708334630572317,0.19585885363965994,0.39651900401416684,1.0,4.404443303390218,183.48720343114948,1.9315597785214267,0.0,4.0,0.0,1.0,0.0,0.3,0.5,0.011437727104293149
FAC-REG-008,MINE_HEAT,24.193933156148617,26.414911146181485,-0.943085216312155,0.9810969196805137,1.0,4.9039324775698,152.99477923552948,0.41358026575325413,0.0,4.0,0.0,1.0,0.0,0.3,0.5,0.014474235337822284
FAC-REG-002,MINE_HEAT,26.034881564336835,33.692326238827995,0.40042931769066836,0.8032224047264388,1.0,1.6652468008363295,271.60563740823125,0.7248398901678754,0.0,4.0,0.0,1.0,0.0,0.8,0.5,0.004751169497836017
FAC-REG-010,MINE_HEAT,23.051728340157716,29.765726459910844,-0.4792052825098567,0.1258389866602317,1.0,3.1824338577086024,272.0525898937902,1.6227334565893783,0.0,4.0,0.0,1.0,0.0,0.3,0.5,0.006557326802142193
FAC-REG-013,MINE_HEAT,17.483216469820974,20.016669452031337,-0.2344113837092996,0.9247867644184534,1.0,3.5906774244833035,191.2021358643951,1.9436446103834775,0.0,4.0,0.0,1.0,0.0,0.3,0.5,0.009910497498548247
FAC-REG-012,MINE_HEAT,23.915622549108015,27.100424071099347,0.6628332438606224,0.4844012417714302,1.0,3.184395232013163,115.84025487611812,1.055947738927148,0.0,4.0,0.0,1.0,0.0,0.3,0.5,0.015404726001770414
FAC-REG-004,MINE_HEAT,23.0712784290363,27.166040995878898,-0.7404755330074713,1.1500858538020862,1.0,1.3969155843307064,313.9785862811563,1.876559949355195,0.0,4.0,0.0,1.0,0.0,0.8,0.5,0.0037643071408597355
FAC-REG-001,MINE_HEAT,26.670567398732757,33.29159015757506,0.8448712220075398,1.0327781916891867,1.0,1.9425761576856875,331.5638661007783,0.5316771371073388,0.0,4.0,0.0,1.0,0.0,0.8,0.5,0.0042036043433115525
FAC-REG-011,MINE_HEAT,14.879133822526548,16.754820909557623,0.02895928426206118,1.0988403046076616,1.0,4.704832697602734,76.03471518535427,1.9178648520108246,0.0,4.0,0.0,1.0,0.0,0.3,0.5,0.028527267127982755
FAC-REG-005,MINE_HEAT,17.163155011624003,19.35208897020667,-0.09732654969180543,0.6378718588963683,1.0,2.7293355995146613,358.42601139793965,0.35953935454924535,0.0,4.0,0.0,1.0,0.0,0.8,0.5,0.00460923605620832
FAC-REG-017,MINE_HEAT,24.943293399118488,28.438241842975636,-0.13915618382406625,0.6733258723901995,1.0,2.4989240901430394,341.3927949620657,1.6920738041474217,0.0,4.0,0.0,1.0,0.0,0.8,0.5,0.004630439142910159
FAC-REG-013,MINE_HEAT,27.845770448045585,34.203092144088,-0.6719385370812212,1.4377247889841371,1.0,3.6711089057830453,66.8102191656256,1.3836229504123023,0.0,4.0,0.0,1.0,0.0,0.3,0.5,0.02867845413755023
FAC-REG-011,MINE_HEAT,15.698734271427641,19.141430290502225,-0.03192211954430313,1.4695772803985834,1.0,4.496415184264843,161.8254369566789,0.2818757746500943,0.0,4.0,0.0,1.0,0.0,0.3,0.5,0.013103472889810895
FAC-REG-007,MINE_HEAT,23.292711499349902,29.15130690514622,-0.44146944391802045,0.6151791080615012,1.0,1.3105275409991806,274.1674376321804,0.20643958028005643,0.0,4.0,0.0,1.0,0.0,0.8,0.5,0.004175487644599523
FAC-REG-019,MINE_HEAT,14.24236805795277,18.18842461772416,-0.3810368416102661,1.4669785113376785,1.0,2.1250400815218984,350.23915644823376,0.29638037160681485,0.0,4.0,0.0,1.0,0.0,0.8,0.5,0.004162160896794386
FAC-REG-008,MINE_HEAT,19.578000409066068,22.895869832367403,-0.55301137148832,1.0878341056870886,1.0,1.7632379657852284,223.25084932717152,0.6558416534724515,0.0,4.0,0.0,1.0,0.0,0.8,0.5,0.0059478820064698176
FAC-REG-014,MINE_HEAT,17.60461751010538,21.946571680032207,0.9477555340872794,0.1834757341421764,1.0,4.249824709675617,143.31843443779394,1.19133790560393,0.0,4.0,0.0,1.0,0.0,0.3,0.5,0.014384125156745569
FAC-REG-018,MINE_HEAT,22.817141585365075,27.26626732063292,-0.8219936440346407,1.071588951744986,1.0,1.6656571372437594,297.2784613498583,0.6501021653182757,0.0,4.0,0.0,1.0,0.0,0.8,0.5,0.004341395587780263
FAC-REG-006,MINE_HEAT,24.049370365652916,26.976254643616215,-0.19510972311281494,1.135304836868516,1.0,4.874054227532792,192.38436112120954,1.6931403475190745,0.0,4.0,0.0,1.0,0.0,0.3,0.5,0.011475600293276563
FAC-REG-017,MINE_HEAT,17.82293776961056,20.888894153223898,0.8548456729655245,0.8293879441090999,1.0,2.9503937521982437,231.33032555726442,1.4406135254533134,0.0,4.0,0.0,1.0,0.0,0.8,0.5,0.007425187430423756
FAC-REG-014,MINE_HEAT,24.779989499347288,28.71694147611583,-0.8553029802050289,1.2006557368774984,1.0,2.5077998867450884,79.81649594513209,1.340802271177851,0.0,4.0,0.0,1.0,0.0,0.8,0.5,0.019840553399574003
FAC-REG-019,MINE_HEAT,27.237942546561516,34.50846753900529,-0.9957181613090496,0.6323376329787462,1.0,4.274170319622012,164.1022029015163,1.2827873114834711,0.0,4.0,0.0,1.0,0.0,0.3,0.5,0.012598287096215077
FAC-REG-001,MINE_HEAT,19.98876959873818,21.902314493305987,-0.737569034136627,0.9281133449889756,1.0,3.531997775387712,64.80916941645,0.6374034454318145,0.0,4.0,0.0,1.0,0.0,0.3,0.5,0.028998381229108302
FAC-REG-019,MINE_HEAT,23.983485884169067,29.910895086375554,0.41604756799582354,0.4559049606933635,1.0,4.448336343360926,331.221578524276,0.5494748539133884,0.0,4.0,0.0,1.0,0.0,0.3,0.5,0.0063676646885956305
FAC-REG-012,MINE_HEAT,26.07825064977904,33.160949564337976,0.08337364806745673,1.0049624313321195,1.0,3.1814514085345666,64.23241269333431,1.5419055536349908,0.0,4.0,0.0,1.0,0.0,0.3,0.5,0.027768883084758337
FAC-REG-009,MINE_HEAT,17.19931824251088,19.87951692929167,0.2523589058490294,0.5015140208639557,1.0,4.8769965552900345,240.9528979313098,0.9189229857340404,0.0,4.0,0.0,1.0,0.0,0.3,0.5,0.009165244825853677
FAC-REG-017,MINE_HEAT,27.513592847565487,29.942447741559775,-0.4614591513895847,0.9268255208340189,1.0,3.4407143049465674,96.80979912879381,1.6286913664133822,0.0,4.0,0.0,1.0,0.0,0.3,0.5,0.019160418361620392
FAC-REG-013,MINE_HEAT,14.27171867567004,16.01524567518604,0.8759757309189939,1.2559400243712693,1.0,3.7911881322500953,74.06793121886037,0.9528753456246364,0.0,4.0,0.0,1.0,0.0,0.3,0.5,0.026287994395297623
FAC-REG-006,MINE_HEAT,13.373403183707985,15.540652042940556,0.20205175497737993,0.5583273521615589,1.0,4.123779275801949,314.4225173795013,0.7824970449813273,0.0,4.0,0.0,1.0,0.0,0.3,0.5,0.006458535712783834
FAC-REG-011,MINE_HEAT,25.244606791916326,28.88228202992941,-0.40675827633216355,1.345225461692348,1.0,4.997459728770715,260.5021037727903,1.9819651069805253,0.0,4.0,0.0,1.0,0.0,0.3,0.5,0.008581504145432064
FAC-REG-014,MINE_HEAT,23.20228489614085,26.616825959549786,-0.13406490600189302,0.30178992958515316,1.0,4.291000059060493,343.14571279124243,1.3221886406494017,0.0,4.0,0.0,1.0,0.0,0.3,0.5,0.006036715141609198
FAC-REG-006,MINE_HEAT,27.51141888478617,30.72101237902032,0.43218696497992304,0.6519615296940433,1.0,3.7083278878044323,198.88619584070284,1.9887915849822768,0.0,4.0,0.0,1.0,0.0,0.3,0.5,0.009682431265117034
FAC-REG-018,MINE_HEAT,20.80327499765786,23.32078572469227,0.7610966846779139,0.5581504310681438,1.0,2.158950402115557,133.43486692620024,0.46073508908283944,0.0,4.0,0.0,1.0,0.0,0.8,0.5,0.011011640028402625
FAC-REG-006,MINE_HEAT,10.364252187519108,12.24016412993025,0.010115600540817393,0.8353506507626834,1.0,4.896124899888255,336.93091909518404,0.49108300099419444,0.0,4.0,0.0,1.0,0.0,0.3,0.5,0.006567277645648138
FAC-REG-015,MINE_HEAT,13.224147114825191,14.226731892287567,-0.8958241861456981,0.7104582160781303,1.0,3.4925894693438275,314.4554140901507,1.4287607881276365,0.0,4.0,0.0,1.0,0.0,0.3,0.5,0.005943122657646006
FAC-REG-019,MINE_HEAT,18.311866595133022,23.39499513713239,-0.34651787504525755,0.798222511128704,1.0,4.8342613385747875,280.90243776686214,1.5459326941550455,0.0,4.0,0.0,1.0,0.0,0.3,0.5,0.007827256286616084
FAC-REG-007,MINE_HEAT,23.85073697168057,26.502876428213348,-0.9011051266413055,1.288253780791329,1.0,1.0398389648172133,345.0646605731066,1.3297157731688707,0.0,4.0,0.0,1.0,0.0,0.8,0.5,0.0029551706163539896
FAC-REG-018,MINE_HEAT,14.436602372381252,15.190935289521665,-0.5290571659782457,0.29281962212399754,1.0,3.4486648828925826,100.79495158423501,1.1515337075659147,0.0,4.0,0.0,1.0,0.0,0.3,0.5,0.018424118437388916
FAC-REG-013,MINE_HEAT,18.326139549648392,21.997709324484962,0.5794565236159246,0.40130890337293035,1.0,1.2637155574299292,216.58805292702522,0.31182638729617235,0.0,4.0,0.0,1.0,0.0,0.8,0.5,0.005190272608940174
FAC-REG-009,MINE_HEAT,17.771190829171285,20.672329294405216,0.025765205019147475,1.0982440389251453,1.0,2.0940114633188283,86.54318980212803,1.2009032033446307,0.0,4.0,0.0,1.0,0.0,0.8,0.5,0.016720783706946137
FAC-REG-013,MINE_HEAT,17.964843646024672,21.76865994397341,-0.011748517717458773,0.96839034394118,1.0,3.1768000084545114,282.51544990374344,1.470685911880916,0.0,4.0,0.0,1.0,0.0,0.3,0.5,0.006308886794374947
FAC-REG-008,MINE_HEAT,20.784136326761946,26.978466101593792,-0.8207725520093547,0.27718699110946265,1.0,4.306567214853931,322.1276189064202,1.0018256390676812,0.0,4.0,0.0,1.0,0.0,0.3,0.5,0.006442251162285745
FAC-REG-006,MINE_HEAT,23.471134411775374,29.097130960934344,0.9062221705638609,0.17578817176324907,1.0,3.387427443137964,183.6254608887758,0.7951393187471756,0.0,4.0,0.0,1.0,0.0,0.3,0.5,0.010023100891936762
FAC-REG-019,MINE_HEAT,27.27230657732318,32.67306351451979,0.6390358374201424,1.2554221872798004,1.0,1.2656416814909313,102.16268320550934,0.7600172253673654,0.0,4.0,0.0,1.0,0.0,0.8,0.5,0.011011921169968557
FAC-REG-003,MINE_HEAT,21.858150118256432,26.3561908555292,-0.010820443980372518,0.3957692252322751,1.0,2.5279338787612136,220.31928800345872,1.0423736589870956,0.0,4.0,0.0,1.0,0.0,0.8,0.5,0.007216561809756684
FAC-REG-007,MINE_HEAT,11.31493198259189,12.950490360531566,0.42005869535045814,0.1280329483275891,1.0,3.2799312761812645,154.04314880342525,0.21589731816092206,0.0,4.0,0.0,1.0,0.0,0.3,0.5,0.011756823126543211
FAC-REG-006,MINE_HEAT,19.38068029909163,25.18144972366472,0.04963350072948236,0.8615109772063755,1.0,2.5673720517314096,146.28281273785834,0.6527819956393006,0.0,4.0,0.0,1.0,0.0,0.8,0.5,0.010953454339696739
FAC-REG-014,MINE_HEAT,18.277319456207778,20.06845998086529,-0.5502498163886083,0.48016267613581476,1.0,2.7970395677233566,254.94183728011507,1.7410630705153172,0.0,4.0,0.0,1.0,0.0,0.8,0.5,0.006560065772758125
FAC-REG-006,MINE_HEAT,24.82703715046577,28.612157788418372,0.9816027118918758,0.7611933500603214,1.0,3.2153443300088824,215.93864813640513,0.7791266537449,0.0,4.0,0.0,1.0,0.0,0.3,0.5,0.008303924003376977
FAC-REG-017,MINE_HEAT,15.7783874729404,17.454644085174117,0.7556643357802446,0.7746227375229863,1.0,3.252377111489971,236.19897532983555,1.3513108242842409,0.0,4.0,0.0,1.0,0.0,0.3,0.5,0.007635235533126165
FAC-REG-009,MINE_HEAT,25.475118103040185,31.208218658161723,0.09547981893827373,0.9533959474578497,1.0,1.364264728328724,198.23256420884783,0.5486605270142636,0.0,4.0,0.0,1.0,0.0,0.8,0.5,0.005892157222521403
FAC-REG-018,MINE_HEAT,27.0792250924071,30.704733522324346,-0.34955761725073153,1.3927385351870132,1.0,2.6693916812165654,353.22735993688025,0.2435066338403063,0.0,4.0,0.0,1.0,0.0,0.8,0.5,0.004625426838397603
FAC-REG-014,MINE_HEAT,25.63763014965857,30.35850920975315,0.5037524887383817,0.296090383102511,1.0,2.393098461452766,171.4870851406426,1.1203323432428622,0.0,4.0,0.0,1.0,0.0,0.8,0.5,0.009020879161683287
FAC-REG-004,MINE_HEAT,26.402237478058478,33.88156805120023,-0.004849711691728986,0.10909302239895911,1.0,1.4391318146816179,229.6498633934558,0.24279806414339522,0.0,4.0,0.0,1.0,0.0,0.8,0.5,0.005223770586447697
FAC-REG-007,MINE_HEAT,21.764853145634078,27.41369878570493,0.05040440046159422,0.39165772560405554,1.0,3.0987536483739095,223.9611846557354,1.5364236155844018,0.0,4.0,0.0,1.0,0.0,0.3,0.5,0.007859967847604999
FAC-REG-005,MINE_HEAT,15.478620101731916,18.89356370464247,0.69513809620499,1.0710646928960303,1.0,4.728409461828886,275.3725375384629,1.576313721224513,0.0,4.0,0.0,1.0,0.0,0.3,0.5,0.007896541320606293
FAC-REG-011,MINE_HEAT,20.29365440869118,25.845505592551053,-0.04960456108610112,1.4231645102795645,1.0,1.8578329172966463,71.50843653036775,1.8046169716605487,0.0,4.0,0.0,1.0,0.0,0.8,0.5,0.01906101591948042
FAC-REG-019,MINE_HEAT,18.25852517684264,23.661416915153726,-0.2151103029148591,0.6072136056253956,1.0,2.2744174851306176,331.635503049328,1.0941028869767209,0.0,4.0,0.0,1.0,0.0,0.8,0.5,0.004547514318797465
FAC-REG-015,MINE_HEAT,26.822045305779074,31.06071418651173,0.07763873449933811,0.7245600299752628,1.0,3.2592732558407884,197.1501100405677,0.2863416054430566,0.0,4.0,0.0,1.0,0.0,0.3,0.5,0.009157213981551577
FAC-REG-014,MINE_HEAT,17.999088740483856,21.549155425665074,-0.7216243944840259,0.1047429871756948,1.0,1.9811603745745718,271.35377218627207,0.3785501542031815,0.0,4.0,0.0,1.0,0.0,0.8,0.5,0.005187092028849485
FAC-REG-016,MINE_HEAT,14.61532884739642,18.005023768991805,-0.8528990420474416,0.411847654130864,1.0,3.9942588738145073,186.56839477558393,1.4695105232707624,0.0,4.0,0.0,1.0,0.0,0.3,0.5,0.01071223347062305
FAC-REG-012,MINE_HEAT,13.38759967023752,15.011776558192333,-0.04814660527007342,1.4360843322726211,1.0,1.9894054872709712,279.9317515426045,0.9910068019272567,0.0,4.0,0.0,1.0,0.0,0.8,0.5,0.00503859549695127
FAC-REG-002,MINE_HEAT,18.20648686639805,19.440917251646393,0.5973747418607249,0.44062269917615393,1.0,3.9016484927718817,69.66643374907773,1.919177401098235,0.0,4.0,0.0,1.0,0.0,0.3,0.5,0.028353096158381892
FAC-REG-014,MINE_HEAT,24.59990872360287,31.232764948555293,-0.8570972387811553,0.14544419846718698,1.0,3.9782274284183172,90.27258614089547,0.43939745673435054,0.0,4.0,0.0,1.0,0.0,0.3,0.5,0.02209474121870174
FAC-REG-004,MINE_HEAT,17.975366792802077,19.6189849692305,0.9640892455727679,0.2347450875970029,1.0,3.3568468938104816,246.58904211553573,1.1685431771732977,0.0,4.0,0.0,1.0,0.0,0.3,0.5,0.007430054393997066
FAC-REG-017,MINE_HEAT,11.690379366958542,14.201984856829785,-0.36650563348513,1.1496540301758533,1.0,1.5450080562255275,332.62903075134074,0.6366389652162859,0.0,4.0,0.0,1.0,0.0,0.8,0.5,0.0037368462017368324
FAC-REG-014,MINE_HEAT,15.132397153252757,16.628320059347256,-0.977690825376339,0.43925602234484995,1.0,3.7151039340817156,121.25518831665823,1.1162062018687129,0.0,4.0,0.0,1.0,0.0,0.3,0.5,0.015895901157636318
FAC-REG-010,MINE_HEAT,14.821208570060449,18.716436529182936,-0.6689184103538255,1.1238955604883294,1.0,3.097797577889008,358.9473789779711,1.1950946409663192,0.0,4.0,0.0,1.0,0.0,0.3,0.5,0.004903382033874933
FAC-REG-016,MINE_HEAT,25.342576286716785,31.402953476661057,0.2210263281843201,0.6098831117093224,1.0,1.8397273266939376,294.0401409214825,1.0755363781839558,0.0,4.0,0.0,1.0,0.0,0.8,0.5,0.004612858230636028
FAC-REG-019,MINE_HEAT,18.857407357641627,21.657469594392946,0.22263477410616273,0.16226806432442398,1.0,4.008491352994509,73.08398476347472,1.3816487315542967,0.0,4.0,0.0,1.0,0.0,0.3,0.5,0.027394807758660895
FAC-REG-006,MINE_HEAT,25.788788206681495,32.672766031945166,-0.0978478563502807,0.12151275102861264,1.0,2.7057752228572127,240.1633513634525,1.2039765663765112,0.0,4.0,0.0,1.0,0.0,0.8,0.5,0.006849188557726445
FAC-REG-016,MINE_HEAT,12.773363184515503,15.476638250807003,-0.6346967625124555,1.1507335729754486,1.0,2.35635045305072,273.03685238192077,0.2861580780309928,0.0,4.0,0.0,1.0,0.0,0.8,0.5,0.005622101376611184
FAC-REG-009,MINE_HEAT,22.69062140073999,25.11211071904407,0.5905740895944451,0.9830916263469046,1.0,3.3502470885991933,160.0749867827749,1.0684126466860118,0.0,4.0,0.0,1.0,0.0,0.3,0.5,0.011434441175204034
FAC-REG-016,MINE_HEAT,22.569639830930083,26.145217716477347,-0.5954536365159393,0.39950729592146617,1.0,1.0232150753717644,143.40359583209917,1.5480517528613353,0.0,4.0,0.0,1.0,0.0,0.8,0.5,0.007053804579700631
FAC-REG-013,MINE_HEAT,17.965170663926123,21.081390935570504,-0.3757610693215909,0.774458161620574,1.0,2.270182630621352,162.3570351825013,1.40479612166493,0.0,4.0,0.0,1.0,0.0,0.8,0.5,0.009280241675512797
FAC-REG-014,MINE_HEAT,14.180783064355454,18.071574740887186,0.7255770913427813,0.8127166293659321,1.0,2.7330029707830015,167.4633466059625,1.4730822535995904,0.0,4.0,0.0,1.0,0.0,0.8,0.5,0.009871889510310341
FAC-REG-001,MINE_HEAT,13.120716821635147,14.894888799471838,-0.18302522223545337,0.5881839351801698,1.0,4.054588130092879,78.73359146266856,0.8321906353492785,0.0,4.0,0.0,1.0,0.0,0.3,0.5,0.025574862644555642
FAC-REG-006,MINE_HEAT,19.462349006551108,25.044000801186264,0.19040036181087538,1.021037509471144,1.0,1.2556452837965644,100.6202440340147,0.7417140975408587,0.0,4.0,0.0,1.0,0.0,0.8,0.5,0.011136484542647646
FAC-REG-003,MINE_HEAT,20.726682618101208,25.101907590031246,0.515019645637012,0.265170599211836,1.0,4.3328378276410495,271.6814779251057,1.2392151053534666,0.0,4.0,0.0,1.0,0.0,0.3,0.5,0.007661718404005029
FAC-REG-003,MINE_HEAT,12.806222383719042,15.75885247972297,0.44404228672005797,1.033058274475187,1.0,1.5388817803626544,177.33330025985904,0.3921613948899436,0.0,4.0,0.0,1.0,0.0,0.8,0.5,0.006995396450827192
FAC-REG-009,MINE_HEAT,22.554302810081083,26.536439970548837,-0.9487355002311548,1.3946464662101064,1.0,4.407347235275733,214.18976314551585,0.6120962050510015,0.0,4.0,0.0,1.0,0.0,0.3,0.5,0.009801440850899623
FAC-REG-015,MINE_HEAT,16.54106462977828,18.424381787531335,0.013382402012597439,1.4529730145728006,1.0,3.2998139729185656,330.10814471716105,1.371581907492399,0.0,4.0,0.0,1.0,0.0,0.3,0.5,0.005502860315743825
FAC-REG-008,MINE_HEAT,25.382936129200683,29.643259594126526,0.737256341020722,0.5082074774060714,1.0,1.5152522950519525,319.13468520305145,1.2573472948268003,0.0,4.0,0.0,1.0,0.0,0.8,0.5,0.003857167218657216
FAC-REG-018,MINE_HEAT,22.15083920121856,28.680371623141838,0.4239059761311008,0.7905408943068262,1.0,4.429311294134211,81.11793650365178,1.0087324776132582,0.0,4.0,0.0,1.0,0.0,0.3,0.5,0.02594485258528643
FAC-REG-011,MINE_HEAT,11.88348052469726,14.745920089517183,0.021584060997767773,0.8794762078564868,1.0,2.645020751641316,193.92690241806707,0.4088312968214056,0.0,4.0,0.0,1.0,0.0,0.8,0.5,0.008386417543286392
FAC-REG-017,MINE_HEAT,17.784052472893848,22.30461444121221,-0.6074255997138478,0.38707713078637007,1.0,3.583038286122751,316.1830852169748,1.0499561095127157,0.0,4.0,0.0,1.0,0.0,0.3,0.5,0.005986694428393156
FAC-REG-018,MINE_HEAT,21.19900463512494,25.360476985713237,-0.4382334538648005,1.374310381974437,1.0,2.2164400293713475,190.56295515769764,1.1787724206535803,0.0,4.0,0.0,1.0,0.0,0.8,0.5,0.007812490702116545
FAC-REG-006,MINE_HEAT,27.31589037760281,29.237752351088005,-0.12831926225454793,0.878176682756898,1.0,2.6206248283446594,114.75360339006704,1.2673792798085177,0.0,4.0,0.0,1.0,0.0,0.8,0.5,0.01410704637078214
FAC-REG-019,MINE_HEAT,10.998710957222391,12.331041487077012,0.6384611536802045,0.21185116290790518,1.0,4.421943818783831,77.13106118844269,1.7020175868050533,0.0,4.0,0.0,1.0,0.0,0.3,0.5,0.02726322976893404
FAC-REG-016,MINE_HEAT,19.56505227649188,22.024122901029116,-0.010763969779935545,0.2847761972173701,1.0,4.82332331873196,301.714327209141,1.4023515094799326,0.0,4.0,0.0,1.0,0.0,0.3,0.5,0.0072790927597292466
FAC-REG-010,MINE_HEAT,24.21762593283537,29.401650293700285,0.21751665025910594,0.6764948384800844,1.0,2.8952337398405548,179.4031029166874,1.7158988541104896,0.0,4.0,0.0,1.0,0.0,0.8,0.5,0.009484443754244261
FAC-REG-011,MINE_HEAT,13.240324810914522,15.337612232038873,0.613798695839378,0.5114918205601064,1.0,2.0156516986801125,244.52931439371835,1.1641066073737973,0.0,4.0,0.0,1.0,0.0,0.8,0.5,0.005805997095644104
FAC-REG-010,MINE_HEAT,18.913088660439993,22.739313652188528,-0.4501833250355185,1.103516803379119,1.0,3.379664083675486,150.96924279029184,0.24566867847616808,0.0,4.0,0.0,1.0,0.0,0.3,0.5,0.01217722390097826
FAC-REG-013,MINE_HEAT,17.46006283063863,18.79887364726836,0.8464176717443801,1.2270158187144131,1.0,1.9203436336800075,129.1459005532301,0.25763249597501175,0.0,4.0,0.0,1.0,0.0,0.8,0.5,0.010730225525507824
FAC-REG-003,MINE_HEAT,13.760000068867177,17.11450259304243,-0.13383959279573765,0.36885879098260566,1.0,4.617701369268601,110.79902957442471,0.24645290274421594,0.0,4.0,0.0,1.0,0.0,0.3,0.5,0.01939442753106825
FAC-REG-013,MINE_HEAT,21.201676416176756,25.768915369482393,-0.37791658988603216,0.5480153849458888,1.0,2.357975660239771,263.6102593225645,0.3046408238482915,0.0,4.0,0.0,1.0,0.0,0.8,0.5,0.005825153185228857
FAC-REG-003,MINE_HEAT,26.30577559773161,34.0770574578557,-0.29985737545009417,0.4647783523810285,1.0,3.1876651711288853,107.32724505386082,0.2587235985314844,0.0,4.0,0.0,1.0,0.0,0.3,0.5,0.0166351364260673
FAC-REG-019,MINE_HEAT,25.457522665436052,29.298874401929016,0.40479228508085363,0.8798923057574839,1.0,4.411824454694996,147.87274227401343,1.1426103199981734,0.0,4.0,0.0,1.0,0.0,0.3,0.5,0.014204337572667624
FAC-REG-002,MINE_HEAT,16.370304872623457,20.837167913012642,-0.668244150674929,0.30931209532897463,1.0,3.3076381412910054,256.42567090522664,0.5503146577842173,0.0,4.0,0.0,1.0,0.0,0.3,0.5,0.0070924697988932915
FAC-REG-017,MINE_HEAT,27.038149173617388,30.057076298179133,0.33672140423478814,1.1362091511766272,1.0,2.792514797860638,345.1957378027878,1.5259821233938229,0.0,4.0,0.0,1.0,0.0,0.8,0.5,0.004840969170065833
FAC-REG-014,MINE_HEAT,20.24803363196969,24.76645038767462,0.18438036085843645,1.3301766173565062,1.0,2.4275546491216047,143.06377959769014,0.5849100010914758,0.0,4.0,0.0,1.0,0.0,0.8,0.5,0.01089067538344597
FAC-REG-004,MINE_HEAT,12.353077298210943,14.735256983805428,-0.49254160108576506,1.2219211498256428,1.0,1.2809492234779243,266.39898548426083,0.5149028246438536,0.0,4.0,0.0,1.0,0.0,0.8,0.5,0.004248478167325518
FAC-REG-009,MINE_HEAT,25.042466569468456,31.021860457550446,0.5058857753672745,0.8249834370616672,1.0,4.562982367398885,234.42934784271333,1.851532343389227,0.0,4.0,0.0,1.0,0.0,0.3,0.5,0.009111972825372412
FAC-REG-017,MINE_HEAT,20.642372303511053,23.298971428826203,-0.8953024663807951,1.4281186207891907,1.0,3.565961476257151,325.9833014030585,1.4169008090238557,0.0,4.0,0.0,1.0,0.0,0.3,0.5,0.005792859160325533
FAC-REG-011,MINE_HEAT,19.228385301918607,23.438184335634233,0.9205046504028751,0.45513724277037504,1.0,4.499908234496471,340.9326642782834,1.4067479263861218,0.0,4.0,0.0,1.0,0.0,0.3,0.5,0.006222045982608674
FAC-REG-010,MINE_HEAT,10.559109815614603,13.450712186029975,-0.8989595466553306,1.0321891104401792,1.0,1.2867175187013387,271.86951655092577,0.2611483783993116,0.0,4.0,0.0,1.0,0.0,0.8,0.5,0.004172353455878327
FAC-REG-004,MINE_HEAT,12.688921841882102,14.811670764260304,0.6622544334354914,0.12167544279252147,1.0,2.091668641297485,48.77810390269862,0.9482803564697271,0.0,4.0,0.0,1.0,0.0,0.8,0.5,0.029649783617681957
FAC-REG-012,MINE_HEAT,11.54132615311364,12.390103261072237,-0.4653409032746463,0.9826416161393939,1.0,3.1196424342437967,69.86897671800175,1.9431762966064456,0.0,4.0,0.0,1.0,0.0,0.3,0.5,0.025279473629916435
FAC-REG-010,MINE_HEAT,22.521523882940848,28.85185329326105,0.4247880569458433,0.6157243106186275,1.0,3.8521128091563868,60.768177587117954,0.8955480112950462,0.0,4.0,0.0,1.0,0.0,0.3,0.5,0.032297825683558934
FAC-REG-015,MINE_HEAT,13.03093536945498,16.182779288624168,0.49889357586773087,0.8550874867772316,1.0,4.463369154998327,89.8894508798458,1.2718622119982115,0.0,4.0,0.0,1.0,0.0,0.3,0.5,0.02350296622677733
FAC-REG-004,MINE_HEAT,17.60125803104497,19.592669078600235,-0.2554406863801839,0.25141105843313205,1.0,2.006395879059301,134.2129391656522,1.497202161428251,0.0,4.0,0.0,1.0,0.0,0.8,0.5,0.010553923123418482
FAC-REG-015,MINE_HEAT,10.60125411839382,11.372719081405672,-0.9017462122162954,0.5686409445191071,1.0,3.0371559627197047,216.75422976161732,0.6818001675849967,0.0,4.0,0.0,1.0,0.0,0.3,0.5,0.008040183598107292
FAC-REG-004,MINE_HEAT,27.387887363349872,35.35467870579674,-0.11256946175952098,1.2131224449243634,1.0,1.0530741634435001,221.65627235776242,1.5379385101525622,0.0,4.0,0.0,1.0,0.0,0.8,0.5,0.004629663792075798
FAC-REG-013,MINE_HEAT,24.744961001732136,32.14460284392478,-0.3409157329522359,0.6342694618472454,1.0,3.472150098707828,275.7459474911666,0.9056531626464643,0.0,4.0,0.0,1.0,0.0,0.3,0.5,0.006757563058798185
FAC-REG-008,MINE_HEAT,23.84985990881973,25.669854035683294,0.5379009343187919,1.0640782232129973,1.0,3.9666432379052723,280.8264783224773,1.0470652684432107,0.0,4.0,0.0,1.0,0.0,0.3,0.5,0.007092078222032877
FAC-REG-015,MINE_HEAT,18.46980432912201,20.84556404977128,0.40037512166091305,1.2567768098076135,1.0,3.9253803807410863,361.61865192456327,0.6905857662074524,0.0,4.0,0.0,1.0,0.0,0.3,0.5,0.005478858079317736
FAC-REG-006,MINE_HEAT,16.354436848455798,21.135317937626127,-0.3626496925342686,0.6738377832253788,1.0,3.536308244834262,55.64345306646811,1.8159744395345383,0.0,4.0,0.0,1.0,0.0,0.3,0.5,0.03379566399651611
FAC-REG-016,MINE_HEAT,21.549159976859364,23.755181007285497,-0.9392051703769477,0.7070716216623434,1.0,3.278047477377685,325.8838732434797,1.87079023216567,0.0,4.0,0.0,1.0,0.0,0.3,0.5,0.005555776293038808
FAC-REG-016,MINE_HEAT,23.56846270783381,27.33531154104844,0.492164313145786,0.38672213491483365,1.0,2.4842589392141257,249.0502756239159,0.23268433809274192,0.0,4.0,0.0,1.0,0.0,0.8,0.5,0.006328654747962656
FAC-REG-006,MINE_HEAT,21.583980405215545,27.531317565227976,0.016694349814686316,0.6747232965075707,1.0,4.464515009169265,283.34730226323325,1.908156196936822,0.0,4.0,0.0,1.0,0.0,0.3,0.5,0.007457067282167447
FAC-REG-006,MINE_HEAT,20.1375656640669,21.961171107422526,-0.3801401815416672,1.3599765876301158,1.0,3.7526977468890537,360.55385870630965,1.5806225539653849,0.0,4.0,0.0,1.0,0.0,0.3,0.5,0.0053728120122629106
FAC-REG-017,MINE_HEAT,13.680196865549144,14.652490141839548,0.24006321535646946,0.3062938724234341,1.0,1.639851669870617,52.510346922145615,1.6077620263224977,0.0,4.0,0.0,1.0,0.0,0.8,0.5,0.02438694482232008
FAC-REG-009,MINE_HEAT,10.401430688175584,12.506433543895797,-0.2643355513580872,0.6819254021006288,1.0,4.328162956875104,146.219207574274,1.8974878591477162,0.0,4.0,0.0,1.0,0.0,0.3,0.5,0.014228115300722412
FAC-REG-018,MINE_HEAT,21.9290036206272,26.710102413655243,-0.4956096771441636,0.5546508525540828,1.0,4.339193970319762,289.4922658207199,0.7923725845665672,0.0,4.0,0.0,1.0,0.0,0.3,0.5,0.007195609172485482
FAC-REG-014,MINE_HEAT,11.110245332555719,12.245562090585905,-0.028358882279201802,0.22036322939089623,1.0,4.3733294195677495,275.6079686041244,1.8985406071672906,0.0,4.0,0.0,1.0,0.0,0.3,0.5,0.007587772928670944
FAC-REG-010,MINE_HEAT,20.110265008562983,24.097692047009964,-0.25537038445146965,0.492074487863179,1.0,2.0948025179543834,103.3796944004248,0.785728932193257,0.0,4.0,0.0,1.0,0.0,0.8,0.5,0.014000266400078192
FAC-REG-009,MINE_HEAT,21.408677312139005,25.524854111334072,-0.23482235265815987,0.5561620279123523,1.0,1.95045680077857,217.74028394011117,1.854024975822239,0.0,4.0,0.0,1.0,0.0,0.8,0.5,0.006414006312673553
FAC-REG-009,MINE_HEAT,23.399464852640214,29.45043696888451,-0.29673005332430247,0.1880260949602827,1.0,3.490235213286577,107.80911631928635,1.2242785699921992,0.0,4.0,0.0,1.0,0.0,0.3,0.5,0.017328934558986736
FAC-REG-011,MINE_HEAT,24.10548943866106,27.12975884191942,0.024866465138630334,0.9693511347880692,1.0,4.277922886802488,289.36020683826837,1.9783555777592665,0.0,4.0,0.0,1.0,0.0,0.3,0.5,0.0071478868603116206
FAC-REG-005,MINE_HEAT,26.478513776323272,32.9435081922695,-0.5433383268133791,0.13473306205959212,1.0,2.535095721422495,92.87098576314,1.4786977653889366,0.0,4.0,0.0,1.0,0.0,0.8,0.5,0.017144196107366182
FAC-REG-002,MINE_HEAT,14.950980058249007,18.819030033262006,-0.4122198336013665,0.17966207269667017,1.0,1.2099687358121196,183.49302835111135,1.8772863015109154,0.0,4.0,0.0,1.0,0.0,0.8,0.5,0.005994700718595715
FAC-REG-003,MINE_HEAT,11.181303916043326,12.862534694198297,0.529695786439967,1.3812468720612368,1.0,2.653988548253487,182.276707120668,1.4647287913825737,0.0,4.0,0.0,1.0,0.0,0.8,0.5,0.008937547191740891
FAC-REG-019,MINE_HEAT,10.186547002249188,12.31673404941175,-0.21223073011676608,0.5177327189860566,1.0,3.6303753289755085,312.58992140733653,1.2051058093916127,0.0,4.0,0.0,1.0,0.0,0.3,0.5,0.006095380092592034
FAC-REG-019,MINE_HEAT,19.183886813411277,22.68064545393282,0.7524067244499697,0.7474919836174133,1.0,2.117769688943577,121.216332384482,1.7736533780318051,0.0,4.0,0.0,1.0,0.0,0.8,0.5,0.012005443950712569
FAC-REG-019,MINE_HEAT,22.030574078627794,24.38882430763578,-0.3652553338650968,1.4478574863940563,1.0,2.3922814834445605,157.84078129494117,1.2722251444816075,0.0,4.0,0.0,1.0,0.0,0.8,0.5,0.009799116420692271
FAC-REG-011,MINE_HEAT,22.921621320362746,29.208096681200445,0.8034833520812841,0.5599126760730084,1.0,4.809805052585541,55.88565459862993,0.8783040098290982,0.0,4.0,0.0,1.0,0.0,0.3,0.5,0.039243107932829965
FAC-REG-008,MINE_HEAT,14.943463836705693,16.71083272287892,-0.3947554298362226,0.957238738785691,1.0,2.753331102457415,278.37494312400963,1.8108391566163984,0.0,4.0,0.0,1.0,0.0,0.8,0.5,0.005960724904949694
FAC-REG-013,MINE_HEAT,13.680400963556359,17.554286610670225,-0.471014253305043,0.30985201345942137,1.0,1.3598691154438436,226.5926457911745,0.40477243246517325,0.0,4.0,0.0,1.0,0.0,0.8,0.5,0.005146390595584727
FAC-REG-013,MINE_HEAT,17.852961801512198,18.94293307226293,-0.5107746598609497,1.1717676957390422,1.0,1.2765333432699575,94.71451548310685,1.449608268875068,0.0,4.0,0.0,1.0,0.0,0.8,0.5,0.01192887642509466
FAC-REG-006,MINE_HEAT,21.407176091037464,23.667190828787227,-0.8931724735009028,0.9611772155704363,1.0,1.189594311724656,242.23289046553697,0.6060438994899711,0.0,4.0,0.0,1.0,0.0,0.8,0.5,0.004502630698088078
FAC-REG-002,MINE_HEAT,19.968956485620822,24.615267804298377,-0.9153301081950158,0.11567902735798577,1.0,2.8322677562915652,89.792207843714,1.3958197246364858,0.0,4.0,0.0,1.0,0.0,0.8,0.5,0.018742542478485422
FAC-REG-001,MINE_HEAT,16.257982073659598,17.54398974750621,-0.9222083755063477,1.114356943685374,1.0,3.5805484957428826,137.51004341400213,0.7320784249727814,0.0,4.0,0.0,1.0,0.0,0.3,0.5,0.013760694745023507
FAC-REG-017,MINE_HEAT,12.561151934996845,15.414035276819924,-0.8641475915543475,0.251424493129255,1.0,3.0355050056373387,195.36408485892693,1.9128445569917654,0.0,4.0,0.0,1.0,0.0,0.3,0.5,0.008918067380650574
FAC-REG-008,MINE_HEAT,25.08929410601374,30.930168457381548,0.3286696889245557,0.28290836437530764,1.0,3.559722749802099,292.77228908331756,1.749083149748523,0.0,4.0,0.0,1.0,0.0,0.3,0.5,0.006444335151160318
FAC-REG-005,MINE_HEAT,10.343757800857679,12.688876068476665,0.2712427294640096,0.30768700808656146,1.0,4.064487005380521,69.6661949661321,1.6875177927403402,0.0,4.0,0.0,1.0,0.0,0.3,0.5,0.02893881735850698
FAC-REG-001,MINE_HEAT,12.525130230183402,15.927469483720614,0.45954527467231476,0.33053836751022714,1.0,3.2632719714378724,147.11205165060457,0.5208195780408502,0.0,4.0,0.0,1.0,0.0,0.3,0.5,0.01227943495930936
FAC-REG-016,MINE_HEAT,17.173786858576886,18.761875587316045,-0.23386864782844263,1.3202635848603903,1.0,2.4525148419585436,349.65832931243284,1.9033560185750975,0.0,4.0,0.0,1.0,0.0,0.8,0.5,0.004478802830413231
FAC-REG-009,MINE_HEAT,13.191602563407608,16.696196060971843,-0.2144781621505616,0.10612357519621307,1.0,2.095487278821484,237.4483908429925,1.6386787387279425,0.0,4.0,0.0,1.0,0.0,0.8,0.5,0.006096397601865433
FAC-REG-015,MINE_HEAT,24.076616857928542,31.106805068318145,-0.35988928988904356,0.15205302891777078,1.0,2.44346640792055,53.537397298443835,0.5462715660724444,0.0,4.0,0.0,1.0,0.0,0.8,0.5,0.02919751781738285
FAC-REG-003,MINE_HEAT,14.393702304866842,17.736687960696052,-0.16065541568546338,1.4739279460566728,1.0,2.397940729232404,340.1875923083479,1.8793325874207432,0.0,4.0,0.0,1.0,0.0,0.8,0.5,0.004551984270103769
FAC-REG-006,MINE_HEAT,11.172421025991298,12.943860320717976,-0.7295442980896722,0.4817478733522741,1.0,1.7630173189730556,327.9032334463944,1.474420395568321,0.0,4.0,0.0,1.0,0.0,0.8,0.5,0.004049324582993551
FAC-REG-018,MINE_HEAT,13.588302321004353,15.71293935813986,0.5109893140284298,0.9471000792530735,1.0,3.754517159602173,137.49745318202577,1.06658362272369,0.0,4.0,0.0,1.0,0.0,0.3,0.5,0.014092316641764233
FAC-REG-004,MINE_HEAT,20.766539176669593,24.06971635608821,0.961686736447797,0.5987542600583219,1.0,3.4555833688316535,146.7933988932596,1.9830709643791822,0.0,4.0,0.0,1.0,0.0,0.3,0.5,0.012663511853220875
FAC-REG-015,MINE_HEAT,23.194435867545845,25.915201516496744,-0.10277349434065619,1.336386287258441,1.0,4.882210059540405,182.58935628339316,1.7026448023180998,0.0,4.0,0.0,1.0,0.0,0.3,0.5,0.012101320773915378
FAC-REG-004,MINE_HEAT,25.256332536224726,30.493929670854286,-0.02258766321679606,1.345949187192147,1.0,4.381348890025656,142.1315954172823,1.6246790882205635,0.0,4.0,0.0,1.0,0.0,0.3,0.5,0.014726966125901273
FAC-REG-006,MINE_HEAT,11.309722772313288,12.154471558380012,-0.16816693413456796,0.5275340747558491,1.0,4.702177303448893,167.09874030554576,1.5641446197297801,0.0,4.0,0.0,1.0,0.0,0.3,0.5,0.012977060355778943
FAC-REG-003,MINE_HEAT,22.673542035562036,25.281656806095434,0.8838099456766582,0.8421238956801934,1.0,4.325296285140999,163.71948483192796,0.3803804282909442,0.0,4.0,0.0,1.0,0.0,0.3,0.5,0.012703036960687294
FAC-REG-004,MINE_HEAT,22.31611679598446,25.49576228102297,-0.10204045187232058,0.561957039522571,1.0,4.232672988755104,89.403610931454,1.9333171164355938,0.0,4.0,0.0,1.0,0.0,0.3,0.5,0.023011890480299342
FAC-REG-001,MINE_HEAT,19.14011536512018,22.469729982870142,0.8608469863575556,1.345952216245354,1.0,4.143201860751898,141.91307380142058,1.181015148303093,0.0,4.0,0.0,1.0,0.0,0.3,0.5,0.014343186309029827
FAC-REG-002,MINE_HEAT,27.275949671793732,32.95663404075169,0.10838739323079638,1.0874988708975888,1.0,2.6698982243126648,288.3092999503933,0.9078152563511797,0.0,4.0,0.0,1.0,0.0,0.8,0.5,0.005667463106346591
FAC-REG-018,MINE_HEAT,13.137016213024491,15.836285384229619,-0.9500581991317376,0.65930906536479,1.0,4.943841208461399,79.91987154990558,0.9626476735993561,0.0,4.0,0.0,1.0,0.0,0.3,0.5,0.02782130384785355
FAC-REG-014,MINE_HEAT,18.45655413189222,21.96771283813829,-0.7147998923406191,0.8794060760264314,1.0,2.2770268209915874,172.40724750331702,0.7027726323139063,0.0,4.0,0.0,1.0,0.0,0.8,0.5,0.008752428159416318
FAC-REG-017,MINE_HEAT,22.300053063043848,24.878275433990602,0.29006266910390033,1.2880013734148645,1.0,2.6065208333310745,311.09653040250976,0.4779468998119863,0.0,4.0,0.0,1.0,0.0,0.8,0.5,0.0051896184953304
FAC-REG-009,MINE_HEAT,17.795369846562267,21.812521831943126,-0.6346739022859726,0.9538162289797527,1.0,3.904424273477674,147.68909356968385,1.69201480155658,0.0,4.0,0.0,1.0,0.0,0.3,0.5,0.013379197877980508
FAC-REG-015,MINE_HEAT,17.520608492227005,19.548844564411034,-0.8579978409892195,0.8590861442070409,1.0,4.556742799363505,262.16515821119765,0.6494246983649201,0.0,4.0,0.0,1.0,0.0,0.3,0.5,0.008142397207757432
FAC-REG-013,MINE_HEAT,26.97821710024544,33.202867765955304,0.3789477988135279,1.4554214327185229,1.0,4.195493244736099,91.30966316230442,0.8257431565571625,0.0,4.0,0.0,1.0,0.0,0.3,0.5,0.02243234999930269
FAC-REG-019,MINE_HEAT,17.174793928932203,19.195982641367298,0.9986702456622307,0.5316970988852343,1.0,4.5379861391754535,262.36609400783135,0.8136495365457628,0.0,4.0,0.0,1.0,0.0,0.3,0.5,0.008119398792918852
FAC-REG-014,MINE_HEAT,27.080845750027073,31.7417355736852,0.005567421543943407,0.969680202445855,1.0,1.0141464948128984,343.16858265532517,0.8506119525941751,0.0,4.0,0.0,1.0,0.0,0.8,0.5,0.002934558867804628
FAC-REG-014,MINE_HEAT,21.29860744481332,24.36373655565547,-0.7178804010154058,1.0930533938863543,1.0,4.418260675764962,265.41587409127294,0.23218127126267252,0.0,4.0,0.0,1.0,0.0,0.3,0.5,0.007919518433368923
FAC-REG-016,MINE_HEAT,24.472410211344357,30.05543580699112,-0.2641941494274487,0.5713433679551694,1.0,2.0097698521118703,230.75550558489817,1.9349171328689472,0.0,4.0,0.0,1.0,0.0,0.8,0.5,0.0061435739747873275
FAC-REG-017,MINE_HEAT,27.485233274955633,29.43449280937011,0.8024480459555785,0.276543774382373,1.0,2.571835226546729,317.9060667369632,1.8312576261281628,0.0,4.0,0.0,1.0,0.0,0.8,0.5,0.005044553757444869
FAC-REG-018,MINE_HEAT,19.842168246909107,24.522883186957927,-0.3218517030364474,0.7328400028505595,1.0,1.407873475851694,71.15959079239173,1.032059437119381,0.0,4.0,0.0,1.0,0.0,0.8,0.5,0.01667432920036248
FAC-REG-018,MINE_HEAT,21.030410298450356,22.308019109128175,-0.7564672448008691,1.3112671355489534,1.0,3.265246486076418,273.721287180119,1.7155498136731322,0.0,4.0,0.0,1.0,0.0,0.3,0.5,0.006601603123412992
FAC-REG-014,MINE_HEAT,23.699086911414568,27.992091064719844,-0.5545024594525922,0.5727186363213153,1.0,2.9614017642226433,148.45272003860984,0.803949844429817,0.0,4.0,0.0,1.0,0.0,0.8,0.5,0.011592056947115553
FAC-REG-009,MINE_HEAT,14.566542939924595,18.46225038536372,-0.13595040073251674,1.2317105662475434,1.0,2.053614447823378,49.245594890843044,1.0918265472253,0.0,4.0,0.0,1.0,0.0,0.8,0.5,0.029099938249419477
FAC-REG-015,MINE_HEAT,25.98415922804748,32.53465164207036,0.04105422561832728,1.1138937631387038,1.0,2.4653140987950337,59.658560296389496,1.8277991255585717,0.0,4.0,0.0,1.0,0.0,0.8,0.5,0.02631863499987597
FAC-REG-018,MINE_HEAT,20.29388658878998,22.858846444752583,-0.008950753376310683,0.8022817324923318,1.0,1.0931483177703276,160.68077304727194,1.5317584391772514,0.0,4.0,0.0,1.0,0.0,0.8,0.5,0.006506922481398937
FAC-REG-018,MINE_HEAT,21.9478012501906,25.317889173599404,-0.9108867367646936,1.1982181588990206,1.0,3.7148529448614154,197.87901512373372,1.8195673076628633,0.0,4.0,0.0,1.0,0.0,0.3,0.5,0.009740271737467786
FAC-REG-008,MINE_HEAT,18.631740251912113,23.344236492427633,0.5178244977740594,0.4721191907001415,1.0,1.6043641904215433,270.12335065139575,0.6637811182529506,0.0,4.0,0.0,1.0,0.0,0.8,0.5,0.0046890984581543374
FAC-REG-016,MINE_HEAT,12.326458491806068,13.923706191839438,-0.8904255061501725,1.0846274296087293,1.0,4.565050595661593,249.57222516392923,1.8879554279206705,0.0,4.0,0.0,1.0,0.0,0.3,0.5,0.008561040399391456
FAC-REG-003,MINE_HEAT,11.57921069072858,14.585210640259051,0.7110223507730153,1.2634553379499793,1.0,4.195859610134983,162.82639136855528,0.5914317504644979,0.0,4.0,0.0,1.0,0.0,0.3,0.5,0.01258014585477208
FAC-REG-007,MINE_HEAT,15.784659203335666,16.72182581935668,0.8356050804191673,0.29549926229341705,1.0,3.2071171349027816,134.87518375516663,0.3173470439324439,0.0,4.0,0.0,1.0,0.0,0.3,0.5,0.013277776733615408
FAC-REG-007,MINE_HEAT,20.31388559404467,23.65743455674683,-0.4459088074331552,0.7496983996037312,1.0,2.8001140480747493,233.0500778442332,0.7068337145399544,0.0,4.0,0.0,1.0,0.0,0.8,0.5,0.007180234165036537
FAC-REG-016,MINE_HEAT,22.88217664220638,29.08715008241924,-0.36070394482475043,0.6335530564115959,1.0,3.454848727416912,245.68942529323274,1.0670597084222138,0.0,4.0,0.0,1.0,0.0,0.3,0.5,0.007565333083204013
FAC-REG-017,MINE_HEAT,12.20878799074326,15.329510140882684,0.009284875318112729,1.339733374254476,1.0,4.546346404241374,55.66443987007196,0.88915738787037,0.0,4.0,0.0,1.0,0.0,0.3,0.5,0.03830481933707962
FAC-REG-010,MINE_HEAT,17.253510402221096,18.18751678498974,0.6295840032717921,0.6028707633448541,1.0,3.321672663120588,71.44633036489304,0.5149942917510512,0.0,4.0,0.0,1.0,0.0,0.3,0.5,0.025509296912761156
FAC-REG-004,MINE_HEAT,17.727781004878693,18.85511798148756,-0.6629588157124813,0.7382941940471838,1.0,4.255303600394817,168.68048480971802,1.1692939713411075,0.0,4.0,0.0,1.0,0.0,0.3,0.5,0.012229267221537908
FAC-REG-009,MINE_HEAT,13.88394993596841,14.72946486067454,-0.3891789380569701,1.0741232407560921,1.0,4.804448803905066,72.41914399496412,0.25127085898868873,0.0,4.0,0.0,1.0,0.0,0.3,0.5,0.030266931779364032
FAC-REG-013,MINE_HEAT,12.600562538702896,13.964485897655361,0.8109789549826514,0.15165060447507542,1.0,1.879202847847695,146.13348465951935,1.3103913295395107,0.0,4.0,0.0,1.0,0.0,0.8,0.5,0.009380739814514781
FAC-REG-002,MINE_HEAT,16.557130023306986,17.717438992382235,0.7739741390466397,0.37769905554906624,1.0,3.9943373880141313,137.46646496944123,1.6632286953550384,0.0,4.0,0.0,1.0,0.0,0.3,0.5,0.014538701101206886
FAC-REG-006,MINE_HEAT,11.058328297803467,13.627361545768808,-0.34230942358202077,1.0148845048815465,1.0,2.118377482092928,228.9257661294624,1.5898745086534365,0.0,4.0,0.0,1.0,0.0,0.8,0.5,0.0063578020110173425
FAC-REG-009,MINE_HEAT,10.808838144149073,11.803496034015422,-0.765056119454282,0.35157033251182424,1.0,4.88075089722509,222.8747138665747,1.0426023028188682,0.0,4.0,0.0,1.0,0.0,0.3,0.5,0.009912484535252272
FAC-REG-007,MINE_HEAT,11.919146910497624,13.544861555747804,-0.7032292435650447,0.9904564971846401,1.0,4.797981726956647,363.96460518331895,0.8754340384944468,0.0,4.0,0.0,1.0,0.0,0.3,0.5,0.006018248875579513
FAC-REG-002,MINE_HEAT,13.542611490285527,14.273551576939163,0.07380254104084383,0.8854739753334306,1.0,2.5357568921490357,133.1866078203387,1.3737077767903245,0.0,4.0,0.0,1.0,0.0,0.8,0.5,0.011956202154109467
FAC-REG-002,MINE_HEAT,22.517328674607505,25.06596754391447,-0.377188709910244,0.2695138175380478,1.0,4.458636455559567,204.42183653262813,1.2298643800155205,0.0,4.0,0.0,1.0,0.0,0.3,0.5,0.010329367893514243
FAC-REG-018,MINE_HEAT,27.530837307787507,30.23837580737924,0.6442784182002059,0.886590914263418,1.0,2.0578886301479873,89.2006284081636,1.0940190924399096,0.0,4.0,0.0,1.0,0.0,0.8,0.5,0.016082109688411977
FAC-REG-018,MINE_HEAT,18.08832370113183,22.196992031698546,0.24686358688672194,1.002154627194612,1.0,3.8562173226218293,140.7582345932385,0.7801999612408526,0.0,4.0,0.0,1.0,0.0,0.3,0.5,0.013951051418812917
FAC-REG-019,MINE_HEAT,20.649845179426066,23.28529588038049,0.9888620050855268,0.1536304535755259,1.0,1.6490902902362987,330.9359289226107,0.30901311814274035,0.0,4.0,0.0,1.0,0.0,0.8,0.5,0.0038804160949844286
FAC-REG-007,MINE_HEAT,12.057243145063417,14.267752134763967,0.7159904454547172,1.1314503092785184,1.0,1.8624362523287616,174.5778641601741,1.1142095771562996,0.0,4.0,0.0,1.0,0.0,0.8,0.5,0.007817205562808275
FAC-REG-018,MINE_HEAT,15.987657436014628,17.125287960751816,0.8885140792913027,0.8242014748750972,1.0,1.297590497487794,306.8544694348916,1.763311647233704,0.0,4.0,0.0,1.0,0.0,0.8,0.5,0.0037122428113328595
FAC-REG-008,POWER_HEAT,45.110090975931385,53.086010747338285,-0.4860281242924378,0.06826477022886639,1.0,1.0255846410218938,79.26832765860307,-0.3841354987238377,0.0,3.0,0.0,0.0,1.0,0.8,0.5,0.012775739806035238
FAC-REG-015,POWER_HEAT,63.75783445970792,68.8743157260349,-0.9634640367806466,0.3541373204969029,1.0,1.488183333117902,85.93303545523071,-0.09581733845085533,0.0,3.0,0.0,0.0,1.0,0.8,0.5,0.014196067814935136
FAC-REG-012,POWER_HEAT,37.674299555740305,41.85805786616871,0.9505881028600927,0.2965419404569013,1.0,2.78047932063301,103.05680291075868,0.9909869026631143,0.0,3.0,0.0,0.0,1.0,0.8,0.5,0.01618017331672834
FAC-REG-016,POWER_HEAT,45.04497291889243,53.07712488269619,0.6364240027409263,0.051978236694414655,1.0,3.4799925225371275,131.98915732397734,0.4934730727539547,0.0,3.0,0.0,0.0,1.0,0.3,0.5,0.014133538271384838
FAC-REG-012,POWER_HEAT,56.566820352348785,60.163630837675385,0.34632146556052823,0.3990215777477377,1.0,2.9504798236700793,167.30483179740534,0.12785703994022302,0.0,3.0,0.0,0.0,1.0,0.8,0.5,0.010266864750224659
FAC-REG-014,POWER_HEAT,64.76097763594164,80.88403938627572,-0.7704274426787752,0.30408907276492153,1.0,1.129363699172753,81.90298103059787,-0.19986560093456784,0.0,3.0,0.0,0.0,1.0,0.8,0.5,0.012975293878481571
FAC-REG-007,POWER_HEAT,56.475591672863615,64.20218974666123,0.11694558323226989,0.33575884946019535,1.0,1.5549876125474391,184.4609465649921,1.0692864733754344,0.0,3.0,0.0,0.0,1.0,0.8,0.5,0.006760192049479589
FAC-REG-016,POWER_HEAT,40.834360929092774,50.40700764968555,0.3134454129134612,0.20272291800626413,1.0,2.9747800042571133,340.275997343306,0.15191505065699284,0.0,3.0,0.0,0.0,1.0,0.8,0.5,0.0050686944414919935
FAC-REG-008,POWER_HEAT,62.75843038050112,67.96412969691275,-0.9156991660741316,0.20891936291334223,1.0,3.003024750609072,325.1071388699246,1.347108194934382,0.0,3.0,0.0,0.0,1.0,0.3,0.5,0.005330315919542955
FAC-REG-007,POWER_HEAT,55.88960970567363,68.4170008788081,0.26806078521006715,0.3452782897849742,1.0,1.6528171184036395,104.04665324115258,0.7702708134646704,0.0,3.0,0.0,0.0,1.0,0.8,0.5,0.012356181693659313
FAC-REG-017,POWER_HEAT,61.03570371810665,72.2743703940334,0.9640801751819641,0.07206177837491655,1.0,3.2575027128787406,339.01439826283126,0.19705888894905932,0.0,3.0,0.0,0.0,1.0,0.3,0.5,0.005323830862573246
FAC-REG-008,POWER_HEAT,40.077821185999525,49.20999138558991,0.7614971541483788,0.31518016581104036,1.0,2.40867618453213,111.36090187433928,0.6107462955433466,0.0,3.0,0.0,0.0,1.0,0.8,0.5,0.013936588270061232
FAC-REG-011,POWER_HEAT,57.727596160437315,69.36697130247572,0.8212250147452105,0.055190556851097756,1.0,3.0227580420576152,379.8155534248914,1.099670853305485,0.0,3.0,0.0,0.0,1.0,0.3,0.5,0.004577506266814358
FAC-REG-004,POWER_HEAT,57.496621390652535,68.72691626779852,0.4029812310587264,0.3007291692899153,1.0,2.1360243782036594,227.5245372419451,0.4889392009854864,0.0,3.0,0.0,0.0,1.0,0.8,0.5,0.006423546358141889
FAC-REG-012,POWER_HEAT,58.89630353776579,72.87562329012977,0.6062483323580772,0.1993358932155317,1.0,2.58728558828016,352.86617916288634,0.5321584077923049,0.0,3.0,0.0,0.0,1.0,0.8,0.5,0.004558397038776824
FAC-REG-012,POWER_HEAT,30.212915882023577,34.57145772514412,-0.7622577888036075,0.34738218217256683,1.0,3.3961258911311454,386.4715141184884,0.4397318069988616,0.0,3.0,0.0,0.0,1.0,0.3,0.5,0.004768418911746732
FAC-REG-010,POWER_HEAT,43.928504705351926,52.05241386725313,-0.8887226813425946,0.09337871799255382,1.0,2.2480287588331667,182.52445041376018,0.16204538922758338,0.0,3.0,0.0,0.0,1.0,0.8,0.5,0.008214476319369494
FAC-REG-003,POWER_HEAT,46.82172567658254,54.41351020724817,0.6357532757761799,0.2921583661643124,1.0,2.6576576228229802,244.77252262402024,-0.21768406560147918,0.0,3.0,0.0,0.0,1.0,0.8,0.5,0.00666019357727522
FAC-REG-010,POWER_HEAT,54.560586426452474,65.54179690843988,0.5599244047775587,0.21725705697857017,1.0,2.07470689531212,75.61721164019932,1.3604585187694922,0.0,3.0,0.0,0.0,1.0,0.8,0.5,0.019048365525920145
FAC-REG-011,POWER_HEAT,37.11038780164888,45.7912750954217,0.8298638035405927,0.3962144575281336,1.0,3.185141407847447,399.27327920498124,0.06490375743421789,0.0,3.0,0.0,0.0,1.0,0.3,0.5,0.00446986197155306
FAC-REG-002,POWER_HEAT,55.703427447423266,66.13389352236193,-0.3637785151833661,0.11188058326242253,1.0,1.256000874490003,313.8394098106958,0.455837891309273,0.0,3.0,0.0,0.0,1.0,0.8,0.5,0.003570980613665659
FAC-REG-014,POWER_HEAT,30.73586825268608,35.13645349867999,-0.5225706321298729,0.29144444920258755,1.0,2.4139108139198857,97.41534156376119,-0.0910062370001376,0.0,3.0,0.0,0.0,1.0,0.8,0.5,0.0159489924528607
FAC-REG-016,POWER_HEAT,57.008272839544574,65.76368502538887,0.40877215703475267,0.3616395761781932,1.0,3.289726586841758,163.09072967090782,-0.04300909448222329,0.0,3.0,0.0,0.0,1.0,0.3,0.5,0.01112117376652169
FAC-REG-007,POWER_HEAT,36.06862482944654,38.581781954497714,-0.3453736223406243,0.09764775412267897,1.0,1.3909340313332674,296.31394329037664,-0.36250901823003,0.0,3.0,0.0,0.0,1.0,0.8,0.5,0.003980165935343483
FAC-REG-014,POWER_HEAT,54.302456114834484,66.05595973784712,0.6926975597328464,0.2874622421770063,1.0,3.385039510297968,239.6095624426245,1.3362481168388034,0.0,3.0,0.0,0.0,1.0,0.3,0.5,0.007678523628004802
FAC-REG-005,POWER_HEAT,59.650510995108775,66.32848786156171,-0.6075686976594095,0.24184202274363648,1.0,2.1325368759504713,359.9047362392164,-0.20993982497240798,0.0,3.0,0.0,0.0,1.0,0.8,0.5,0.0040575204092640135
FAC-REG-017,POWER_HEAT,45.53344593430283,50.051266449479584,0.3583949107045592,0.3556353810094624,1.0,1.9321758267021512,348.0246174027585,0.41905588831863183,0.0,3.0,0.0,0.0,1.0,0.8,0.5,0.003994048713846855
FAC-REG-002,POWER_HEAT,45.6639782413196,56.32214905301185,-0.0642601727321368,0.1462640906292567,1.0,1.3545720717191871,73.22839106530142,0.6110992214711876,0.0,3.0,0.0,0.0,1.0,0.8,0.5,0.01589357393082629
FAC-REG-008,POWER_HEAT,44.05306889646107,50.036337185126,0.9356004934860154,0.3033729349175729,1.0,2.0294693480193917,78.26456378808248,-0.3352181740787865,0.0,3.0,0.0,0.0,1.0,0.8,0.5,0.018202292090011712
FAC-REG-011,POWER_HEAT,35.44566135347527,44.023601129955,-0.9244315563755074,0.3921713177926653,1.0,1.011611207712472,358.5633190536367,0.18391784387672405,0.0,3.0,0.0,0.0,1.0,0.8,0.5,0.0028050522600234547
FAC-REG-007,POWER_HEAT,53.79949285448747,64.23647859526244,-0.8300603251355014,0.08727907296113052,1.0,1.3183719409397132,368.6356014408056,0.5991143089012452,0.0,3.0,0.0,0.0,1.0,0.8,0.5,0.0031147392830584136
FAC-REG-019,POWER_HEAT,34.03519409592601,42.0514537074533,0.6422841829944204,0.12866745067137464,1.0,3.1854555832348836,158.40922508215345,-0.009854229255792657,0.0,3.0,0.0,0.0,1.0,0.3,0.5,0.011266922511351089
FAC-REG-011,POWER_HEAT,61.84842721454133,76.26643343013517,-0.3420084506240624,0.29690196478309294,1.0,2.6893631379104583,336.55254333877224,0.16336805027004897,0.0,3.0,0.0,0.0,1.0,0.8,0.5,0.004872724383804753
FAC-REG-006,POWER_HEAT,32.11564230448446,38.53309001585101,0.13034651244787487,0.20676197069556213,1.0,1.7731721969804741,236.7867171326797,0.24349124846835868,0.0,3.0,0.0,0.0,1.0,0.8,0.5,0.005623647882952701
FAC-REG-001,POWER_HEAT,63.5330515655598,69.46403814460878,-0.90235591614926,0.15236591162824514,1.0,2.965705768225563,318.8009781149614,-0.0032032087966951672,0.0,3.0,0.0,0.0,1.0,0.8,0.5,0.00540187320148739
FAC-REG-007,POWER_HEAT,51.82277334846778,58.12148698240288,0.6888112245841316,0.20865490852628998,1.0,2.816103395268542,103.33587610468578,0.3524462579744577,0.0,3.0,0.0,0.0,1.0,0.8,0.5,0.01623951939440234
FAC-REG-016,POWER_HEAT,53.75735929828964,58.93790393964907,-0.7836276102399224,0.2743208711254264,1.0,2.30795766879554,366.9196546099654,0.9805552402444223,0.0,3.0,0.0,0.0,1.0,0.8,0.5,0.004140406135401299
FAC-REG-014,POWER_HEAT,47.8455919707241,57.99670929223776,-0.12584383448504988,0.09335819785344668,1.0,2.4111046041345334,384.354854149163,1.1066879376457712,0.0,3.0,0.0,0.0,1.0,0.8,0.5,0.004039946890597007
FAC-REG-002,POWER_HEAT,34.388343003676816,37.41173510348993,-0.9364217008897247,0.28598100741198623,1.0,2.0034927907817357,256.1800683975916,0.8102194742395191,0.0,3.0,0.0,0.0,1.0,0.8,0.5,0.005525207017742765
FAC-REG-006,POWER_HEAT,46.2323209076323,52.381942005419546,-0.7018086426571322,0.3852367633346407,1.0,2.010781078049397,359.1079391052338,-0.040223167406736426,0.0,3.0,0.0,0.0,1.0,0.8,0.5,0.003948729536979639
FAC-REG-018,POWER_HEAT,45.443605675091206,53.815340306796394,-0.9352492454511838,0.25518353521046305,1.0,2.3844414064981203,185.69806168392725,-0.01712316169419409,0.0,3.0,0.0,0.0,1.0,0.8,0.5,0.008315453835280326
FAC-REG-003,POWER_HEAT,40.11200105313341,47.15116793317477,0.13237196863475043,0.26425243756468664,1.0,2.373128178444736,161.55344498168188,0.06456424495440788,0.0,3.0,0.0,0.0,1.0,0.8,0.5,0.009535519852923374
FAC-REG-010,POWER_HEAT,59.71748062162222,70.06627348216671,-0.6269779749918805,0.11202328293743384,1.0,3.182589003815342,315.6157233143687,0.8528582518202056,0.0,3.0,0.0,0.0,1.0,0.3,0.5,0.005652383867981974
FAC-REG-018,POWER_HEAT,39.169144749748114,48.80045173035901,0.5944791500456004,0.15562272809769678,1.0,3.118911990696237,320.9296791456155,0.1644530447681969,0.0,3.0,0.0,0.0,1.0,0.3,0.5,0.005502900726182888
FAC-REG-010,POWER_HEAT,36.508370588685935,39.14465787694732,0.4455240656793935,0.14362915007385332,1.0,3.050148414365634,398.55965737673176,-0.25442235353366754,0.0,3.0,0.0,0.0,1.0,0.3,0.5,0.004381947288756474
FAC-REG-008,POWER_HEAT,58.072189575878106,70.13902026067231,0.519994316661937,0.17214822735566884,1.0,2.1346331392126308,267.14962120800226,1.4504871087891886,0.0,3.0,0.0,0.0,1.0,0.8,0.5,0.0054689891396564865
FAC-REG-018,POWER_HEAT,62.31003607009002,68.78226573110551,0.9781489309474092,0.2845922903896571,1.0,2.1587787008963772,273.1920604048624,0.11780922117639292,0.0,3.0,0.0,0.0,1.0,0.8,0.5,0.0053781881155381475
FAC-REG-010,POWER_HEAT,38.12646742146022,46.73351850050862,0.6714844904493054,0.1304162361994342,1.0,1.089013066291272,335.88669140374463,0.7694662550035819,0.0,3.0,0.0,0.0,1.0,0.8,0.5,0.003106874773652349
FAC-REG-009,POWER_HEAT,51.04786694465233,63.41018581923226,0.3403709348224151,0.11131120229646335,1.0,2.1844584057695555,284.70721199548296,-0.3462970680050424,0.0,3.0,0.0,0.0,1.0,0.8,0.5,0.005191267657800227
FAC-REG-017,POWER_HEAT,57.25583549238074,68.55495887806208,0.38041333004160394,0.19816775486323362,1.0,3.308206039257862,95.91677991205776,1.1261922361900085,0.0,3.0,0.0,0.0,1.0,0.3,0.5,0.018962765948899587
FAC-REG-008,POWER_HEAT,40.30624345944061,42.431671349886734,-0.8447041692934185,0.18709317142879384,1.0,1.3849358779142098,195.59683081653444,0.7935469485696746,0.0,3.0,0.0,0.0,1.0,0.8,0.5,0.006016626044001412
FAC-REG-003,POWER_HEAT,38.628245354377896,46.76408448607424,0.22409924289630645,0.18191325590982482,1.0,1.003419960908842,218.4845708423496,0.12576799533036853,0.0,3.0,0.0,0.0,1.0,0.8,0.5,0.004584802107858355
FAC-REG-018,POWER_HEAT,42.77679471396319,52.439365199478495,-0.9215128479189072,0.39579392554709136,1.0,2.6609385271289057,295.4131652957441,-0.32780410912098995,0.0,3.0,0.0,0.0,1.0,0.8,0.5,0.005521887760059645
FAC-REG-001,POWER_HEAT,33.70226174129235,37.26069489848001,0.7806289124273025,0.24249594555308357,1.0,2.0335414379347716,95.839747115786,0.9568309020643805,0.0,3.0,0.0,0.0,1.0,0.8,0.5,0.01487924360516116
FAC-REG-001,POWER_HEAT,58.72738572105163,62.35677731802286,0.8122235028933151,0.1161237733936936,1.0,1.6413010683145197,89.49226237181277,1.4342602222507121,0.0,3.0,0.0,0.0,1.0,0.8,0.5,0.014315569800736807
FAC-REG-004,POWER_HEAT,45.738794780980506,55.39594476334909,-0.6767678785394051,0.15249246786109116,1.0,2.6987700568413886,175.48045972616944,1.1057531955367854,0.0,3.0,0.0,0.0,1.0,0.8,0.5,0.009361688319386469
FAC-REG-005,POWER_HEAT,56.6940159659113,60.30374340681395,-0.9748147746650104,0.36437823159125676,1.0,2.4533480423307465,187.39922224447417,0.041929810231315756,0.0,3.0,0.0,0.0,1.0,0.8,0.5,0.008358181497517055
FAC-REG-007,POWER_HEAT,47.81507642378584,59.68849492869959,0.9664319733074915,0.2722585981495634,1.0,2.1071762652647266,233.09423787616916,0.8967102258500376,0.0,3.0,0.0,0.0,1.0,0.8,0.5,0.0062275739755485535
FAC-REG-001,POWER_HEAT,49.24679354945066,54.96890559161661,-0.6620556999242193,0.21335036284136577,1.0,1.250716181197264,182.24358446453493,0.3205026218477053,0.0,3.0,0.0,0.0,1.0,0.8,0.5,0.0061365903888505186
FAC-REG-016,POWER_HEAT,41.74168136963044,44.51627589460661,0.10059104636625915,0.1449440052691119,1.0,2.537335444792869,392.5175784354332,-0.18850278919265473,0.0,3.0,0.0,0.0,1.0,0.8,0.5,0.004058166227189675
FAC-REG-011,POWER_HEAT,63.90148353710753,76.96051565638206,0.7964583863256602,0.16680019696652754,1.0,3.480096184446486,105.72916366904363,-0.29935147851240845,0.0,3.0,0.0,0.0,1.0,0.3,0.5,0.01764415347516375
FAC-REG-014,POWER_HEAT,53.590804803775775,57.70011115584786,0.7598108666155847,0.22874965043076095,1.0,1.2057338525449401,274.2855089656241,-0.3826911066238169,0.0,3.0,0.0,0.0,1.0,0.8,0.5,0.004003343574162985
FAC-REG-003,POWER_HEAT,57.24935589314897,68.99851987673289,0.07014749955842925,0.329121142199556,1.0,2.489518830974924,175.17112001390132,0.6661092066599613,0.0,3.0,0.0,0.0,1.0,0.8,0.5,0.009007311890650465
FAC-REG-012,POWER_HEAT,64.65832594305614,76.07347388338916,-0.5158226674289901,0.20287225905744022,1.0,2.8511328059589744,218.44475372005064,-0.2698356220510505,0.0,3.0,0.0,0.0,1.0,0.8,0.5,0.007729779487467804
FAC-REG-010,POWER_HEAT,42.71361624967621,50.06584908786277,-0.7614996646370669,0.37341207235058915,1.0,1.1941810331820966,377.04220410527853,0.9435612840778042,0.0,3.0,0.0,0.0,1.0,0.8,0.5,0.0028983118936053713
FAC-REG-011,POWER_HEAT,32.73111547288494,40.15927522246514,0.6311045080642566,0.2662770594289528,1.0,3.362413022465345,284.0292295813771,0.010372023886056292,0.0,3.0,0.0,0.0,1.0,0.3,0.5,0.00645598471816513
FAC-REG-003,POWER_HEAT,37.48730046749012,42.49452557413557,-0.4163536248520654,0.3177890286539474,1.0,2.910031564164302,167.92211120714586,-0.2453583983973325,0.0,3.0,0.0,0.0,1.0,0.8,0.5,0.010158766169954633
FAC-REG-003,POWER_HEAT,61.07656434149122,69.06775947275241,0.2494657037912289,0.36123334813438895,1.0,1.5245664577264033,394.0557532036547,0.933711714543619,0.0,3.0,0.0,0.0,1.0,0.8,0.5,0.0031333976090218486
FAC-REG-018,POWER_HEAT,45.08221975228492,55.94130580431873,-0.5885503449406673,0.15908913989608647,1.0,1.7694818888698118,166.79407779290403,0.49022228590980943,0.0,3.0,0.0,0.0,1.0,0.8,0.5,0.007975215636124931
FAC-REG-012,POWER_HEAT,39.58967101654065,45.56863550920939,0.9173813078235107,0.11033865015445843,1.0,2.799159813991779,273.5497706905782,0.8913827491672061,0.0,3.0,0.0,0.0,1.0,0.8,0.5,0.006116141045996549
FAC-REG-014,POWER_HEAT,40.985778071931776,48.64364011820927,-0.5689134297909093,0.1968791607006518,1.0,1.470436615132295,74.72398788845216,1.4431089840723317,0.0,3.0,0.0,0.0,1.0,0.8,0.5,0.016227929520921915
FAC-REG-008,POWER_HEAT,63.92723650469389,68.91769729700238,0.1747335589149721,0.12034091147693386,1.0,2.9751853174081866,329.0545803135999,-0.18604641682530762,0.0,3.0,0.0,0.0,1.0,0.8,0.5,0.0052419040920762905
FAC-REG-018,POWER_HEAT,52.912120907098334,56.07688340601945,-0.7927922608608959,0.0950053845259457,1.0,1.2285359419242279,130.4608908323377,0.9081268034919626,0.0,3.0,0.0,0.0,1.0,0.8,0.5,0.008495982195774182
FAC-REG-001,POWER_HEAT,36.592140565130755,42.08458350394206,0.5864593565466443,0.10255377546435634,1.0,2.6493288306518927,178.13345412495988,0.2482839375450916,0.0,3.0,0.0,0.0,1.0,0.8,0.5,0.009137395928937085
FAC-REG-001,POWER_HEAT,60.26498870063558,64.08660438811809,0.30061431461451216,0.09203174730004293,1.0,1.0141575013144917,88.98496961332611,1.3406834732494088,0.0,3.0,0.0,0.0,1.0,0.8,0.5,0.011317123290342967
FAC-REG-011,POWER_HEAT,59.92239797788749,65.94675171964222,-0.34561678834217413,0.237992261900359,1.0,1.5289320162232558,338.05925380070187,1.0699096255109453,0.0,3.0,0.0,0.0,1.0,0.8,0.5,0.0036576425332741176
FAC-REG-009,POWER_HEAT,46.704717138663234,56.35650550466061,-0.13660510871813414,0.138201984923984,1.0,1.8161818245465515,97.52609640099043,0.5450241743776251,0.0,3.0,0.0,0.0,1.0,0.8,0.5,0.013818433764029832
FAC-REG-002,POWER_HEAT,59.07041637900579,66.2232467610347,-0.43689227454360857,0.3443111418490198,1.0,1.1253600576795255,202.08768618166508,0.3030067270925596,0.0,3.0,0.0,0.0,1.0,0.8,0.5,0.005249354431548306
FAC-REG-017,POWER_HEAT,35.78635518931897,44.27055532059889,0.7370087811935417,0.352544546873425,1.0,2.733186068521796,276.972533997034,-0.37202460546347016,0.0,3.0,0.0,0.0,1.0,0.8,0.5,0.005968949366143691
FAC-REG-002,POWER_HEAT,50.0956699863354,57.617587683120405,-0.02087818754478854,0.20963688983102446,1.0,1.5140736888307031,319.8728545775048,0.45753846220464844,0.0,3.0,0.0,0.0,1.0,0.8,0.5,0.0038467691120837467
FAC-REG-016,POWER_HEAT,39.12829495174717,46.42763016601758,0.8814341592782169,0.28221041305563244,1.0,3.1781822690434867,343.413754800298,0.2842236594291072,0.0,3.0,0.0,0.0,1.0,0.3,0.5,0.005191247251419793
FAC-REG-015,POWER_HEAT,55.79806916765233,58.62944287003697,-0.47880422725644767,0.23837013699343712,1.0,2.3321841979037674,281.1414706623746,0.17732180364962258,0.0,3.0,0.0,0.0,1.0,0.8,0.5,0.005431959357926325
FAC-REG-018,POWER_HEAT,64.95444686444503,69.13375265135569,-0.91287863885516,0.12604009017285261,1.0,3.427681146569549,393.1901192089549,0.8443626960670582,0.0,3.0,0.0,0.0,1.0,0.3,0.5,0.004708663035696136
FAC-REG-015,POWER_HEAT,39.4533513299276,44.52231082487735,-0.19850310470484422,0.11249350074972074,1.0,1.003286583576566,351.8337936698344,0.9585037409056077,0.0,3.0,0.0,0.0,1.0,0.8,0.5,0.002846917953363282
FAC-REG-018,POWER_HEAT,42.83335122561216,53.352331248284784,-0.13115972376334106,0.1026569927706257,1.0,2.164916870465342,294.72419025856027,1.1812289829583196,0.0,3.0,0.0,0.0,1.0,0.8,0.5,0.004992347750038481
FAC-REG-005,POWER_HEAT,49.47466958892523,57.07012453752457,0.7175505704569298,0.2781300361833735,1.0,1.4718961948352598,92.66950347112163,0.4062911984945591,0.0,3.0,0.0,0.0,1.0,0.8,0.5,0.013091872141469138
FAC-REG-015,POWER_HEAT,41.14040850416675,46.22553964758178,-0.24882225198015218,0.3927725085133625,1.0,1.7597521924311708,158.99461848418775,-0.1541762309716717,0.0,3.0,0.0,0.0,1.0,0.8,0.5,0.008343405138550211
FAC-REG-004,POWER_HEAT,61.963596682091065,67.93649643869041,-0.757722852302197,0.0521306358414565,1.0,2.2696550940399844,399.4446731652921,0.920434010755414,0.0,3.0,0.0,0.0,1.0,0.8,0.5,0.003771579778452514
FAC-REG-018,POWER_HEAT,46.13671385265924,55.7430433693841,-0.0641687361089116,0.2486375252597121,1.0,2.978010633970178,255.60078568080735,0.2807688856872065,0.0,3.0,0.0,0.0,1.0,0.8,0.5,0.006751510348336627
FAC-REG-001,POWER_HEAT,46.400293153129866,52.66310708425002,-0.4222254012515465,0.11027641277246145,1.0,2.905576974105423,396.7560090650528,1.0778040027974116,0.0,3.0,0.0,0.0,1.0,0.8,0.5,0.004296281006805804
FAC-REG-007,POWER_HEAT,38.56831364942467,42.175730487673476,-0.7266098510219274,0.24296569239230542,1.0,2.51350092988336,303.40487269750906,0.892405404773969,0.0,3.0,0.0,0.0,1.0,0.8,0.5,0.005225369112735474
FAC-REG-018,POWER_HEAT,53.72161730269349,62.27459380434481,-0.19812252800728114,0.20078608677549403,1.0,1.1435879854873594,221.21052751665243,1.1113643301819556,0.0,3.0,0.0,0.0,1.0,0.8,0.5,0.004834248827872624
FAC-REG-007,POWER_HEAT,59.85889862049628,65.48264573942367,-0.8704556009495965,0.30858960307291283,1.0,1.5288215646585344,201.04684053529016,-0.27814302074897185,0.0,3.0,0.0,0.0,1.0,0.8,0.5,0.006150085414822086
FAC-REG-005,POWER_HEAT,41.319957436277534,47.65208397537011,0.3994127114998376,0.08288732839363398,1.0,2.5526852211760844,372.65342048877716,0.16834756169936427,0.0,3.0,0.0,0.0,1.0,0.8,0.5,0.004287395227210665
FAC-REG-014,POWER_HEAT,56.79244751418548,69.17407748978098,0.613429536089455,0.055788807251456816,1.0,1.4670197454762461,286.8089390946486,0.3139427608275295,0.0,3.0,0.0,0.0,1.0,0.8,0.5,0.004223040987864844
FAC-REG-015,POWER_HEAT,46.38761586307892,51.031141208563334,-0.8398156782395092,0.1911306847816207,1.0,1.935201868220508,160.70239135415764,0.1642902931648912,0.0,3.0,0.0,0.0,1.0,0.8,0.5,0.008656469395030425
FAC-REG-007,POWER_HEAT,64.60931714730327,77.95705632753324,-0.8571975978261861,0.35534461177034565,1.0,2.5832583159966784,364.1147533199862,0.24924840554743355,0.0,3.0,0.0,0.0,1.0,0.8,0.5,0.004414135310919306
FAC-REG-014,POWER_HEAT,52.68588171428402,59.57740686992283,-0.9676609200909605,0.2570840872077264,1.0,1.0316445712104054,72.39478536215788,0.7705872680837739,0.0,3.0,0.0,0.0,1.0,0.8,0.5,0.01403000299473726
FAC-REG-009,POWER_HEAT,36.716064240133335,43.34897960761351,-0.8926056241212514,0.15969194651609475,1.0,1.3735797553550477,262.2978492932631,0.857353793982052,0.0,3.0,0.0,0.0,1.0,0.8,0.5,0.004468195954717452
FAC-REG-013,POWER_HEAT,38.93309259214979,41.57470099061598,-0.8426326861162043,0.19915304195775335,1.0,3.3646110226567876,143.41512323302408,0.08780904254894367,0.0,3.0,0.0,0.0,1.0,0.3,0.5,0.01279005703832266
FAC-REG-005,POWER_HEAT,57.97515020664751,64.42640504434985,-0.05995958085460651,0.056871294985678666,1.0,2.8338958823387665,209.00631395058267,0.5981816600998471,0.0,3.0,0.0,0.0,1.0,0.8,0.5,0.008054387855093556
FAC-REG-015,POWER_HEAT,40.586373944469614,47.77007821297824,0.1624726897089308,0.32478227137374666,1.0,1.7345923890549013,319.9441691590938,0.3267532883028952,0.0,3.0,0.0,0.0,1.0,0.8,0.5,0.004116465865297447
FAC-REG-001,POWER_HEAT,61.57679414339365,69.40606588047135,0.5582083746772932,0.3036762554184024,1.0,1.1488154921795561,262.7347255566957,-0.1526402365184755,0.0,3.0,0.0,0.0,1.0,0.8,0.5,0.004079506830701985
FAC-REG-017,POWER_HEAT,47.312257914545626,52.619860829925315,0.007465490616468395,0.10662067473464615,1.0,1.923302360529189,104.36734093471179,0.686508539594007,0.0,3.0,0.0,0.0,1.0,0.8,0.5,0.01328798605377881
FAC-REG-019,POWER_HEAT,58.067213728959395,71.59776603697722,0.51318786802826,0.33784780850569707,1.0,1.5412264181652935,158.45192790130113,-0.003797673431543358,0.0,3.0,0.0,0.0,1.0,0.8,0.5,0.007834940354857987
FAC-REG-003,POWER_HEAT,63.1770977627074,75.39349150879754,0.762933529759112,0.2735446832091104,1.0,1.9691497513969978,211.64980969714009,-0.2568892788819308,0.0,3.0,0.0,0.0,1.0,0.8,0.5,0.006630121546329861
FAC-REG-007,POWER_HEAT,54.341646146617705,61.82371799597364,0.104430136109259,0.24518143666784575,1.0,1.6934395333332535,228.09274355207293,0.4944444211686342,0.0,3.0,0.0,0.0,1.0,0.8,0.5,0.005705232901123732
FAC-REG-004,POWER_HEAT,34.42947200479834,38.80628831747387,0.06066551213926852,0.25959190512770447,1.0,3.339502440136552,326.9653699700421,-0.11121413325511315,0.0,3.0,0.0,0.0,1.0,0.3,0.5,0.00558906454535215
FAC-REG-003,POWER_HEAT,31.224387090782198,34.41593660861801,-0.4425853087585827,0.3682761143537388,1.0,2.6231068320949267,98.79889874953103,-0.1427806675789079,0.0,3.0,0.0,0.0,1.0,0.8,0.5,0.016392903619604555
FAC-REG-007,POWER_HEAT,60.5930349384603,72.36045729055063,0.28576802998250583,0.24779293484406767,1.0,2.807426311107437,209.64646039609144,-0.21650449665923824,0.0,3.0,0.0,0.0,1.0,0.8,0.5,0.007992205617799768
FAC-REG-009,POWER_HEAT,46.76583060632109,54.709395860217406,-0.8423019388587492,0.1504162421192358,1.0,1.8050805149387177,256.5969355483064,0.12911666648129927,0.0,3.0,0.0,0.0,1.0,0.8,0.5,0.005235966071094454
FAC-REG-011,POWER_HEAT,55.157616218700895,60.29092074915597,0.4438191479846081,0.3337330207192294,1.0,2.029743695905278,316.8255083728664,0.3676569056240737,0.0,3.0,0.0,0.0,1.0,0.8,0.5,0.004496767776845837
FAC-REG-002,POWER_HEAT,39.54879341080708,42.7789254554984,-0.8959243246108792,0.1343358817984482,1.0,2.7101772160384816,99.96469768089028,0.0649335057843512,0.0,3.0,0.0,0.0,1.0,0.8,0.5,0.01646842961731527
FAC-REG-008,POWER_HEAT,50.40335322775821,53.62434463921005,-0.9046337115004734,0.07139300636401841,1.0,3.3546876253681317,350.75782856802596,1.2053860798356717,0.0,3.0,0.0,0.0,1.0,0.3,0.5,0.005221781202314171
FAC-REG-013,POWER_HEAT,47.683938658781855,52.427009216996105,-0.19730399152296374,0.3016024255093338,1.0,3.190082178803163,214.70982395744397,0.6172238152259163,0.0,3.0,0.0,0.0,1.0,0.3,0.5,0.00831857659108902
FAC-REG-006,POWER_HEAT,59.25734255597347,71.20890806059896,-0.35748965317217496,0.08605671805477214,1.0,1.1795188636136729,102.92252075085102,0.7074517862648811,0.0,3.0,0.0,0.0,1.0,0.8,0.5,0.010552176118939102
FAC-REG-005,POWER_HEAT,60.215623019579354,71.17261820211088,0.44241024992388733,0.102730908372684,1.0,3.207914194939044,126.78917366736603,0.023291431998924306,0.0,3.0,0.0,0.0,1.0,0.3,0.5,0.014126325212885236
FAC-REG-003,POWER_HEAT,56.17218233952353,63.44596233332525,-0.5791590325169635,0.23244478241215422,1.0,3.303493970000491,281.79428823771633,-0.07144725450820377,0.0,3.0,0.0,0.0,1.0,0.3,0.5,0.006449923641103431
FAC-REG-014,POWER_HEAT,37.49000173026402,44.7367430599882,-0.544778842716455,0.39555989377373135,1.0,2.3997153903168433,300.1696766381489,-0.17503699013114468,0.0,3.0,0.0,0.0,1.0,0.8,0.5,0.005160752730685368
FAC-REG-015,POWER_HEAT,35.2777485541323,42.93971648959667,0.8718111706396321,0.0979377933332532,1.0,2.2206028235835764,156.91550736632547,1.0335942841085726,0.0,3.0,0.0,0.0,1.0,0.8,0.5,0.009496631328568763
FAC-REG-010,POWER_HEAT,37.07062430628373,44.79588285776769,0.48555328221578975,0.2167141398716022,1.0,1.1249567876938795,272.0451472675302,0.37277579755078694,0.0,3.0,0.0,0.0,1.0,0.8,0.5,0.00389876390650964
FAC-REG-015,POWER_HEAT,35.86649896513203,42.40776329243074,0.10086077589424103,0.09272989757793146,1.0,1.281744651095813,95.7178685254756,1.0131579600097336,0.0,3.0,0.0,0.0,1.0,0.8,0.5,0.011827902552828042
FAC-REG-015,POWER_HEAT,32.91821470145199,40.07654290609172,0.22602792210394362,0.11035719675057397,1.0,1.051853357015502,82.35857198402596,0.5639943969231764,0.0,3.0,0.0,0.0,1.0,0.8,0.5,0.01245285097590637
FAC-REG-003,POWER_HEAT,34.22941579668857,37.455771446799986,-0.34548010966093545,0.12632687372140355,1.0,1.9783414067178966,255.55372189094498,0.9013798216584875,0.0,3.0,0.0,0.0,1.0,0.8,0.5,0.005503873074538422
FAC-REG-009,POWER_HEAT,39.05240828230626,44.660809479392974,-0.5338998029507689,0.2560252844006216,1.0,3.3079400711408247,317.37331195062546,0.8662105668829346,0.0,3.0,0.0,0.0,1.0,0.3,0.5,0.005730709746610892
FAC-REG-006,POWER_HEAT,49.717227683053736,59.78828168520839,-0.2658500985099308,0.24083371115466656,1.0,2.2909157963713422,103.08485244218241,0.21101770202569292,0.0,3.0,0.0,0.0,1.0,0.8,0.5,0.014682827947814133
FAC-REG-004,POWER_HEAT,43.01635998394116,45.410520914635164,-0.7258641149191039,0.11062127076596923,1.0,1.1360253193754448,287.3834817722932,1.1903148120259228,0.0,3.0,0.0,0.0,1.0,0.8,0.5,0.003708789658539332
FAC-REG-014,POWER_HEAT,60.61017668513702,66.22688023524547,-0.34921915287752103,0.10275794756090895,1.0,2.5513979885474964,209.71722580546066,0.7652383589996073,0.0,3.0,0.0,0.0,1.0,0.8,0.5,0.007616492175826062
FAC-REG-019,POWER_HEAT,51.967062421562574,64.28585783622397,-0.40187138078231377,0.17570737852188362,1.0,2.794258404273342,272.50820959416683,-0.060787481374541874,0.0,3.0,0.0,0.0,1.0,0.8,0.5,0.006134140124736101
FAC-REG-006,POWER_HEAT,42.00218805204578,45.72890296384438,-0.6031892720121921,0.3064169375117908,1.0,2.5352878861561186,139.67915217492515,-0.12437575018319524,0.0,3.0,0.0,0.0,1.0,0.8,0.5,0.011399401502633697
FAC-REG-015,POWER_HEAT,51.97295266960632,54.572833568353865,-0.9633613147929125,0.18634359746913337,1.0,2.728374660690406,299.97291549114846,0.41722471985461207,0.0,3.0,0.0,0.0,1.0,0.8,0.5,0.005506427932676036
FAC-REG-018,POWER_HEAT,42.57308992176031,47.19418118073819,-0.6512865846982567,0.32705086812550976,1.0,3.3885354118652415,207.6754795892906,1.4095993200315666,0.0,3.0,0.0,0.0,1.0,0.3,0.5,0.008863817226199446
FAC-REG-001,POWER_HEAT,39.642780697619834,44.65132746219151,-0.25033886082493995,0.1354715656157821,1.0,2.0767633292460133,227.2574489442588,1.0140211783376842,0.0,3.0,0.0,0.0,1.0,0.8,0.5,0.0063412573111395485
FAC-REG-006,POWER_HEAT,33.80753131095963,38.695519150103706,0.5007062448166855,0.2640219670338202,1.0,1.2514641414915597,202.08680911511894,0.5637550466120415,0.0,3.0,0.0,0.0,1.0,0.8,0.5,0.005535683333325958
FAC-REG-003,POWER_HEAT,33.540287027145,40.5317645546938,0.9228626247666742,0.19943816974842676,1.0,2.281709883624857,120.16619945608377,0.6469595700922982,0.0,3.0,0.0,0.0,1.0,0.8,0.5,0.012570364934757449
FAC-REG-017,POWER_HEAT,40.200367915574475,49.081003065498344,0.9980189233377357,0.16136044202444927,1.0,1.3721420098748507,332.16002895804564,0.7408658058227758,0.0,3.0,0.0,0.0,1.0,0.8,0.5,0.0035265671749672425
FAC-REG-012,POWER_HEAT,36.07379218736092,40.570787123968536,-0.16495438778493932,0.15520689297332146,1.0,2.6415548736828227,373.3834728129224,0.3611312108000174,0.0,3.0,0.0,0.0,1.0,0.8,0.5,0.004352860284766397
FAC-REG-019,POWER_HEAT,46.044905591572046,53.163063774942685,-0.5203766588622374,0.3621537943128784,1.0,3.4279360128498957,329.9053783082258,0.6312696541036277,0.0,3.0,0.0,0.0,1.0,0.3,0.5,0.005612120115269773
FAC-REG-001,POWER_HEAT,35.38475193785469,40.54024561113204,0.07521141345282611,0.22217074691333188,1.0,3.006045717946758,291.8921482533674,-0.15934891475530283,0.0,3.0,0.0,0.0,1.0,0.3,0.5,0.005939848632438909
FAC-REG-011,POWER_HEAT,41.69753526797659,45.516098426794365,0.6006497188129785,0.2685813053775215,1.0,2.170163651065578,143.3348680670568,0.2350681108985495,0.0,3.0,0.0,0.0,1.0,0.8,0.5,0.010277663431624173
FAC-REG-019,POWER_HEAT,34.889584990216576,42.58700773930059,-0.20007985323505206,0.3054689598273273,1.0,2.3281700124020897,343.78281183680105,0.4084608923954083,0.0,3.0,0.0,0.0,1.0,0.8,0.5,0.004438366752490229
FAC-REG-009,POWER_HEAT,49.488829880886485,53.658665198961046,0.9310352647058453,0.23443707303892208,1.0,2.383896984593151,369.5831538032602,0.7867119657872322,0.0,3.0,0.0,0.0,1.0,0.8,0.5,0.004177645408175913
FAC-REG-002,POWER_HEAT,37.184013540769456,44.659064097955245,0.6075039486081633,0.24354145510610392,1.0,2.221402901462104,109.37172406597918,-0.24049184315041075,0.0,3.0,0.0,0.0,1.0,0.8,0.5,0.013627262108703115
FAC-REG-010,POWER_HEAT,32.80726977348041,39.375804809275515,-0.7183326216992327,0.08496021129916236,1.0,2.4041805177488937,206.96698557508398,0.9586925436486874,0.0,3.0,0.0,0.0,1.0,0.8,0.5,0.007491735956949755
FAC-REG-016,POWER_HEAT,43.126424438407355,46.205009443222174,-0.012402208568507822,0.35589930406457915,1.0,3.2182275044433237,75.5968204665147,1.2839619150276596,0.0,3.0,0.0,0.0,1.0,0.3,0.5,0.02373038811498665
FAC-REG-014,POWER_HEAT,31.364032738894807,38.25025873491508,0.7277335119764166,0.25868087794482253,1.0,2.436084393240896,338.7034494198256,1.0939881501495314,0.0,3.0,0.0,0.0,1.0,0.8,0.5,0.0046081493395984325
FAC-REG-016,POWER_HEAT,63.867648245648304,79.78534173774428,-0.7669107800027348,0.34734031584394276,1.0,2.2495556443714726,199.12175896234493,0.7648373887771583,0.0,3.0,0.0,0.0,1.0,0.8,0.5,0.007532335401009749
FAC-REG-006,POWER_HEAT,62.96861706470057,74.69659289801731,0.29120822568925475,0.2990627046617602,1.0,3.2952783469014033,153.51249662465557,0.7651582910187428,0.0,3.0,0.0,0.0,1.0,0.3,0.5,0.011825031804774785
FAC-REG-014,POWER_HEAT,45.41878268431824,52.40830428197991,0.2639826882629377,0.3302424803208559,1.0,2.1302555144107855,340.133746709566,0.6140692565689531,0.0,3.0,0.0,0.0,1.0,0.8,0.5,0.004291075205626549
FAC-REG-018,POWER_HEAT,32.585464626761365,36.07801572054626,-0.2665827042155122,0.2676010148213449,1.0,1.162309057449603,245.90348587615526,1.3127826946749437,0.0,3.0,0.0,0.0,1.0,0.8,0.5,0.004384258229106875
FAC-REG-015,POWER_HEAT,57.89768822969647,68.68606147367527,-0.5868217756548155,0.08866933702310653,1.0,3.073726682512272,300.1254550130933,0.6926169617510997,0.0,3.0,0.0,0.0,1.0,0.3,0.5,0.005841572782299316
FAC-REG-008,POWER_HEAT,32.98790727642979,37.56915147282495,0.6988445389097799,0.26554536304743254,1.0,1.7308237896065837,210.00934815067913,0.9427193226507776,0.0,3.0,0.0,0.0,1.0,0.8,0.5,0.006264520012707848
FAC-REG-017,POWER_HEAT,61.25985514328018,68.51832474800639,0.996395758575715,0.0512266322358704,1.0,1.0690743895210377,342.2196889761516,-0.021020895017201224,0.0,3.0,0.0,0.0,1.0,0.8,0.5,0.003021335618821814
FAC-REG-014,POWER_HEAT,34.77279788479345,40.61032262594172,0.13552245096215998,0.3898518142738747,1.0,3.208466217622556,382.14149675572446,-0.18415549799943876,0.0,3.0,0.0,0.0,1.0,0.3,0.5,0.00468731926226229
FAC-REG-014,POWER_HEAT,34.51817316049071,40.61361432608086,0.44015632135600447,0.10629872435225005,1.0,2.5816484398238493,89.20704167513405,0.15720556291137733,0.0,3.0,0.0,0.0,1.0,0.8,0.5,0.01801148054250425
FAC-REG-002,POWER_HEAT,36.01059070156542,38.28120243328829,-0.11264360068908119,0.34771637298454505,1.0,1.191680954920725,188.61559979557398,1.3095721856627196,0.0,3.0,0.0,0.0,1.0,0.8,0.5,0.005787651738139532
FAC-REG-015,POWER_HEAT,40.873397706918134,49.28040663997629,0.08642197427760867,0.3413165992217541,1.0,1.278988482621996,373.94176821254905,1.3763324095788967,0.0,3.0,0.0,0.0,1.0,0.8,0.5,0.0030243311283589124
FAC-REG-019,POWER_HEAT,54.25182030488283,66.37839188445078,-0.2670867073200407,0.06512479484249942,1.0,3.4357940930110353,77.63274093725721,1.400538140854069,0.0,3.0,0.0,0.0,1.0,0.3,0.5,0.023876388923050856
FAC-REG-010,POWER_HEAT,36.787382851192085,40.36780126862045,0.7536660578927441,0.33683116166270527,1.0,2.5440484538848884,398.2613241929507,0.9968494927475148,0.0,3.0,0.0,0.0,1.0,0.8,0.5,0.0040049265530119945
FAC-REG-003,POWER_HEAT,55.879626978305296,60.69701364871482,0.9180141735288689,0.2735587397012333,1.0,3.117617297176387,249.14155461320834,0.3871260104207769,0.0,3.0,0.0,0.0,1.0,0.3,0.5,0.007087045664722809
FAC-REG-005,POWER_HEAT,50.374247978694264,61.62658134284998,0.9065847927325799,0.28637411945303076,1.0,2.3723466962966873,73.1515590986934,-0.3239626825958887,0.0,3.0,0.0,0.0,1.0,0.8,0.5,0.021055496748948313
FAC-REG-002,POWER_HEAT,33.93940775779305,40.25037653820212,-0.4794336056699531,0.21645209340146326,1.0,1.748531950616582,178.02446399550672,0.09474672586094168,0.0,3.0,0.0,0.0,1.0,0.8,0.5,0.0074277469451450905
FAC-REG-003,POWER_HEAT,48.80671886950772,55.582499056038934,0.2688798823367047,0.3396877925212392,1.0,2.0692322727905115,282.28718453704926,1.4117872252868016,0.0,3.0,0.0,0.0,1.0,0.8,0.5,0.005095812730434028
FAC-REG-008,POWER_HEAT,37.26894333891592,45.92869493834233,-0.6503214213688535,0.34204799604552066,1.0,1.3755372386673144,288.06158162658926,-0.11397245479738155,0.0,3.0,0.0,0.0,1.0,0.8,0.5,0.004071466213226564
FAC-REG-008,POWER_HEAT,64.95956895146209,75.73272416232176,-0.9154620115281309,0.25536417884198587,1.0,1.6864317391989916,82.65387362777346,1.15962127891986,0.0,3.0,0.0,0.0,1.0,0.8,0.5,0.015711627414555365
FAC-REG-009,POWER_HEAT,44.623764849299185,48.33473278919678,-0.6920240194450864,0.2976116965776492,1.0,3.436679738790641,148.4548552427545,1.0689823415798307,0.0,3.0,0.0,0.0,1.0,0.3,0.5,0.012487489193579358
FAC-REG-006,POWER_HEAT,49.61657187607256,61.17421389050779,0.34888214273373697,0.1913065514367256,1.0,3.155950961310685,131.38863091003634,0.634049839459793,0.0,3.0,0.0,0.0,1.0,0.3,0.5,0.013520954020076468
FAC-REG-004,POWER_HEAT,39.51460768944708,49.228356599148306,-0.45916317919551264,0.2924475729002044,1.0,1.6336342346759116,188.88791460930054,-0.0365699229958949,0.0,3.0,0.0,0.0,1.0,0.8,0.5,0.0067666426400008715
FAC-REG-015,POWER_HEAT,40.391937777040106,49.06481245223281,-0.2835166999260319,0.08465679801330542,1.0,2.895190993230184,267.63436963882106,0.12132664297442564,0.0,3.0,0.0,0.0,1.0,0.8,0.5,0.006357651597724608
FAC-REG-014,POWER_HEAT,42.463138581416146,46.02867858905897,-0.7873883573740972,0.3673598304003939,1.0,3.494125845938684,125.82953618741922,-0.29640713813126857,0.0,3.0,0.0,0.0,1.0,0.3,0.5,0.014855479540377534
FAC-REG-003,POWER_HEAT,42.32484692460852,48.069580119943566,0.6484058231245089,0.31817798630141614,1.0,1.937480362366474,257.5037762542374,1.1876308108546874,0.0,3.0,0.0,0.0,1.0,0.8,0.5,0.00540548980248411
FAC-REG-006,POWER_HEAT,61.81643294599826,76.89386326185074,-0.652721374749176,0.12805442449415733,1.0,2.314077570000924,101.93018672457646,0.42925195776391434,0.0,3.0,0.0,0.0,1.0,0.8,0.5,0.014924030798380094
FAC-REG-016,POWER_HEAT,55.50487397814226,64.57325179679863,-0.6071361818545193,0.2791839550106252,1.0,2.7121361979472898,377.8422734646848,-0.12108589498360683,0.0,3.0,0.0,0.0,1.0,0.8,0.5,0.004358581808020345
FAC-REG-003,POWER_HEAT,32.324574156850225,37.50832533584439,-0.7901216393441011,0.05782137594940007,1.0,1.4287824941200555,257.2705280878604,0.9363478135859714,0.0,3.0,0.0,0.0,1.0,0.8,0.5,0.0046461478118429165
FAC-REG-008,POWER_HEAT,51.471009932094,58.28535658380649,0.3075990186672335,0.3982684633677366,1.0,3.3445424130814048,73.40441657024199,1.2823336522883806,0.0,3.0,0.0,0.0,1.0,0.3,0.5,0.024914155038312152
FAC-REG-013,POWER_HEAT,46.14446866032951,52.812627111775875,-0.3183664622599658,0.38413313539380856,1.0,2.741710083787753,248.85738198735493,0.5699786774384321,0.0,3.0,0.0,0.0,1.0,0.8,0.5,0.006653654360696291
FAC-REG-016,POWER_HEAT,56.66894106090037,62.48106944086618,-0.9095407381595702,0.05065546037170901,1.0,1.8766232073850466,151.20026684934288,-0.2815963224065473,0.0,3.0,0.0,0.0,1.0,0.8,0.5,0.00906016242972479
FAC-REG-010,POWER_HEAT,48.5576792385985,53.549671805158326,0.28556537837188256,0.29618323995304824,1.0,1.7477903290298942,320.7633100320737,-0.009350653825646649,0.0,3.0,0.0,0.0,1.0,0.8,0.5,0.004121544370120431
FAC-REG-017,POWER_HEAT,41.15794266126929,43.637876075081294,-0.20866017180736796,0.1160096259450572,1.0,2.404081333210949,299.24115318250495,0.6110277343889422,0.0,3.0,0.0,0.0,1.0,0.8,0.5,0.00518147322681508
FAC-REG-011,POWER_HEAT,59.16923935381077,70.71733629808536,0.5805654707456835,0.15108585400116753,1.0,1.9687434464224114,277.5828474871636,0.6515767966573768,0.0,3.0,0.0,0.0,1.0,0.8,0.5,0.005054776249266589
FAC-REG-005,POWER_HEAT,46.46895201160913,49.658710302013894,-0.90813993554182,0.08906111980816214,1.0,1.4678625786555655,237.3699970708781,1.2133596087061318,0.0,3.0,0.0,0.0,1.0,0.8,0.5,0.005104072974231385
FAC-REG-017,POWER_HEAT,62.73067037613723,77.84760654993772,0.9178092096904105,0.34314695713671334,1.0,1.9095626019943015,95.84032280886036,0.6807555903563401,0.0,3.0,0.0,0.0,1.0,0.8,0.5,0.014418453543390778
FAC-REG-006,POWER_HEAT,32.83552124909425,36.555832097313775,0.9326369838141992,0.10358587667958,1.0,2.8565033038314747,188.89706839303926,0.7053924997695983,0.0,3.0,0.0,0.0,1.0,0.8,0.5,0.008947303051477756
FAC-REG-006,POWER_HEAT,40.72440835738813,46.84011445847701,-0.5365986836482832,0.2396544800686033,1.0,1.5493982851567907,285.23298126938164,1.3182732464755968,0.0,3.0,0.0,0.0,1.0,0.8,0.5,0.0043639703806542356
FAC-REG-009,POWER_HEAT,36.641724535110384,45.26352685479143,-0.9355692790992542,0.21188723015349714,1.0,1.783688224835254,290.1454003194844,1.1952958363810846,0.0,3.0,0.0,0.0,1.0,0.8,0.5,0.004603029758097304
FAC-REG-017,POWER_HEAT,54.36807077334503,59.684494079348404,-0.7628531339180991,0.3547914174498726,1.0,1.0146989233561272,199.29562697393442,0.12746375562653367,0.0,3.0,0.0,0.0,1.0,0.8,0.5,0.0050544142205411905
FAC-REG-003,POWER_HEAT,38.76779525600421,43.11913414940664,0.7000797099863871,0.2611160881915816,1.0,1.364206318323421,310.28266626663276,-0.005827517188231102,0.0,3.0,0.0,0.0,1.0,0.8,0.5,0.003764285143021582
FAC-REG-002,POWER_HEAT,62.637355607980886,68.73733033136281,0.3872696814552963,0.39128566538507015,1.0,3.405695150381158,149.056775313559,-0.2093709988970695,0.0,3.0,0.0,0.0,1.0,0.3,0.5,0.01238087001341035
FAC-REG-014,POWER_HEAT,41.846231293464065,47.27481177362976,-0.3216527599955119,0.20269410139044697,1.0,2.581665634545999,111.72999285526303,0.11799796684826036,0.0,3.0,0.0,0.0,1.0,0.8,0.5,0.014380706604292475
FAC-REG-007,POWER_HEAT,55.50919514928062,63.184563454517054,-0.32272061062706325,0.15271750207565504,1.0,1.5286758001243663,159.16481138922495,-0.21982216619620745,0.0,3.0,0.0,0.0,1.0,0.8,0.5,0.007768025387963554
FAC-REG-006,POWER_HEAT,63.1711356064673,67.95625515695846,-0.931192744571411,0.19502936276729516,1.0,1.4865850818946402,132.41646172954148,0.14685726541468602,0.0,3.0,0.0,0.0,1.0,0.8,0.5,0.009207737001066639
FAC-REG-006,POWER_HEAT,63.55442094778895,67.00466165686436,0.4773053011762842,0.38557532537914285,1.0,3.155679323382348,127.06880291204436,0.22095858187829087,0.0,3.0,0.0,0.0,1.0,0.3,0.5,0.013980010370808362
FAC-REG-009,POWER_HEAT,34.81736493144775,39.47319177910374,0.7003848003905082,0.37630698896070797,1.0,2.503090144897263,119.04195763319326,1.3127960095005444,0.0,3.0,0.0,0.0,1.0,0.8,0.5,0.013290404067425182
FAC-REG-006,POWER_HEAT,57.0042477350736,60.59170225814352,0.24225059818165806,0.13236394283591238,1.0,2.393795661668188,385.8594091836129,1.2702178086492752,0.0,3.0,0.0,0.0,1.0,0.8,0.5,0.004009723656464433
FAC-REG-015,POWER_HEAT,40.20298504205237,44.09789642139827,0.06502973951304014,0.08998695864031972,1.0,2.3731875203206214,72.43743375297979,0.21531429841710514,0.0,3.0,0.0,0.0,1.0,0.8,0.5,0.02126684039777409
FAC-REG-008,POWER_HEAT,63.99265764862737,76.4999242878258,-0.3006932390755246,0.08249578028571719,1.0,2.29200148672656,142.0109050749419,0.6192161372068797,0.0,3.0,0.0,0.0,1.0,0.8,0.5,0.010660700737291582
FAC-REG-016,POWER_HEAT,51.552739323548494,60.66508212554337,0.08206057812562295,0.37454297142099324,1.0,3.329756711051508,240.17320995212512,0.1809430255726584,0.0,3.0,0.0,0.0,1.0,0.3,0.5,0.007597692088448781
FAC-REG-016,POWER_HEAT,34.03616616332569,37.28804649044631,-0.8021911069258978,0.20169449537379092,1.0,1.3152901768615832,215.43309363073993,0.99098668602215,0.0,3.0,0.0,0.0,1.0,0.8,0.5,0.005323513629845612
FAC-REG-016,POWER_HEAT,53.853725007296475,60.19800131516751,0.14282278608846855,0.2065829379233236,1.0,2.647824781557902,88.5887856739154,0.5372704108540223,0.0,3.0,0.0,0.0,1.0,0.8,0.5,0.018368169255719748
FAC-REG-009,POWER_HEAT,52.80526247930882,64.2350858536452,-0.08136298980273593,0.28782756372493384,1.0,2.629713559707488,84.68230428600936,-0.051509039166024895,0.0,3.0,0.0,0.0,1.0,0.8,0.5,0.019149681529868092
FAC-REG-013,POWER_HEAT,59.97309343751809,66.69027608436652,-0.21449963292258012,0.1747946782909247,1.0,3.0821395215448026,86.54577072078118,0.18600006877449204,0.0,3.0,0.0,0.0,1.0,0.3,0.5,0.020285246867744074
FAC-REG-008,POWER_HEAT,64.4461419790277,78.28955083302858,0.10995066970509626,0.15334868966903242,1.0,1.4942447213589516,191.41262194930448,0.8672421061415919,0.0,3.0,0.0,0.0,1.0,0.8,0.5,0.006386167318498195
FAC-REG-002,POWER_HEAT,39.12923069813917,47.877184566572566,0.2884828016519638,0.05711929087366035,1.0,2.811578342248484,83.66101583609007,1.4950241409462448,0.0,3.0,0.0,0.0,1.0,0.8,0.5,0.020042503173081826
FAC-REG-011,POWER_HEAT,40.4070311639016,44.50762744219599,-0.2371178357887822,0.17465843786005508,1.0,1.9308445459634527,176.39470712718958,0.7801534730118297,0.0,3.0,0.0,0.0,1.0,0.8,0.5,0.007877494438886207
FAC-REG-016,POWER_HEAT,59.60934523561046,72.27516852556901,-0.04703358428945914,0.3484554878474917,1.0,1.6178626750757332,77.76146947090116,0.7764950575566637,0.0,3.0,0.0,0.0,1.0,0.8,0.5,0.016357102266014036
FAC-REG-008,POWER_HEAT,38.14210202433735,46.19758115323384,-0.6413744543503885,0.33459122718914297,1.0,3.3511587970714194,182.10767867780598,0.6067839965623586,0.0,3.0,0.0,0.0,1.0,0.3,0.5,0.010052388053757648
FAC-REG-010,POWER_HEAT,32.78150830490731,37.65992595357327,-0.27883004682350654,0.35535947093795783,1.0,3.1916987967708152,301.8556889714937,0.8458765017257467,0.0,3.0,0.0,0.0,1.0,0.3,0.5,0.005918499083230852
FAC-REG-002,POWER_HEAT,32.23391121483998,35.975350856915036,-0.5377193159803046,0.36114707349471636,1.0,1.1373836346715664,129.9292911643123,0.6425672506077938,0.0,3.0,0.0,0.0,1.0,0.8,0.5,0.008208171433289222
FAC-REG-018,POWER_HEAT,42.98116092834488,51.40948034169881,-0.17864750343459934,0.14788149245524515,1.0,2.5243101188057313,297.2958395652605,0.47265776624117195,0.0,3.0,0.0,0.0,1.0,0.8,0.5,0.005344197782238017
FAC-REG-012,POWER_HEAT,42.070582429262345,49.63524730281828,0.7656235977347414,0.1144455080784147,1.0,3.1009037634632968,111.87057448199225,0.008485224817943227,0.0,3.0,0.0,0.0,1.0,0.3,0.5,0.015740853456718613
FAC-REG-005,POWER_HEAT,54.49191652185034,59.456911807330485,-0.8571232339823434,0.3042002624063421,1.0,2.277631669486441,302.3259848379305,0.5060013274393734,0.0,3.0,0.0,0.0,1.0,0.8,0.5,0.0049919045215523206
FAC-REG-015,POWER_HEAT,39.97562682408489,47.81510413462162,-0.4464398370684506,0.3001369048238973,1.0,1.9599003157934463,324.8546766165672,-0.1286611410129278,0.0,3.0,0.0,0.0,1.0,0.8,0.5,0.00430950975564187
FAC-REG-015,POWER_HEAT,54.00690620020572,62.758521422012755,-0.5922433147568016,0.3659894541043876,1.0,1.6898603685316158,210.1114186075119,-0.015652910442177925,0.0,3.0,0.0,0.0,1.0,0.8,0.5,0.006186937878459823
FAC-REG-013,POWER_HEAT,41.726720982846885,50.31028988456241,0.7108323092623601,0.20246227411833811,1.0,1.9454295361323282,317.26062926590197,1.3345023625818446,0.0,3.0,0.0,0.0,1.0,0.8,0.5,0.004396343028722461
FAC-REG-006,POWER_HEAT,30.282040111343733,36.3907608661205,0.25177328866096826,0.3362381637221597,1.0,2.1390269702567832,334.31493113781124,0.8304068341148588,0.0,3.0,0.0,0.0,1.0,0.8,0.5,0.004374741105109184
FAC-REG-007,POWER_HEAT,50.86569792687371,62.497072042957505,-0.6560591963129141,0.19723878296432495,1.0,3.0821077321670938,78.30799873381734,-0.18681740314527862,0.0,3.0,0.0,0.0,1.0,0.3,0.5,0.022419079775987557
FAC-REG-001,POWER_HEAT,39.81379625066227,49.57250165292455,-0.6349368979826522,0.17638305505256746,1.0,2.8821736112589265,287.75131757412254,0.7041325598652054,0.0,3.0,0.0,0.0,1.0,0.8,0.5,0.005899874150817088
FAC-REG-002,POWER_HEAT,45.596724223497624,48.35070646537139,-0.39927355285777266,0.23449337262219416,1.0,2.1640798038978426,399.89164294435506,0.33865283902212895,0.0,3.0,0.0,0.0,1.0,0.8,0.5,0.003678699453498718
FAC-REG-010,POWER_HEAT,46.493775081823486,49.067396954012644,-0.8161241281583247,0.2900752272478769,1.0,2.072424951793768,355.6511928159657,0.9198768069239788,0.0,3.0,0.0,0.0,1.0,0.8,0.5,0.004047763562762325
FAC-REG-016,POWER_HEAT,64.38974702048995,78.7505837316892,0.1592789110680397,0.08895348196497327,1.0,1.5381819332241786,163.65473586284872,0.05796030201686081,0.0,3.0,0.0,0.0,1.0,0.8,0.5,0.007578360759050965
FAC-REG-019,POWER_HEAT,63.059612959350176,71.81446386384015,0.32312913634681095,0.29100412209258814,1.0,3.178951813136207,83.09338232345831,0.36822711276033004,0.0,3.0,0.0,0.0,1.0,0.3,0.5,0.02145732282081064
FAC-REG-006,POWER_HEAT,33.30599679440517,37.44129731708156,0.4179082468568438,0.12909536798152238,1.0,2.6410328355741823,125.86316229856948,-0.2936374587627959,0.0,3.0,0.0,0.0,1.0,0.8,0.5,0.012911843730487057
FAC-REG-002,POWER_HEAT,49.400332402806484,58.45873580851862,0.860281106775191,0.29054681410215105,1.0,1.801124825936903,137.18562574941143,1.223808792955444,0.0,3.0,0.0,0.0,1.0,0.8,0.5,0.009782802765054612
FAC-REG-013,POWER_HEAT,35.656335320837734,38.91255801289899,0.01768169626101357,0.0934656051058099,1.0,3.3452958264917556,388.9312159747494,1.4502235212376977,0.0,3.0,0.0,0.0,1.0,0.3,0.5,0.004702669554205534
FAC-REG-004,POWER_HEAT,44.39711871085251,48.777957457740946,-0.741632164382501,0.3500951963277803,1.0,2.3956913110097897,354.5269718177539,1.1791560542670223,0.0,3.0,0.0,0.0,1.0,0.8,0.5,0.004365823233284941
FAC-REG-019,POWER_HEAT,32.087385462007006,35.73078323958224,0.982303290296374,0.1978147576860484,1.0,1.3278905599131468,389.9286491520983,1.4698653293792985,0.0,3.0,0.0,0.0,1.0,0.8,0.5,0.0029552620480377536
FAC-REG-005,POWER_HEAT,60.26813330590598,67.98755698495901,-0.23726307102657107,0.14194417116391558,1.0,1.1117756863872412,159.90694664875332,-0.2978238798672012,0.0,3.0,0.0,0.0,1.0,0.8,0.5,0.00659388328084952
FAC-REG-019,POWER_HEAT,61.12007366985249,66.8553900240549,0.3570784884287517,0.2538930937346101,1.0,2.3823518704731304,353.8701537189254,-0.20701292707514363,0.0,3.0,0.0,0.0,1.0,0.8,0.5,0.004361732412909215
FAC-REG-005,POWER_HEAT,48.8388461220668,59.20527072785385,-0.567113833176657,0.3310254444809967,1.0,1.9990962062348394,133.9637449102521,1.042074236842617,0.0,3.0,0.0,0.0,1.0,0.8,0.5,0.010554303239748814
FAC-REG-010,POWER_HEAT,32.235652435166095,36.14530747703517,0.20215359801278532,0.2446404395205246,1.0,2.0116385447616665,212.72774202285393,0.03086215136645637,0.0,3.0,0.0,0.0,1.0,0.8,0.5,0.006667313002288053
FAC-REG-006,POWER_HEAT,59.76585212243266,64.49013796386097,-0.9404384253581581,0.37673350945082074,1.0,2.316874374701869,248.41080599297294,1.0833641918423922,0.0,3.0,0.0,0.0,1.0,0.8,0.5,0.006127463869785801
FAC-REG-008,POWER_HEAT,46.86676490926008,58.28972256007651,0.3442973738648143,0.10381076119852509,1.0,1.3330668699608832,138.99884073322576,1.056752181399363,0.0,3.0,0.0,0.0,1.0,0.8,0.5,0.008306437265941345
FAC-REG-018,POWER_HEAT,42.56271660885669,48.14072721290135,0.8111521179931374,0.10587500373531405,1.0,1.0714870958986058,370.1155935905087,1.1610239908234026,0.0,3.0,0.0,0.0,1.0,0.8,0.5,0.0027967657309179756
FAC-REG-012,POWER_HEAT,62.21364410250129,76.2637858226255,-0.08621089003514415,0.19381496674713228,1.0,2.387522716187128,151.85291592673917,-0.30084851526391065,0.0,3.0,0.0,0.0,1.0,0.8,0.5,0.010175379612399059
FAC-REG-019,POWER_HEAT,52.38816944162893,60.981091628980636,-0.7741935778787685,0.3681183965658,1.0,1.4973742741799763,315.8710019031849,1.2816441388316013,0.0,3.0,0.0,0.0,1.0,0.8,0.5,0.003873962618991554
FAC-REG-003,POWER_HEAT,38.6397116854388,42.9615519817477,0.7714950674376646,0.15439000473176964,1.0,2.865476208293261,396.7741896197729,1.4996517667890878,0.0,3.0,0.0,0.0,1.0,0.8,0.5,0.0042663353550825844
FAC-REG-012,POWER_HEAT,58.92945288751342,73.54690211959483,-0.25065422031603557,0.13834335477460707,1.0,1.285583389605458,118.21508128798536,1.2217570908792603,0.0,3.0,0.0,0.0,1.0,0.8,0.5,0.009591294828430387
FAC-REG-004,POWER_HEAT,51.075400714425896,58.266132333849065,-0.18412925789140733,0.22403591806634715,1.0,1.1010970780316534,364.83622090597646,1.4967759958945206,0.0,3.0,0.0,0.0,1.0,0.8,0.5,0.0028761720167317668
FAC-REG-009,POWER_HEAT,34.21340376711169,36.90652870123218,0.3220541164687343,0.28150429345777117,1.0,3.119810405696027,318.59905540381106,0.45441037940174545,0.0,3.0,0.0,0.0,1.0,0.3,0.5,0.005543953989105414
FAC-REG-005,POWER_HEAT,53.59080313105714,57.3895598385231,-0.09187599055323847,0.22246614839968154,1.0,1.95334244228792,132.76796162885697,0.27510090221817385,0.0,3.0,0.0,0.0,1.0,0.8,0.5,0.010526788700704197
FAC-REG-012,POWER_HEAT,52.49812280740066,60.580129924012176,0.36359362256877303,0.20731868781489982,1.0,1.6041780649315025,72.46517620392427,0.663931879577102,0.0,3.0,0.0,0.0,1.0,0.8,0.5,0.017478209242601333
FAC-REG-009,POWER_HEAT,49.13579317943538,57.06580330027354,0.44671722343762577,0.18359090701214859,1.0,1.797749908092139,351.7297400048366,0.01818057652111349,0.0,3.0,0.0,0.0,1.0,0.8,0.5,0.00381202330093921
FAC-REG-013,POWER_HEAT,30.54626028293413,33.36004604501414,0.037062866633416736,0.23847810555493976,1.0,1.636051227988836,95.70592777351355,1.0148175130558919,0.0,3.0,0.0,0.0,1.0,0.8,0.5,0.013364712214079654
FAC-REG-014,POWER_HEAT,64.92427387020464,79.8572408294506,0.852124129035285,0.3293713390103797,1.0,2.5387571334562478,114.16307409427944,0.7823952651661675,0.0,3.0,0.0,0.0,1.0,0.8,0.5,0.013956770068319644
FAC-REG-014,POWER_HEAT,45.85977160174749,51.044114481538664,0.8824390574913148,0.34733118316743733,1.0,3.109170938548602,240.0293957204699,1.0999329577493642,0.0,3.0,0.0,0.0,1.0,0.3,0.5,0.007346117458177078
FAC-REG-016,POWER_HEAT,40.18354506812866,48.57670084599448,-0.01904318558386553,0.06393198912773057,1.0,2.9075484945391685,127.290679360613,0.7997997775522253,0.0,3.0,0.0,0.0,1.0,0.8,0.5,0.013395745227494515
FAC-REG-006,POWER_HEAT,58.32134541280818,65.2111535211866,-0.22167907462810876,0.3145556757681129,1.0,1.1824593490344237,355.77548387098886,0.4173851232891428,0.0,3.0,0.0,0.0,1.0,0.8,0.5,0.003056448564753737
FAC-REG-006,POWER_HEAT,46.61547248446692,49.97198455376548,0.11968219116798351,0.13642077328807667,1.0,3.4428633320010147,333.2785483249683,0.38468491436648633,0.0,3.0,0.0,0.0,1.0,0.3,0.5,0.005567401353736201
FAC-REG-014,POWER_HEAT,61.29832403724349,68.17655159918237,-0.3770091505447961,0.12983110266947878,1.0,1.7925347528772546,142.02294345315232,1.3211513019889463,0.0,3.0,0.0,0.0,1.0,0.8,0.5,0.009427038547318646
FAC-REG-018,POWER_HEAT,33.57739602222179,36.21562863156541,0.7240372780213331,0.18962821980546107,1.0,1.4231791933481956,239.49956399919404,0.39166929484818036,0.0,3.0,0.0,0.0,1.0,0.8,0.5,0.0049810977646533704
FAC-REG-005,OTHER_NATURAL,15.49957482047214,16.082929742481532,0.0,18.479260831970453,0.0,1.010337862283588,22.725301253339634,0.0,0.0,4.0,0.0,0.0,0.0,0.8,0.5,0.04423068498059705
FAC-REG-019,OTHER_NATURAL,8.252658331826044,8.593149505114937,0.0,15.437919254888062,0.0,1.136956109585526,15.42164052363347,0.0,0.0,4.0,0.0,0.0,0.0,0.8,0.5,0.06914189437273102
FAC-REG-015,OTHER_NATURAL,7.127343937263008,8.369170054028096,0.0,20.88990145481885,0.0,0.621304618748159,36.2728922605684,0.0,0.0,4.0,0.0,0.0,0.0,0.8,0.5,0.021730519312544157
FAC-REG-001,OTHER_NATURAL,17.198923582092792,19.394784212906504,0.0,24.566327927355303,0.0,1.1742202380123734,44.42100904288148,0.0,0.0,4.0,0.0,0.0,0.0,0.8,0.5,0.02439418769868412
FAC-REG-011,OTHER_NATURAL,6.0241669230508865,6.357787323105737,0.0,19.95593540772768,0.0,0.8518161511220796,17.710172875481582,0.0,0.0,4.0,0.0,0.0,0.0,0.8,0.5,0.05211348714067914
FAC-REG-018,OTHER_NATURAL,9.265345185943684,10.78550113314039,0.0,17.35789671389536,0.0,1.1969406063028167,10.5463134570432,0.0,0.0,4.0,0.0,0.0,0.0,0.8,0.5,0.10373746357037172
FAC-REG-009,OTHER_NATURAL,6.840833482968849,7.3548910030842,0.0,21.285685148868403,0.0,1.7913051853320079,29.534184811248014,0.0,0.0,4.0,0.0,0.0,0.0,0.8,0.5,0.04531685930581454
FAC-REG-005,OTHER_NATURAL,14.203537288899156,15.307714874220022,0.0,31.245870534840492,0.0,1.840681140514997,20.269510985312465,0.0,0.0,4.0,0.0,0.0,0.0,0.8,0.5,0.06693388143905224
FAC-REG-001,OTHER_NATURAL,16.431204523306356,19.512653802991572,0.0,26.220846208141438,0.0,1.3531536537843158,41.62638104182443,0.0,0.0,4.0,0.0,0.0,0.0,0.8,0.5,0.02794505070132962
FAC-REG-002,OTHER_NATURAL,17.039894714517615,17.774949130594933,0.0,20.225681172351003,0.0,0.9455303432162245,40.74152388045664,0.0,0.0,4.0,0.0,0.0,0.0,0.8,0.5,0.023867144696644346
FAC-REG-007,OTHER_NATURAL,7.892887172485516,9.012294065860353,0.0,13.390378931012874,0.0,1.6124132509150075,37.73703368065094,0.0,0.0,4.0,0.0,0.0,0.0,0.8,0.5,0.0336488650058585
FAC-REG-010,OTHER_NATURAL,15.884656558087759,18.864848763131562,0.0,49.74756770198676,0.0,0.6879013911986978,34.530930773061385,0.0,0.0,4.0,0.0,0.0,0.0,0.8,0.5,0.024018993745653926
FAC-REG-013,OTHER_NATURAL,17.543478924130092,19.583381655758824,0.0,46.34622245361439,0.0,1.7127699098906162,45.78670497256054,0.0,0.0,4.0,0.0,0.0,0.0,0.8,0.5,0.028583152179645018
FAC-REG-016,OTHER_NATURAL,17.556738894255542,19.219467979785527,0.0,41.92731958299372,0.0,0.6908061790066713,25.837643832558964,0.0,0.0,4.0,0.0,0.0,0.0,0.8,0.5,0.032168084394840354
FAC-REG-016,OTHER_NATURAL,8.791564016512181,9.008285951150796,0.0,42.23055330172028,0.0,0.5138634718716173,22.5002182794081,0.0,0.0,4.0,0.0,0.0,0.0,0.8,0.5,0.03185936695323532
FAC-REG-009,OTHER_NATURAL,12.657506227908426,13.30114650181928,0.0,20.359938181123987,0.0,1.2325072159929782,36.10756157363703,0.0,0.0,4.0,0.0,0.0,0.0,0.8,0.5,0.03074656296603337
FAC-REG-015,OTHER_NATURAL,15.951817380500204,17.18935586812605,0.0,35.53825794868118,0.0,1.9144552841464337,18.47435611456337,0.0,0.0,4.0,0.0,0.0,0.0,0.8,0.5,0.07489508234516001
FAC-REG-015,OTHER_NATURAL,8.140056565307713,8.938530220862894,0.0,12.964766975438323,0.0,0.5521132188834904,28.749341072858407,0.0,0.0,4.0,0.0,0.0,0.0,0.8,0.5,0.025845573740210022
FAC-REG-001,OTHER_NATURAL,11.720360092362899,13.031386416531005,0.0,36.8707184182545,0.0,1.1471674884620155,14.624475527696589,0.0,0.0,4.0,0.0,0.0,0.0,0.8,0.5,0.0732374332271453
FAC-REG-019,OTHER_NATURAL,7.873456862474704,7.91770834121999,0.0,49.184555563957645,0.0,1.9705872790410401,25.125653493751194,0.0,0.0,4.0,0.0,0.0,0.0,0.8,0.5,0.05587023155506431
FAC-REG-007,OTHER_NATURAL,10.541651781308953,10.817873743533454,0.0,37.959404326979424,0.0,1.1843600660800033,31.245785302586555,0.0,0.0,4.0,0.0,0.0,0.0,0.8,0.5,0.034829756117090556
FAC-REG-015,OTHER_NATURAL,6.817031594215428,7.61246388515967,0.0,49.400389913177854,0.0,0.6443758748565884,21.42925714263125,0.0,0.0,4.0,0.0,0.0,0.0,0.8,0.5,0.037459546893437744
FAC-REG-001,OTHER_NATURAL,7.737832404222608,8.175617407253672,0.0,30.38053081163346,0.0,1.2662073307663213,42.571780773902105,0.0,0.0,4.0,0.0,0.0,0.0,0.8,0.5,0.02643203463548068
FAC-REG-005,OTHER_NATURAL,8.862523055661946,9.40455954314984,0.0,45.392123238407834,0.0,1.5856928452621784,36.788920313246024,0.0,0.0,4.0,0.0,0.0,0.0,0.8,0.5,0.03422886440865787
FAC-REG-005,OTHER_NATURAL,5.18552474932738,6.122965994237561,0.0,11.773768502493569,0.0,0.9836619062249545,32.766991647856266,0.0,0.0,4.0,0.0,0.0,0.0,0.8,0.5,0.030268183351047345
FAC-REG-013,OTHER_NATURAL,13.361322019308645,15.718826844053057,0.0,26.086019047797148,0.0,0.5999331310511922,30.64203289367171,0.0,0.0,4.0,0.0,0.0,0.0,0.8,0.5,0.025277484265017466
FAC-REG-011,OTHER_NATURAL,13.738929947113274,16.352164893217143,0.0,29.42433271987388,0.0,1.1992853452333008,36.18339200765841,0.0,0.0,4.0,0.0,0.0,0.0,0.8,0.5,0.030265788028325212
FAC-REG-008,OTHER_NATURAL,8.29558045602519,9.820273842447653,0.0,36.79770453455065,0.0,0.5201660659751244,18.185018902360795,0.0,0.0,4.0,0.0,0.0,0.0,0.8,0.5,0.03966041475181961
FAC-REG-014,OTHER_NATURAL,10.721695437559408,11.264128513421234,0.0,37.33443179493451,0.0,1.5863611802201187,45.816148982330226,0.0,0.0,4.0,0.0,0.0,0.0,0.8,0.5,0.027490488329746928
FAC-REG-016,OTHER_NATURAL,14.055007291042607,15.732441104486622,0.0,14.909602186984818,0.0,1.9446719890773196,14.915023195766107,0.0,0.0,4.0,0.0,0.0,0.0,0.8,0.5,0.09349733803446833
FAC-REG-012,OTHER_NATURAL,6.270153347977715,6.923483942668452,0.0,38.815252434655775,0.0,1.5528663528979143,28.037772887049087,0.0,0.0,4.0,0.0,0.0,0.0,0.8,0.5,0.04444506302764538
FAC-REG-003,OTHER_NATURAL,16.983991494121206,17.107133304583897,0.0,44.24520881412184,0.0,0.8462266777816725,43.949453110158714,0.0,0.0,4.0,0.0,0.0,0.0,0.8,0.5,0.020930995341709467
FAC-REG-013,OTHER_NATURAL,12.542846527977026,14.770726793665414,0.0,28.94158587595562,0.0,1.6198500107050893,42.18686471422234,0.0,0.0,4.0,0.0,0.0,0.0,0.8,0.5,0.0301689469467278
FAC-REG-016,OTHER_NATURAL,7.769170092423488,7.9303794777268815,0.0,23.736404552000717,0.0,1.6188831792384106,35.04309164224527,0.0,0.0,4.0,0.0,0.0,0.0,0.8,0.5,0.03630825199028759
FAC-REG-006,OTHER_NATURAL,7.404289383752516,7.4619446708630806,0.0,11.439593154746714,0.0,1.7473542475472925,33.65799725772099,0.0,0.0,4.0,0.0,0.0,0.0,0.8,0.5,0.03927373535413723
FAC-REG-016,OTHER_NATURAL,7.736276871804564,8.81385082266971,0.0,22.391182665911845,0.0,1.8095094619333474,23.47655346365842,0.0,0.0,4.0,0.0,0.0,0.0,0.8,0.5,0.05729887427467976
FAC-REG-004,OTHER_NATURAL,10.581456183820068,12.404921717727657,0.0,16.029296291858813,0.0,0.9182563753664126,13.73969446335959,0.0,0.0,4.0,0.0,0.0,0.0,0.8,0.5,0.06974368673027223
FAC-REG-013,OTHER_NATURAL,13.474244319673437,15.47612150561228,0.0,10.916086458596492,0.0,1.9384510192358693,23.777652243494597,0.0,0.0,4.0,0.0,0.0,0.0,0.8,0.5,0.05855425299074394
FAC-REG-017,OTHER_NATURAL,16.059201292470476,18.316801506709346,0.0,13.469730904934103,0.0,0.6755668720651543,38.60767482614596,0.0,0.0,4.0,0.0,0.0,0.0,0.8,0.5,0.02128925802734648
FAC-REG-008,OTHER_NATURAL,14.194519437277917,14.420960135867738,0.0,26.07680747970706,0.0,1.4698959257037056,24.02874037817004,0.0,0.0,4.0,0.0,0.0,0.0,0.8,0.5,0.050455938427948564
FAC-REG-011,OTHER_NATURAL,12.506190472730182,14.84110092806853,0.0,11.399274940646142,0.0,1.6538468053121567,38.90909112178508,0.0,0.0,4.0,0.0,0.0,0.0,0.8,0.5,0.03305190936110158
FAC-REG-004,OTHER_NATURAL,13.494634450221403,15.34495627776715,0.0,37.40762428057455,0.0,0.5404775538027384,45.96488402641884,0.0,0.0,4.0,0.0,0.0,0.0,0.8,0.5,0.015994205159105677
FAC-REG-002,OTHER_NATURAL,14.674154912260917,16.904059763900104,0.0,36.022199152489584,0.0,1.0922997847164382,34.33536867266102,0.0,0.0,4.0,0.0,0.0,0.0,0.8,0.5,0.030438917887703136
FAC-REG-011,OTHER_NATURAL,14.904645298442782,15.201511994259832,0.0,25.87003703198407,0.0,0.6554281814974499,43.48297783276378,0.0,0.0,4.0,0.0,0.0,0.0,0.8,0.5,0.018618439475797544
FAC-REG-002,OTHER_NATURAL,13.982416562200541,15.891246209534566,0.0,43.66424926634018,0.0,0.698854105017702,36.389125616195365,0.0,0.0,4.0,0.0,0.0,0.0,0.8,0.5,0.022973207755363878
FAC-REG-013,OTHER_NATURAL,6.007334771764744,6.720116420537398,0.0,17.573908945194347,0.0,1.0418641910615156,44.48070864520067,0.0,0.0,4.0,0.0,0.0,0.0,0.8,0.5,0.022947419667036673
FAC-REG-004,OTHER_NATURAL,16.90398755067129,18.58741528179225,0.0,25.95346459359023,0.0,1.6255833906360524,12.927003950720085,0.0,0.0,4.0,0.0,0.0,0.0,0.8,0.5,0.09862948037754223
FAC-REG-003,OTHER_NATURAL,13.475658280998488,14.788027611942043,0.0,41.616610012768405,0.0,1.8744062560152972,25.5346751068619,0.0,0.0,4.0,0.0,0.0,0.0,0.8,0.5,0.05361687846890023
FAC-REG-013,OTHER_NATURAL,11.509056161339029,13.768538594210547,0.0,43.243376294263804,0.0,1.8676065624160303,20.173603503104168,0.0,0.0,4.0,0.0,0.0,0.0,0.8,0.5,0.06774218722273935
FAC-REG-006,OTHER_NATURAL,9.379049960159897,9.574166560420856,0.0,32.94890193470304,0.0,1.3643799426328884,48.08949141662976,0.0,0.0,4.0,0.0,0.0,0.0,0.8,0.5,0.024289438709941432
FAC-REG-002,OTHER_NATURAL,15.652695063312486,16.51648138016562,0.0,24.028093097229096,0.0,0.8251365669829774,33.42056169924319,0.0,0.0,4.0,0.0,0.0,0.0,0.8,0.5,0.027179982459385583
FAC-REG-010,OTHER_NATURAL,13.546109513430622,13.58850156991756,0.0,12.574995340601586,0.0,0.6494917290968729,26.759747412409244,0.0,0.0,4.0,0.0,0.0,0.0,0.8,0.5,0.030116521076650284
FAC-REG-019,OTHER_NATURAL,16.546312834918975,17.356455852998117,0.0,32.974788969560564,0.0,1.6525474890389007,21.553177196784347,0.0,0.0,4.0,0.0,0.0,0.0,0.8,0.5,0.05964385076241566
FAC-REG-014,OTHER_NATURAL,11.811664634914282,12.130283925605767,0.0,11.039291749031213,0.0,0.7292087139774248,35.07414485014134,0.0,0.0,4.0,0.0,0.0,0.0,0.8,0.5,0.02434662876337481
FAC-REG-009,OTHER_NATURAL,7.466052743051668,7.970539729060885,0.0,13.114802572254654,0.0,0.7875489067424517,46.450791559340445,0.0,0.0,4.0,0.0,0.0,0.0,0.8,0.5,0.019104938647408733
FAC-REG-015,OTHER_NATURAL,13.494615014266708,14.532105120415961,0.0,36.90594957729485,0.0,1.383037580545107,18.93995017418577,0.0,0.0,4.0,0.0,0.0,0.0,0.8,0.5,0.06209235880229334
FAC-REG-005,OTHER_NATURAL,12.307877908611484,13.45319628017486,0.0,36.26924824893848,0.0,0.7200508637504899,43.63699578359406,0.0,0.0,4.0,0.0,0.0,0.0,0.8,0.5,0.019445841616942332
FAC-REG-018,OTHER_NATURAL,16.587466863440305,18.078750374409516,0.0,31.992210374907792,0.0,1.8448720039459832,21.99652193908268,0.0,0.0,4.0,0.0,0.0,0.0,0.8,0.5,0.06174888274002631
FAC-REG-011,OTHER_NATURAL,9.219174778422497,10.691854190938646,0.0,18.425823905421467,0.0,1.318361520118168,17.193925936367968,0.0,0.0,4.0,0.0,0.0,0.0,0.8,0.5,0.06677935308678701
FAC-REG-002,OTHER_NATURAL,12.895219699350438,12.89584039719238,0.0,42.21894938719299,0.0,0.9953185050892188,22.808319366198283,0.0,0.0,4.0,0.0,0.0,0.0,0.8,0.5,0.043740903945881454
FAC-REG-019,OTHER_NATURAL,13.193412865093048,14.359870757826512,0.0,35.1454218627881,0.0,0.7201710824536885,48.80657858096343,0.0,0.0,4.0,0.0,0.0,0.0,0.8,0.5,0.017387593382127225
FAC-REG-010,OTHER_NATURAL,8.252692393318979,9.44796269168682,0.0,33.00101825046558,0.0,0.663783494605272,17.127857071525042,0.0,0.0,4.0,0.0,0.0,0.0,0.8,0.5,0.04756748549263301
FAC-REG-005,OTHER_NATURAL,17.435807380975,18.800252957676822,0.0,26.805382167324016,0.0,1.9533525756710568,37.784304465069134,0.0,0.0,4.0,0.0,0.0,0.0,0.8,0.5,0.03698953635113562
FAC-REG-019,OTHER_NATURAL,11.828397507333204,13.48898268718802,0.0,48.797488417883656,0.0,1.152418295611062,26.24136826377477,0.0,0.0,4.0,0.0,0.0,0.0,0.8,0.5,0.04090897481740611
FAC-REG-013,OTHER_NATURAL,14.556505722925147,15.401979372957864,0.0,22.13914792055276,0.0,1.6744769743640437,21.868251566795983,0.0,0.0,4.0,0.0,0.0,0.0,0.8,0.5,0.05917326441916083
FAC-REG-005,OTHER_NATURAL,8.761949406874031,9.886014924321962,0.0,17.438083920032188,0.0,0.9540658536864068,29.441802979329168,0.0,0.0,4.0,0.0,0.0,0.0,0.8,0.5,0.03317605743105028
FAC-REG-004,OTHER_NATURAL,6.378353469419925,7.575232773988232,0.0,11.77170882328371,0.0,1.6246141346342269,12.856910843646299,0.0,0.0,4.0,0.0,0.0,0.0,0.8,0.5,0.09913761836451745
FAC-REG-011,OTHER_NATURAL,17.817501897218428,17.929875556529662,0.0,36.49987492737114,0.0,1.0568414716361458,35.84041163786796,0.0,0.0,4.0,0.0,0.0,0.0,0.8,0.5,0.02868348620371868
FAC-REG-015,OTHER_NATURAL,6.733998416056918,8.053048275318071,0.0,20.310635474488926,0.0,1.1882620094041747,18.650782304076323,0.0,0.0,4.0,0.0,0.0,0.0,0.8,0.5,0.05844657322866991
FAC-REG-013,OTHER_NATURAL,8.639838142903265,8.68960597890583,0.0,26.59322687555816,0.0,1.1503146542057014,28.68696533409786,0.0,0.0,4.0,0.0,0.0,0.0,0.8,0.5,0.037387266838137215
FAC-REG-013,OTHER_NATURAL,9.014969518851968,9.583418361955943,0.0,12.422090249650424,0.0,1.5302318239884438,32.713043655983356,0.0,0.0,4.0,0.0,0.0,0.0,0.8,0.5,0.03781443898763766
FAC-REG-006,OTHER_NATURAL,14.514754587169413,16.143098850687263,0.0,18.977008899821325,0.0,1.2653402407987924,30.833328257902895,0.0,0.0,4.0,0.0,0.0,0.0,0.8,0.5,0.03648238762375845
FAC-REG-016,OTHER_NATURAL,13.580033859469793,14.36484525304769,0.0,15.62973453564613,0.0,0.7349512717857781,35.575635436120066,0.0,0.0,4.0,0.0,0.0,0.0,0.8,0.5,0.024097756234622746
FAC-REG-019,OTHER_NATURAL,10.323451618492173,10.673458253196221,0.0,40.26409993175419,0.0,1.7487342116291729,45.22329772483866,0.0,0.0,4.0,0.0,0.0,0.0,0.8,0.5,0.02924150189136681
FAC-REG-019,OTHER_NATURAL,13.681332306485407,15.503088726064673,0.0,38.0063876829254,0.0,1.5106457519446619,25.47633430737396,0.0,0.0,4.0,0.0,0.0,0.0,0.8,0.5,0.04824411874054547
FAC-REG-019,OTHER_NATURAL,5.904563186066527,6.490726146174441,0.0,28.908275945451564,0.0,0.9660552853373614,44.81620679768399,0.0,0.0,4.0,0.0,0.0,0.0,0.8,0.5,0.021931376722403337
FAC-REG-016,OTHER_NATURAL,6.717279222473623,6.887387371833083,0.0,42.61717976046273,0.0,1.8775524721251844,41.110330169319425,0.0,0.0,4.0,0.0,0.0,0.0,0.8,0.5,0.03333074928315024
FAC-REG-009,OTHER_NATURAL,17.119481904896176,20.119830800939233,0.0,22.775364673347408,0.0,1.3795462119844288,13.091739726018634,0.0,0.0,4.0,0.0,0.0,0.0,0.8,0.5,0.08971617799780975
FAC-REG-004,OTHER_NATURAL,9.097434772001531,10.689826489547645,0.0,23.886673586971703,0.0,1.3428471545021397,27.33523392459763,0.0,0.0,4.0,0.0,0.0,0.0,0.8,0.5,0.04239264329560845
FAC-REG-003,OTHER_NATURAL,8.029429693553123,9.522584183852558,0.0,44.69692487338914,0.0,0.5273079546547979,15.142724234207323,0.0,0.0,4.0,0.0,0.0,0.0,0.8,0.5,0.047954365382477056
FAC-REG-004,OTHER_NATURAL,15.573463277586407,15.881048423849789,0.0,12.78367389585236,0.0,0.7304472805899,40.576004455572246,0.0,0.0,4.0,0.0,0.0,0.0,0.8,0.5,0.021063239150420337
FAC-REG-014,OTHER_NATURAL,12.051121535489193,12.58669074700323,0.0,15.876921084024254,0.0,1.3597024019811057,49.09897113202281,0.0,0.0,4.0,0.0,0.0,0.0,0.8,0.5,0.0237492304014844
FAC-REG-014,OTHER_NATURAL,13.355323011692255,14.578709662055921,0.0,44.58711010342601,0.0,1.889011126404876,10.952241730333721,0.0,0.0,4.0,0.0,0.0,0.0,0.8,0.5,0.12549147886089868
FAC-REG-018,OTHER_NATURAL,17.463662859809684,18.43171076344827,0.0,44.93477758597675,0.0,1.083192678442104,14.764002304374223,0.0,0.0,4.0,0.0,0.0,0.0,0.8,0.5,0.07049344802711185
FAC-REG-014,OTHER_NATURAL,12.34689761724027,13.89922900068529,0.0,44.31035831228445,0.0,1.3263430636543545,26.42837583613353,0.0,0.0,4.0,0.0,0.0,0.0,0.8,0.5,0.04357701329335621
FAC-REG-017,OTHER_NATURAL,17.75237336558405,20.04279595704377,0.0,44.97548149211238,0.0,1.3981026692435963,37.59151965641223,0.0,0.0,4.0,0.0,0.0,0.0,0.8,0.5,0.0314542728523836
FAC-REG-017,OTHER_NATURAL,5.022422687427929,5.120526993818768,0.0,14.062264137167153,0.0,1.557345363432194,18.19664130063999,0.0,0.0,4.0,0.0,0.0,0.0,0.8,0.5,0.06858059250859912
FAC-REG-002,OTHER_NATURAL,9.548080780147629,11.003679517504787,0.0,33.30895362468996,0.0,0.7238167219447529,43.50547954731489,0.0,0.0,4.0,0.0,0.0,0.0,0.8,0.5,0.019555564002569404
FAC-REG-013,OTHER_NATURAL,11.059834923451584,11.521931265942735,0.0,47.90425981619621,0.0,1.8234043467793644,19.775269853673542,0.0,0.0,4.0,0.0,0.0,0.0,0.8,0.5,0.06828401896423902
FAC-REG-008,OTHER_NATURAL,6.268529204491503,6.31898430848247,0.0,40.129456572350435,0.0,1.1380329114930254,49.82197058958277,0.0,0.0,4.0,0.0,0.0,0.0,0.8,0.5,0.021411964265321527
FAC-REG-003,OTHER_NATURAL,16.123159859958037,17.670928599077367,0.0,43.08600782015508,0.0,1.7256909232552173,46.639680054483094,0.0,0.0,4.0,0.0,0.0,0.0,0.8,0.5,0.028166049933808758
FAC-REG-006,OTHER_NATURAL,17.347391595006037,17.873596825675616,0.0,13.278751103739621,0.0,1.1474232760585237,43.132918745673706,0.0,0.0,4.0,0.0,0.0,0.0,0.8,0.5,0.024834360464446134
FAC-REG-011,OTHER_NATURAL,12.030559672271659,13.760107258020707,0.0,19.01155567450177,0.0,0.7494115525731624,43.398170489305606,0.0,0.0,4.0,0.0,0.0,0.0,0.8,0.5,0.019947513618150253
FAC-REG-013,OTHER_NATURAL,16.677636198069337,17.693115615098723,0.0,30.00592332657597,0.0,1.1335278090511016,16.873382276676647,0.0,0.0,4.0,0.0,0.0,0.0,0.8,0.5,0.0630977602790551
FAC-REG-007,OTHER_NATURAL,14.083812255473044,16.03351813832773,0.0,30.249570663886317,0.0,1.3074939938897345,39.70526987252574,0.0,0.0,4.0,0.0,0.0,0.0,0.8,0.5,0.02879862144199863
FAC-REG-009,OTHER_NATURAL,8.009721887198728,9.531448617858288,0.0,11.107595470351015,0.0,0.7091981954977723,32.81329704804992,0.0,0.0,4.0,0.0,0.0,0.0,0.8,0.5,0.025664566966385405
FAC-REG-002,OTHER_NATURAL,13.961404688601077,14.15604830027779,0.0,44.394058876626524,0.0,1.6667182151658761,19.809198329267154,0.0,0.0,4.0,0.0,0.0,0.0,0.8,0.5,0.06517247148371064
FAC-REG-003,OTHER_NATURAL,5.523209364446653,5.783816597132229,0.0,24.966843743663205,0.0,0.7739020971234171,12.915970908365889,0.0,0.0,4.0,0.0,0.0,0.0,0.8,0.5,0.06811079564921585
FAC-REG-016,OTHER_NATURAL,15.577268309423799,15.591230817306261,0.0,30.04930906713632,0.0,1.5572542962760048,16.216045149560617,0.0,0.0,4.0,0.0,0.0,0.0,0.8,0.5,0.07695464232644064
FAC-REG-018,OTHER_NATURAL,7.357236129356071,8.057346032858236,0.0,36.14260610724408,0.0,0.7188036904308441,17.408933233237516,0.0,0.0,4.0,0.0,0.0,0.0,0.8,0.5,0.048700451706556076
FAC-REG-010,OTHER_NATURAL,16.5102951981359,18.750638626368335,0.0,42.754198430523005,0.0,1.34566745147619,31.008730065236026,0.0,0.0,4.0,0.0,0.0,0.0,0.8,0.5,0.037409757545934515
FAC-REG-008,OTHER_NATURAL,5.2559610556847645,5.98168058172736,0.0,47.38072873617459,0.0,1.5709131197401311,11.47174897188874,0.0,0.0,4.0,0.0,0.0,0.0,0.8,0.5,0.10925628979196461
FAC-REG-013,OTHER_NATURAL,6.92840934935627,6.959079028018019,0.0,35.13345461194615,0.0,1.373555844737523,49.476146657410226,0.0,0.0,4.0,0.0,0.0,0.0,0.8,0.5,0.023687939896025918
FAC-REG-017,OTHER_NATURAL,10.340961307251826,11.109472267891658,0.0,21.874081371199402,0.0,0.728610380056822,15.523346264080363,0.0,0.0,4.0,0.0,0.0,0.0,0.8,0.5,0.05498729198423001
FAC-REG-012,OTHER_NATURAL,6.483491843428121,6.795363416464629,0.0,22.266745212524658,0.0,1.9423684565583739,33.13893004007543,0.0,0.0,4.0,0.0,0.0,0.0,0.8,0.5,0.04205593822870733
FAC-REG-001,OTHER_NATURAL,5.488447515979932,6.028792206143078,0.0,45.93782136576732,0.0,0.7856752334112783,49.30369888042351,0.0,0.0,4.0,0.0,0.0,0.0,0.8,0.5,0.017978027040813874
FAC-REG-019,OTHER_NATURAL,14.227787299666842,16.15468486950087,0.0,33.4810352773505,0.0,1.581005484873698,26.87622224877282,0.0,0.0,4.0,0.0,0.0,0.0,0.8,0.5,0.04678411996131713
FAC-REG-004,OTHER_NATURAL,14.05249742923865,16.220103905039835,0.0,41.69949688663918,0.0,0.6381050685633538,12.225630907509517,0.0,0.0,4.0,0.0,0.0,0.0,0.8,0.5,0.06533935106854619
FAC-REG-001,OTHER_NATURAL,8.3719922734972,9.346441619876712,0.0,27.74843420875945,0.0,0.5330588055014513,11.61125032665086,0.0,0.0,4.0,0.0,0.0,0.0,0.8,0.5,0.06287942661207843
FAC-REG-009,OTHER_NATURAL,15.271423659472228,17.286020177563987,0.0,44.263377769098305,0.0,0.6134670209860245,28.51322628795231,0.0,0.0,4.0,0.0,0.0,0.0,0.8,0.5,0.0274694048159699
FAC-REG-003,OTHER_NATURAL,15.078057963453082,16.299070642882956,0.0,48.0391373857504,0.0,1.907381866572756,10.49638860240638,0.0,0.0,4.0,0.0,0.0,0.0,0.8,0.5,0.13157667995851155
FAC-REG-005,OTHER_NATURAL,11.801314127913509,13.982758015147132,0.0,43.00155642493446,0.0,1.7658274484984484,36.920364038522095,0.0,0.0,4.0,0.0,0.0,0.0,0.8,0.5,0.03599218041384086
FAC-REG-005,OTHER_NATURAL,5.463187340071811,6.485519191604506,0.0,33.444813952219874,0.0,0.9472144567222104,15.965404313901512,0.0,0.0,4.0,0.0,0.0,0.0,0.8,0.5,0.060959898839970265
FAC-REG-016,OTHER_NATURAL,15.874762527818525,18.460786642036158,0.0,35.80330767867145,0.0,1.0490230813878139,22.16281139121028,0.0,0.0,4.0,0.0,0.0,0.0,0.8,0.5,0.046213373390018346
FAC-REG-019,OTHER_NATURAL,15.514700299776333,17.285741457843297,0.0,10.420319923983513,0.0,1.6425144281693729,14.263897993174002,0.0,0.0,4.0,0.0,0.0,0.0,0.8,0.5,0.08984964638442913
FAC-REG-012,OTHER_NATURAL,17.047266989001052,17.15505689660128,0.0,40.93568898515089,0.0,0.5780785975509607,11.526144237415089,0.0,0.0,4.0,0.0,0.0,0.0,0.8,0.5,0.06596436639621212
FAC-REG-001,OTHER_NATURAL,16.683439476936886,18.66382010656115,0.0,18.299093106258834,0.0,0.8931965756681424,27.29922921672484,0.0,0.0,4.0,0.0,0.0,0.0,0.8,0.5,0.03461968720486103
FAC-REG-008,OTHER_NATURAL,12.964690886613232,15.05488899381066,0.0,27.511981250990942,0.0,1.3318710073034365,41.99317816199606,0.0,0.0,4.0,0.0,0.0,0.0,0.8,0.5,0.027482253295296605
FAC-REG-016,OTHER_NATURAL,5.753982507941371,6.380938718599737,0.0,13.31217098858183,0.0,1.7415796216865123,35.27829861560115,0.0,0.0,4.0,0.0,0.0,0.0,0.8,0.5,0.0374079608665962
FAC-REG-007,OTHER_NATURAL,17.36417883437199,19.23374347118046,0.0,36.87824561979648,0.0,0.6491923961782848,25.22303765512428,0.0,0.0,4.0,0.0,0.0,0.0,0.8,0.5,0.031944001969451706
FAC-REG-012,OTHER_NATURAL,14.189843196286875,14.303757521099287,0.0,31.863770539889785,0.0,0.6324172894526141,49.834257167126495,0.0,0.0,4.0,0.0,0.0,0.0,0.8,0.5,0.01595783161744879
FAC-REG-007,OTHER_NATURAL,5.274048585570981,6.179760504993488,0.0,46.77718402233631,0.0,1.0303223338451826,38.780066201910635,0.0,0.0,4.0,0.0,0.0,0.0,0.8,0.5,0.026174476889483145
FAC-REG-011,OTHER_NATURAL,13.518022299492474,14.438105951534144,0.0,22.902369465330736,0.0,1.1366508332863685,15.822710346100045,0.0,0.0,4.0,0.0,0.0,0.0,0.8,0.5,0.06738025643172495
FAC-REG-010,OTHER_NATURAL,9.533072639701277,10.296003592526974,0.0,45.76218450808578,0.0,1.2449357210947571,31.770156374034517,0.0,0.0,4.0,0.0,0.0,0.0,0.8,0.5,0.03511996801800437
FAC-REG-014,OTHER_NATURAL,6.8699547613221625,7.561591514236939,0.0,35.54575040138216,0.0,0.7565901388000275,44.4172267235417,0.0,0.0,4.0,0.0,0.0,0.0,0.8,0.5,0.0195829853591476
FAC-REG-012,OTHER_NATURAL,9.8304504107106,10.213897415149136,0.0,14.572924564765009,0.0,1.6104571861339727,40.80121874806066,0.0,0.0,4.0,0.0,0.0,0.0,0.8,0.5,0.0311029409603693
FAC-REG-008,OTHER_NATURAL,15.054436741769718,15.787143687245859,0.0,11.604663131540619,0.0,1.9781560765544903,23.618027821744228,0.0,0.0,4.0,0.0,0.0,0.0,0.8,0.5,0.059550669356492704
FAC-REG-015,OTHER_NATURAL,16.990232516872126,17.111673777605315,0.0,40.66895451816804,0.0,1.5060653425011132,11.98339882096009,0.0,0.0,4.0,0.0,0.0,0.0,0.8,0.5,0.10240988865930699
FAC-REG-006,OTHER_NATURAL,11.695784494852305,13.313391548315305,0.0,13.101256464366902,0.0,1.707918177992618,15.576137680460187,0.0,0.0,4.0,0.0,0.0,0.0,0.8,0.5,0.08390227814580765
FAC-REG-017,OTHER_NATURAL,12.303372084607794,12.336848072450938,0.0,26.475931904397463,0.0,0.6100760249780128,26.20903131717336,0.0,0.0,4.0,0.0,0.0,0.0,0.8,0.5,0.02980169799588984
FAC-REG-005,OTHER_NATURAL,14.324849008454564,14.626509867691569,0.0,19.577603736015767,0.0,0.7802735291799305,24.218465610225813,0.0,0.0,4.0,0.0,0.0,0.0,0.8,0.5,0.03647344727282735
FAC-REG-006,OTHER_NATURAL,7.84749870134676,7.960344820255218,0.0,38.62695107421358,0.0,1.086053826032164,40.64319996472885,0.0,0.0,4.0,0.0,0.0,0.0,0.8,0.5,0.025641166631006265
FAC-REG-004,OTHER_NATURAL,9.498031368639595,10.355143992819828,0.0,39.94235942682707,0.0,1.853330429810561,11.990687863543021,0.0,0.0,4.0,0.0,0.0,0.0,0.8,0.5,0.11353567086452519
FAC-REG-003,OTHER_NATURAL,8.66678326149926,9.862007525940177,0.0,46.2673255459317,0.0,1.9381973932861194,11.033946553602938,0.0,0.0,4.0,0.0,0.0,0.0,0.8,0.5,0.12617349308964976
FAC-REG-017,OTHER_NATURAL,13.197910131457922,15.663689786698177,0.0,40.28666501650079,0.0,0.6551527499731434,19.24605470250708,0.0,0.0,4.0,0.0,0.0,0.0,0.8,0.5,0.04205615535602886
FAC-REG-002,OTHER_NATURAL,16.16603005089901,16.880002496112617,0.0,16.158293030073686,0.0,1.8647064934252857,47.533488104858364,0.0,0.0,4.0,0.0,0.0,0.0,0.8,0.5,0.028728010886601766
FAC-REG-005,OTHER_NATURAL,9.019700574881247,9.695644819121961,0.0,28.764118998059594,0.0,1.1401864552617793,30.59895139928421,0.0,0.0,4.0,0.0,0.0,0.0,0.8,0.5,0.034896461757001986
FAC-REG-003,OTHER_NATURAL,9.690488741194766,11.292053665671462,0.0,28.085562204897897,0.0,1.2855414983670324,49.29789428188299,0.0,0.0,4.0,0.0,0.0,0.0,0.8,0.5,0.022999303335881037
FAC-REG-016,OTHER_NATURAL,13.328305977161595,15.388746691023819,0.0,35.52438084815799,0.0,1.3820821487702233,19.17647964938425,0.0,0.0,4.0,0.0,0.0,0.0,0.8,0.5,0.06130530322976322
FAC-REG-005,OTHER_NATURAL,9.353130789490756,11.073281651996362,0.0,36.148803710399235,0.0,0.917269515062454,28.917076374557205,0.0,0.0,4.0,0.0,0.0,0.0,0.8,0.5,0.03312028750462359
FAC-REG-006,OTHER_NATURAL,9.361031365374417,10.34476449694175,0.0,37.1867989300609,0.0,1.6317940082401126,16.955687002589794,0.0,0.0,4.0,0.0,0.0,0.0,0.8,0.5,0.07533855324894724
FAC-REG-003,OTHER_NATURAL,9.000743715901663,9.228329729819817,0.0,40.43230165724309,0.0,1.776170573946023,20.280249288897288,0.0,0.0,4.0,0.0,0.0,0.0,0.8,0.5,0.06571568606634709
FAC-REG-018,OTHER_NATURAL,10.753865387152132,11.94020484370628,0.0,14.628495770540884,0.0,1.1025738795280817,28.33620212122115,0.0,0.0,4.0,0.0,0.0,0.0,0.8,0.5,0.03705631318009011
FAC-REG-010,OTHER_NATURAL,14.862431705651813,16.650164015425208,0.0,23.8910893950508,0.0,0.7805518785389856,23.910600836585118,0.0,0.0,4.0,0.0,0.0,0.0,0.8,0.5,0.036949655808420995
FAC-REG-003,OTHER_NATURAL,16.560711006965423,19.115411442079818,0.0,26.460464115968417,0.0,0.7757685903339466,47.65644725674005,0.0,0.0,4.0,0.0,0.0,0.0,0.8,0.5,0.018481807091861206
FAC-REG-004,OTHER_NATURAL,14.0918224385427,15.054582119677308,0.0,27.32708195903549,0.0,0.7150252310805821,16.723897910664395,0.0,0.0,4.0,0.0,0.0,0.0,0.8,0.5,0.05056187559266736
FAC-REG-001,OTHER_NATURAL,6.829040510189702,7.12907396520745,0.0,29.277771175708832,0.0,0.563706365732617,28.50135941513202,0.0,0.0,4.0,0.0,0.0,0.0,0.8,0.5,0.02634273692501428
FAC-REG-018,OTHER_NATURAL,17.875219949568596,21.01835123704945,0.0,11.82410895304345,0.0,1.1345882137950871,44.37242316931089,0.0,0.0,4.0,0.0,0.0,0.0,0.8,0.5,0.024005236432426882
FAC-REG-006,OTHER_NATURAL,6.16609086110731,7.07110526210753,0.0,49.79014752247886,0.0,1.7287079566274484,32.228141628812054,0.0,0.0,4.0,0.0,0.0,0.0,0.8,0.5,0.04079674856860356
FAC-REG-003,OTHER_NATURAL,13.551694578345042,14.129441811515376,0.0,14.670118686320341,0.0,1.1230901449531976,17.463201579724988,0.0,0.0,4.0,0.0,0.0,0.0,0.8,0.5,0.06068529130866877
FAC-REG-008,OTHER_NATURAL,7.0270412782598095,7.38338222657322,0.0,13.560644989355847,0.0,0.9076077747267225,40.71750206472045,0.0,0.0,4.0,0.0,0.0,0.0,0.8,0.5,0.023397420304186744
FAC-REG-016,OTHER_NATURAL,7.36050760897886,8.779937632506648,0.0,33.15492174288758,0.0,1.283165820585566,10.352903557213647,0.0,0.0,4.0,0.0,0.0,0.0,0.8,0.5,0.1094155941718627
FAC-REG-011,OTHER_NATURAL,13.80347122169821,15.729896636504883,0.0,31.43743972516285,0.0,1.8278434763167588,20.0805893471621,0.0,0.0,4.0,0.0,0.0,0.0,0.8,0.5,0.06732758652757545
FAC-REG-012,OTHER_NATURAL,5.8664733626645305,6.920351422104147,0.0,22.51950856721819,0.0,1.3813346029788178,37.172621598640134,0.0,0.0,4.0,0.0,0.0,0.0,0.8,0.5,0.03161740736541841
FAC-REG-013,OTHER_NATURAL,16.55356526202613,18.090962142202407,0.0,30.64498336809947,0.0,0.999145573003519,21.066797687163277,0.0,0.0,4.0,0.0,0.0,0.0,0.8,0.5,0.047447775881767754
FAC-REG-008,OTHER_NATURAL,13.492353473290269,14.339882069414312,0.0,17.685173088074663,0.0,1.500629077003318,32.98150858104823,0.0,0.0,4.0,0.0,0.0,0.0,0.8,0.5,0.037142074962143015
FAC-REG-012,OTHER_NATURAL,7.398955659576373,7.803239785037668,0.0,26.359460149353374,0.0,1.5488641028682109,35.548936352680236,0.0,0.0,4.0,0.0,0.0,0.0,0.8,0.5,0.03500902745943178
FAC-REG-002,OTHER_NATURAL,9.880137868465251,11.623464407523777,0.0,48.01767210193377,0.0,1.5747169503709246,29.70127124038639,0.0,0.0,4.0,0.0,0.0,0.0,0.8,0.5,0.04224995135414442
FAC-REG-013,OTHER_NATURAL,15.690725679561597,17.40502879510976,0.0,18.737529799547215,0.0,1.3136151930174629,24.844466551063526,0.0,0.0,4.0,0.0,0.0,0.0,0.8,0.5,0.04613222538613505
FAC-REG-012,OTHER_NATURAL,11.185319292551565,13.055757030092979,0.0,37.12290049287667,0.0,1.526816649546986,18.6862133396426,0.0,0.0,4.0,0.0,0.0,0.0,0.8,0.5,0.06612598293958988
FAC-REG-012,OTHER_NATURAL,15.941777720529354,18.457405818545055,0.0,23.208609006401097,0.0,1.303447479270848,15.484127522973147,0.0,0.0,4.0,0.0,0.0,0.0,0.8,0.5,0.07373268155413841
FAC-REG-010,OTHER_NATURAL,7.213242537502647,7.50555027450525,0.0,46.73210968039092,0.0,1.7874195842839327,17.961772232814095,0.0,0.0,4.0,0.0,0.0,0.0,0.8,0.5,0.07443275108225289
FAC-REG-010,OTHER_NATURAL,16.383494039769616,16.73922276660504,0.0,41.669315719986116,0.0,0.7561318264942947,11.468319312185136,0.0,0.0,4.0,0.0,0.0,0.0,0.8,0.5,0.07582265415118918
FAC-REG-015,OTHER_NATURAL,14.945561469616367,16.15652879601644,0.0,44.90082067384728,0.0,1.2870613117733987,10.890014077053237,0.0,0.0,4.0,0.0,0.0,0.0,0.8,0.5,0.10417683927360591
FAC-REG-001,OTHER_NATURAL,8.996844734497575,10.003403166743295,0.0,47.30929081681447,0.0,0.9587871619922635,11.945098865411108,0.0,0.0,4.0,0.0,0.0,0.0,0.8,0.5,0.081973099489203
FAC-REG-004,OTHER_NATURAL,17.40500764719348,18.697969797480212,0.0,43.17600880795743,0.0,0.7861883982137581,42.287190808099645,0.0,0.0,4.0,0.0,0.0,0.0,0.8,0.5,0.02096787794767077
FAC-REG-003,OTHER_NATURAL,15.489328112495434,17.424861255330008,0.0,20.774741808107756,0.0,0.9260529359761664,14.960119784965702,0.0,0.0,4.0,0.0,0.0,0.0,0.8,0.5,0.06432545036915091
FAC-REG-014,OTHER_NATURAL,13.371973397196156,16.031672556598775,0.0,10.480366523370567,0.0,1.311379719930948,32.94666390196039,0.0,0.0,4.0,0.0,0.0,0.0,0.8,0.5,0.03475784050441517
FAC-REG-005,OTHER_NATURAL,13.691649441257635,14.754936852155772,0.0,20.20461573352003,0.0,1.0986975536000463,42.30648310662184,0.0,0.0,4.0,0.0,0.0,0.0,0.8,0.5,0.02477605488178244
FAC-REG-006,OTHER_NATURAL,10.31254986872787,10.421020302695723,0.0,32.01969877863671,0.0,0.9609404648634396,31.34409606101711,0.0,0.0,4.0,0.0,0.0,0.0,0.8,0.5,0.03127465238390466
FAC-REG-014,OTHER_NATURAL,10.699445241124849,10.841222941530605,0.0,48.28027671277419,0.0,1.6895925813553214,25.93241471454285,0.0,0.0,4.0,0.0,0.0,0.0,0.8,0.5,0.05012426746156669
FAC-REG-016,OTHER_NATURAL,9.491964754532141,10.198395111523702,0.0,34.38925412759683,0.0,0.911521079233035,37.94285940522931,0.0,0.0,4.0,0.0,0.0,0.0,0.8,0.5,0.02516247182341237
FAC-REG-010,OTHER_NATURAL,6.404329151655996,7.089436114940556,0.0,32.219747295776045,0.0,0.6599826044445359,48.56705044524604,0.0,0.0,4.0,0.0,0.0,0.0,0.8,0.5,0.016727248756533815
FAC-REG-009,OTHER_NATURAL,13.797577082838526,15.291673868104658,0.0,10.738636195729438,0.0,0.5929625539842791,45.523215290352205,0.0,0.0,4.0,0.0,0.0,0.0,0.8,0.5,0.01691533898665925
FAC-REG-018,OTHER_NATURAL,6.337036636803462,6.883003283312745,0.0,23.49658834745737,0.0,1.4838760287229602,47.009879478046614,0.0,0.0,4.0,0.0,0.0,0.0,0.8,0.5,0.02591252128112918
FAC-REG-004,OTHER_NATURAL,6.474178255483814,7.035783519043355,0.0,28.291991919875915,0.0,1.3264162907609045,14.22330851617712,0.0,0.0,4.0,0.0,0.0,0.0,0.8,0.5,0.08097282535201471
FAC-REG-008,OTHER_NATURAL,12.715318070156712,13.757582771139425,0.0,29.66751144135085,0.0,1.8089182623163778,22.0559350966873,0.0,0.0,4.0,0.0,0.0,0.0,0.8,0.5,0.06097951930319194
FAC-REG-004,OTHER_NATURAL,15.034597902228308,16.588136136102563,0.0,34.38781820579936,0.0,1.5856195781116784,11.001004062554664,0.0,0.0,4.0,0.0,0.0,0.0,0.8,0.5,0.114463540409741
FAC-REG-015,OTHER_NATURAL,13.808971282053948,13.915115589799019,0.0,32.729112626666456,0.0,1.0976377531091954,49.11438535247874,0.0,0.0,4.0,0.0,0.0,0.0,0.8,0.5,0.021331470981016454
FAC-REG-003,OTHER_NATURAL,10.96347471460313,13.115695563398662,0.0,17.972954358022953,0.0,0.5978827836875089,44.37690363445218,0.0,0.0,4.0,0.0,0.0,0.0,0.8,0.5,0.01742412698725271
FAC-REG-014,OTHER_NATURAL,17.275495321579363,18.691778393253045,0.0,37.185638199986926,0.0,1.9670512833285274,43.19689251933962,0.0,0.0,4.0,0.0,0.0,0.0,0.8,0.5,0.03246798491217323
FAC-REG-002,OTHER_NATURAL,5.21961361592974,5.7203835159145004,0.0,44.35649304382566,0.0,1.843752015035243,48.24904788304615,0.0,0.0,4.0,0.0,0.0,0.0,0.8,0.5,0.028142489084703105
FAC-REG-001,OTHER_NATURAL,10.001251448248075,10.267591033010667,0.0,25.421920053616116,0.0,1.9144331821034286,45.59188322369558,0.0,0.0,4.0,0.0,0.0,0.0,0.8,0.5,0.03034817466814158
FAC-REG-017,OTHER_NATURAL,6.135255843260099,7.271605042101824,0.0,28.224101500066485,0.0,1.0450006728743966,35.18269580675087,0.0,0.0,4.0,0.0,0.0,0.0,0.8,0.5,0.02905555474604836
FAC-REG-011,OTHER_NATURAL,12.03117452472601,12.57338806643996,0.0,48.971502240504,0.0,1.0855098710179312,46.38659886436465,0.0,0.0,4.0,0.0,0.0,0.0,0.8,0.5,0.02246075537938488
FAC-REG-005,OTHER_NATURAL,15.520656436828633,18.439621256978278,0.0,15.624232163061071,0.0,0.6067651982955151,32.308190476266844,0.0,0.0,4.0,0.0,0.0,0.0,0.8,0.5,0.024110027017472512
FAC-REG-010,OTHER_NATURAL,13.037754675483066,13.379440915017467,0.0,23.72705548129325,0.0,1.5136771305068473,13.920937623317275,0.0,0.0,4.0,0.0,0.0,0.0,0.8,0.5,0.08837880748002613
FAC-REG-011,OTHER_NATURAL,11.516126206529592,12.067004237579749,0.0,33.60373597952031,0.0,1.1649289791188593,27.868862239594947,0.0,0.0,4.0,0.0,0.0,0.0,0.8,0.5,0.03872848298138947
FAC-REG-016,OTHER_NATURAL,14.791633346826446,15.43970396023097,0.0,29.93298838593001,0.0,1.7369236089436693,42.653375955803305,0.0,0.0,4.0,0.0,0.0,0.0,0.8,0.5,0.030898468113913505
FAC-REG-017,OTHER_NATURAL,10.114825991907265,10.381557978293209,0.0,30.307352985403377,0.0,1.538660528777195,35.2074227621829,0.0,0.0,4.0,0.0,0.0,0.0,0.8,0.5,0.03523198977777753
FAC-REG-005,OTHER_NATURAL,17.109446614057628,18.652019730892427,0.0,36.79148012709675,0.0,0.9033246684190015,26.411924273252293,0.0,0.0,4.0,0.0,0.0,0.0,0.8,0.5,0.035985031876931584
FAC-REG-011,OTHER_NATURAL,17.099204151948342,19.62005420742413,0.0,32.57611702042399,0.0,1.8300046349783123,36.62225555154977,0.0,0.0,4.0,0.0,0.0,0.0,0.8,0.5,0.036938648879200904
FAC-REG-016,OTHER_NATURAL,7.994872690758312,8.921327542127568,0.0,41.92683210471381,0.0,1.6799195918268528,24.580038581951698,0.0,0.0,4.0,0.0,0.0,0.0,0.8,0.5,0.05273047545726429
FAC-REG-005,OTHER_NATURAL,7.801313085258801,8.727634726899135,0.0,12.687883924108526,0.0,1.5718125521750077,38.12554173149923,0.0,0.0,4.0,0.0,0.0,0.0,0.8,0.5,0.032883978301629146
FAC-REG-009,OTHER_NATURAL,16.60480949348372,18.2725339307792,0.0,35.83059802771747,0.0,0.8143677229075068,26.6936134064,0.0,0.0,4.0,0.0,0.0,0.0,0.8,0.5,0.033806710117730746
FAC-REG-017,OTHER_NATURAL,8.699290916900834,9.7005362884644,0.0,14.92938672039216,0.0,1.5353161650492018,39.27871353410848,0.0,0.0,4.0,0.0,0.0,0.0,0.8,0.5,0.03154580802450954
FAC-REG-012,OTHER_NATURAL,17.006717195997254,19.527380725758665,0.0,22.644063271312973,0.0,1.6450085798640646,10.885598121354857,0.0,0.0,4.0,0.0,0.0,0.0,0.8,0.5,0.11782346402232613
FAC-REG-017,OTHER_NATURAL,10.402273917603114,11.2018738868131,0.0,39.5356654774423,0.0,1.6613233372495382,34.28114617538186,0.0,0.0,4.0,0.0,0.0,0.0,0.8,0.5,0.037598606482404984
FAC-REG-010,OTHER_NATURAL,13.92103264125382,14.016239836160864,0.0,42.75331596856471,0.0,0.8003992320769941,33.16884758284427,0.0,0.0,4.0,0.0,0.0,0.0,0.8,0.5,0.026972608512986235
FAC-REG-009,OTHER_NATURAL,17.238532732858538,18.941647653718913,0.0,13.420980703044322,0.0,1.8030195766167059,21.153326912712668,0.0,0.0,4.0,0.0,0.0,0.0,0.8,0.5,0.06347775223500358
FAC-REG-009,OTHER_NATURAL,12.339428961892448,12.52219190781618,0.0,29.27027636490706,0.0,1.843615167686469,17.526863833844956,0.0,0.0,4.0,0.0,0.0,0.0,0.8,0.5,0.07746953043522434
FAC-REG-012,OTHER_NATURAL,11.985989951711785,12.369849047279462,0.0,10.30921069361396,0.0,1.1346701464936793,15.488689264402637,0.0,0.0,4.0,0.0,0.0,0.0,0.8,0.5,0.06877334487631533
FAC-REG-004,OTHER_NATURAL,7.471110363797982,8.445006176510867,0.0,11.170484366693287,0.0,0.9378949566096101,31.806940289304798,0.0,0.0,4.0,0.0,0.0,0.0,0.8,0.5,0.030447750113120807
FAC-REG-006,OTHER_NATURAL,5.424515449724634,5.499716875869806,0.0,20.302709025980676,0.0,1.3158476310697214,39.58204594939971,0.0,0.0,4.0,0.0,0.0,0.0,0.8,0.5,0.028980412502065733
FAC-REG-002,OTHER_NATURAL,15.163922485248841,15.910555686326978,0.0,36.790756095584044,0.0,0.9855743207341507,30.366365168386352,0.0,0.0,4.0,0.0,0.0,0.0,0.8,0.5,0.03269278206335143
FAC-REG-012,OTHER_NATURAL,14.602606696303727,17.252365221414486,0.0,46.84118064215208,0.0,1.302660170000905,30.46033459062555,0.0,0.0,4.0,0.0,0.0,0.0,0.8,0.5,0.03746975881863394
FAC-REG-014,OTHER_NATURAL,8.258375316507735,8.636914861353036,0.0,19.994244406433378,0.0,1.3034142493499805,33.278414160767696,0.0,0.0,4.0,0.0,0.0,0.0,0.8,0.5,0.034306673544791756
FAC-REG-014,OTHER_NATURAL,10.01840363734085,11.874971956098857,0.0,36.07817379936681,0.0,1.8689905938508335,43.33888406720193,0.0,0.0,4.0,0.0,0.0,0.0,0.8,0.5,0.03154465873504863
FAC-REG-019,OTHER_NATURAL,9.629376693746472,10.093725358858237,0.0,18.89565742048129,0.0,1.9282607561844218,48.342953725174326,0.0,0.0,4.0,0.0,0.0,0.0,0.8,0.5,0.02872431623033469
FAC-REG-016,OTHER_NATURAL,6.788177449176816,8.143462839673074,0.0,11.967559609280883,0.0,1.1617153990536149,28.083740895615364,0.0,0.0,4.0,0.0,0.0,0.0,0.8,0.5,0.03837911143171611
FAC-REG-013,OTHER_NATURAL,10.440379935708421,10.52062243794206,0.0,27.35285841939222,0.0,1.510234717269775,26.879286644262844,0.0,0.0,4.0,0.0,0.0,0.0,0.8,0.5,0.045719817285339893
FAC-REG-006,OTHER_NATURAL,14.303310068870472,16.84655908359199,0.0,43.431497458088,0.0,1.4124635421553393,25.53572721535548,0.0,0.0,4.0,0.0,0.0,0.0,0.8,0.5,0.04654150180834899
FAC-REG-012,OTHER_NATURAL,14.993552313924434,17.625057313967766,0.0,14.151277127066875,0.0,1.0772843937395802,41.04466393654002,0.0,0.0,4.0,0.0,0.0,0.0,0.8,0.5,0.025287650475808762
FAC-REG-003,OTHER_NATURAL,9.318960932861689,10.085580961360762,0.0,34.11378987145403,0.0,1.9997077162007022,29.71969716418127,0.0,0.0,4.0,0.0,0.0,0.0,0.8,0.5,0.04758158243864522
FAC-REG-008,OTHER_NATURAL,7.117005478628231,7.177286155589864,0.0,32.352689396732856,0.0,1.3168581372332513,18.209357071212366,0.0,0.0,4.0,0.0,0.0,0.0,0.8,0.5,0.06301948992279482
FAC-REG-006,OTHER_NATURAL,6.893477183836635,7.351668937674514,0.0,28.2105738950073,0.0,1.3001110627182386,30.4323686284615,0.0,0.0,4.0,0.0,0.0,0.0,0.8,0.5,0.03746747886118877
FAC-REG-004,OTHER_NATURAL,14.890421732829324,16.2386762391683,0.0,41.73379311443904,0.0,1.653534858173972,36.71024100794142,0.0,0.0,4.0,0.0,0.0,0.0,0.8,0.5,0.0350283307353288
FAC-REG-001,OTHER_NATURAL,12.584068314804437,13.78726265883868,0.0,31.958985399445563,0.0,0.7971195958401518,31.87467597672513,0.0,0.0,4.0,0.0,0.0,0.0,0.8,0.5,0.028010184159422847
FAC-REG-006,OTHER_NATURAL,7.311378401348234,7.386304736234828,0.0,37.31846374168259,0.0,0.876618536044018,29.986809749162138,0.0,0.0,4.0,0.0,0.0,0.0,0.8,0.5,0.031223031016811603
FAC-REG-013,OTHER_NATURAL,7.573652321954579,8.968366737991007,0.0,27.67185961770422,0.0,1.61418625212455,31.87983401354082,0.0,0.0,4.0,0.0,0.0,0.0,0.8,0.5,0.03985297718345797
FAC-REG-019,OTHER_NATURAL,13.724172268446944,16.353483641751712,0.0,40.7854786716565,0.0,1.4060269948627673,49.625124330634264,0.0,0.0,4.0,0.0,0.0,0.0,0.8,0.5,0.02389435004158384
FAC-REG-006,OTHER_NATURAL,11.091110347289138,13.015075287664404,0.0,43.95009866675373,0.0,1.2672793361943104,38.26750833842174,0.0,0.0,4.0,0.0,0.0,0.0,0.8,0.5,0.029417515518960317
FAC-REG-001,OTHER_NATURAL,13.949157164049808,14.70906422509125,0.0,43.28248387016603,0.0,0.6255861996633649,40.925546915411104,0.0,0.0,4.0,0.0,0.0,0.0,0.8,0.5,0.019326316518269448
FAC-REG-006,OTHER_NATURAL,12.058849248703272,12.816164095457543,0.0,20.8566003007869,0.0,1.4687522778753446,19.24947749564145,0.0,0.0,4.0,0.0,0.0,0.0,0.8,0.5,0.06295863897644687
FAC-REG-005,OTHER_NATURAL,13.390743831385453,15.928351332767942,0.0,11.650789894984875,0.0,1.8782792838246565,34.36326620084054,0.0,0.0,4.0,0.0,0.0,0.0,0.8,0.5,0.03988280065693989
FAC-REG-006,OTHER_NATURAL,9.99037439464561,10.933151989467833,0.0,44.75403007204656,0.0,1.1222719547147346,31.3863826699634,0.0,0.0,4.0,0.0,0.0,0.0,0.8,0.5,0.033752643287052374
FAC-REG-011,OTHER_NATURAL,14.0156810064746,14.040664754440757,0.0,17.54526040463951,0.0,1.5339115736924216,12.635485572609312,0.0,0.0,4.0,0.0,0.0,0.0,0.8,0.5,0.09801853923353562
FAC-REG-002,OTHER_NATURAL,10.790270571511853,11.556584293029173,0.0,29.826453761403535,0.0,1.8054935518311415,41.034457546346076,0.0,0.0,4.0,0.0,0.0,0.0,0.8,0.5,0.032745322663379324
FAC-REG-019,OTHER_NATURAL,16.574019571069336,18.137835170298295,0.0,39.75448579543993,0.0,0.7100588468965282,36.828781028281924,0.0,0.0,4.0,0.0,0.0,0.0,0.8,0.5,0.022880200546299335
FAC-REG-002,OTHER_NATURAL,10.69895166283211,10.73503466921312,0.0,16.064425517219043,0.0,0.6381207396854296,19.589766917530337,0.0,0.0,4.0,0.0,0.0,0.0,0.8,0.5,0.04077764693098997
FAC-REG-018,OTHER_NATURAL,15.425532065293417,17.749533842838026,0.0,37.834544663947966,0.0,1.2312047124733159,24.608678205359414,0.0,0.0,4.0,0.0,0.0,0.0,0.8,0.5,0.045089648244584286
FAC-REG-007,OTHER_NATURAL,17.130222950428106,17.902806634867574,0.0,34.57685192892118,0.0,0.5420079792086876,47.27154172204696,0.0,0.0,4.0,0.0,0.0,0.0,0.8,0.5,0.015574104103031828
FAC-REG-014,OTHER_NATURAL,8.618251916482306,8.929016230422057,0.0,46.06272342111154,0.0,0.7535562745438266,45.317044755794505,0.0,0.0,4.0,0.0,0.0,0.0,0.8,0.5,0.01915562226856674
FAC-REG-008,OTHER_NATURAL,9.988388271352907,10.226425638577995,0.0,19.797561827746254,0.0,0.6502149316075267,42.29994926626643,0.0,0.0,4.0,0.0,0.0,0.0,0.8,0.5,0.019062884772305128
FAC-REG-006,OTHER_NATURAL,10.813863707630738,12.046435888033514,0.0,34.22700888692688,0.0,1.0482931953609187,13.053425686658112,0.0,0.0,4.0,0.0,0.0,0.0,0.8,0.5,0.07843626087608842
FAC-REG-015,OTHER_NATURAL,17.166387602279293,20.44746333715783,0.0,44.26425119325476,0.0,1.765802450776396,13.946851034722245,0.0,0.0,4.0,0.0,0.0,0.0,0.8,0.5,0.09527849650543367
FAC-REG-015,OTHER_NATURAL,5.749882699586069,5.964244552677951,0.0,32.42034936311892,0.0,1.799283372898371,45.31222716753939,0.0,0.0,4.0,0.0,0.0,0.0,0.8,0.5,0.029602907925947466
FAC-REG-002,OTHER_NATURAL,6.664208847644672,7.296836493355048,0.0,32.32565973611769,0.0,1.168885939927014,12.77947299010612,0.0,0.0,4.0,0.0,0.0,0.0,0.8,0.5,0.08460053762614315
FAC-REG-017,OTHER_NATURAL,16.743433178188333,16.77185017344202,0.0,18.667369759560106,0.0,1.7407800713679826,36.823202033077415,0.0,0.0,4.0,0.0,0.0,0.0,0.8,0.5,0.035830296528757286
FAC-REG-010,OTHER_NATURAL,6.425629785234745,6.8354272602807455,0.0,17.0532341507216,0.0,1.1126161817722888,14.465467486835145,0.0,0.0,4.0,0.0,0.0,0.0,0.8,0.5,0.07291891744602241
FAC-REG-014,OTHER_NATURAL,9.600319664827072,10.029098832786357,0.0,35.6871764780126,0.0,1.926367232221748,18.284538941983474,0.0,0.0,4.0,0.0,0.0,0.0,0.8,0.5,0.07590764666200368
FAC-REG-001,OTHER_NATURAL,9.450962958119447,9.955001068889782,0.0,49.39463761379371,0.0,1.866703655195125,11.159709799959195,0.0,0.0,4.0,0.0,0.0,0.0,0.8,0.5,0.12242913686530126
FAC-REG-010,OTHER_NATURAL,13.463432874041438,15.24656389992972,0.0,26.145421050100182,0.0,0.9751866117419212,47.34976792911254,0.0,0.0,4.0,0.0,0.0,0.0,0.8,0.5,0.02085575951275278
FAC-REG-002,OTHER_NATURAL,14.238674197256858,17.034037562204144,0.0,38.46051601247274,0.0,1.1273833298840719,37.957106437808676,0.0,0.0,4.0,0.0,0.0,0.0,0.8,0.5,0.027973235830982945
FAC-REG-017,OTHER_NATURAL,14.231844473312865,16.399870592619653,0.0,47.53460060761037,0.0,0.670476891967525,38.19137173790907,0.0,0.0,4.0,0.0,0.0,0.0,0.8,0.5,0.021440092257529634
FAC-REG-015,OTHER_NATURAL,13.414308647862983,14.416273186834433,0.0,39.71512302873403,0.0,1.2350637802543658,27.209140136083285,0.0,0.0,4.0,0.0,0.0,0.0,0.8,0.5,0.04084415121937112
FAC-REG-017,OTHER_NATURAL,12.806147222253562,13.465865584253203,0.0,23.33828082126589,0.0,1.1622780447662975,31.16760394986268,0.0,0.0,4.0,0.0,0.0,0.0,0.8,0.5,0.03459008270857583
FAC-REG-013,OTHER_NATURAL,9.293476048197908,9.527141745077568,0.0,29.014414298225965,0.0,1.626535788707621,25.106396435492847,0.0,0.0,4.0,0.0,0.0,0.0,0.8,0.5,0.05079809542977907
FAC-REG-019,OTHER_NATURAL,12.565267339575179,14.540817491858421,0.0,16.769903897715782,0.0,0.6628330366589728,39.97161442197001,0.0,0.0,4.0,0.0,0.0,0.0,0.8,0.5,0.020368093675158412
FAC-REG-007,OTHER_NATURAL,17.042801382289333,17.332171292556367,0.0,20.848811057073693,0.0,1.651622137319651,32.5040596959426,0.0,0.0,4.0,0.0,0.0,0.0,0.8,0.5,0.039538277091278634
FAC-REG-013,FALSE_POSITIVE,3.6869180846835787,4.055609893151937,0.0,5.4526738143089775,0.0,0.5,0.0,0.0,0.0,0.0,0.0,0.0,0.0,0.8,0.0,1.4142135623730951
FAC-REG-009,FALSE_POSITIVE,3.2616967561922907,3.58786643181152,0.0,1.333682529814963,1.0,0.5,0.0,0.0,0.0,0.0,0.0,0.0,0.0,0.8,0.0,1.4142135623730951
FAC-REG-018,FALSE_POSITIVE,3.2846974604776134,3.613167206525375,0.0,5.741931169743984,0.0,0.5,0.0,0.0,0.0,0.0,0.0,0.0,0.0,0.8,0.0,1.4142135623730951
FAC-REG-011,FALSE_POSITIVE,3.457985557164979,3.803784112881477,0.0,2.861218452136206,0.0,0.5,0.0,0.0,0.0,0.0,0.0,0.0,0.0,0.8,0.0,1.4142135623730951
FAC-REG-003,FALSE_POSITIVE,6.908658708465005,7.599524579311506,0.0,9.17215755466168,0.0,0.5,0.0,0.0,0.0,0.0,0.0,0.0,0.0,0.8,0.0,1.4142135623730951
FAC-REG-004,FALSE_POSITIVE,5.636388177109507,6.200026994820458,0.0,1.346798457581849,1.0,0.5,0.0,0.0,0.0,0.0,0.0,0.0,0.0,0.8,0.0,1.4142135623730951
FAC-REG-004,FALSE_POSITIVE,2.1025611207221324,2.312817232794346,0.0,4.3716579103750535,0.0,0.5,0.0,0.0,0.0,0.0,0.0,0.0,0.0,0.8,0.0,1.4142135623730951
FAC-REG-004,FALSE_POSITIVE,4.4072889662679735,4.848017862894771,0.0,8.057851943771562,0.0,0.5,0.0,0.0,0.0,0.0,0.0,0.0,0.0,0.8,0.0,1.4142135623730951
FAC-REG-019,FALSE_POSITIVE,2.8039920872340245,3.084391295957427,0.0,1.340930999349142,1.0,0.5,0.0,0.0,0.0,0.0,0.0,0.0,0.0,0.8,0.0,1.4142135623730951
FAC-REG-011,FALSE_POSITIVE,5.2130503337869865,5.734355367165685,0.0,8.649108904184612,0.0,0.5,0.0,0.0,0.0,0.0,0.0,0.0,0.0,0.8,0.0,1.4142135623730951
FAC-REG-014,FALSE_POSITIVE,5.236559087457418,5.76021499620316,0.0,8.676669309150425,0.0,0.5,0.0,0.0,0.0,0.0,0.0,0.0,0.0,0.8,0.0,1.4142135623730951
FAC-REG-004,FALSE_POSITIVE,3.585559267097934,3.9441151938077277,0.0,8.431224675666495,0.0,0.5,0.0,0.0,0.0,0.0,0.0,0.0,0.0,0.8,0.0,1.4142135623730951
FAC-REG-012,FALSE_POSITIVE,7.633299890423402,8.396629879465742,0.0,9.930883886139465,0.0,0.5,0.0,0.0,0.0,0.0,0.0,0.0,0.0,0.8,0.0,1.4142135623730951
FAC-REG-007,FALSE_POSITIVE,4.789169162777442,5.268086079055187,0.0,9.712719726959088,0.0,0.5,0.0,0.0,0.0,0.0,0.0,0.0,0.0,0.8,0.0,1.4142135623730951
FAC-REG-014,FALSE_POSITIVE,4.093172580621639,4.502489838683803,0.0,8.384221294376108,0.0,0.5,0.0,0.0,0.0,0.0,0.0,0.0,0.0,0.8,0.0,1.4142135623730951
FAC-REG-019,FALSE_POSITIVE,4.538314365752089,4.992145802327298,0.0,5.488334531983803,0.0,0.5,0.0,0.0,0.0,0.0,0.0,0.0,0.0,0.8,0.0,1.4142135623730951
FAC-REG-019,FALSE_POSITIVE,7.989187081316571,8.788105789448228,0.0,9.776818307855946,0.0,0.5,0.0,0.0,0.0,0.0,0.0,0.0,0.0,0.8,0.0,1.4142135623730951
FAC-REG-003,FALSE_POSITIVE,4.254769413728344,4.680246355101178,0.0,5.987750962627066,0.0,0.5,0.0,0.0,0.0,0.0,0.0,0.0,0.0,0.8,0.0,1.4142135623730951
FAC-REG-015,FALSE_POSITIVE,7.931542874157992,8.724697161573792,0.0,8.977422140113848,0.0,0.5,0.0,0.0,0.0,0.0,0.0,0.0,0.0,0.8,0.0,1.4142135623730951
FAC-REG-019,FALSE_POSITIVE,5.2612414263834255,5.787365569021769,0.0,4.99949217710379,0.0,0.5,0.0,0.0,0.0,0.0,0.0,0.0,0.0,0.8,0.0,1.4142135623730951
FAC-REG-015,FALSE_POSITIVE,6.275636441522555,6.903200085674811,0.0,4.516432235373237,0.0,0.5,0.0,0.0,0.0,0.0,0.0,0.0,0.0,0.8,0.0,1.4142135623730951
FAC-REG-005,FALSE_POSITIVE,6.848088494376701,7.532897343814372,0.0,2.977895260237583,0.0,0.5,0.0,0.0,0.0,0.0,0.0,0.0,0.0,0.8,0.0,1.4142135623730951
FAC-REG-017,FALSE_POSITIVE,4.174779561379558,4.592257517517514,0.0,1.9431074843949263,1.0,0.5,0.0,0.0,0.0,0.0,0.0,0.0,0.0,0.8,0.0,1.4142135623730951
FAC-REG-003,FALSE_POSITIVE,5.102088343320296,5.612297177652326,0.0,2.3685211242051833,0.0,0.5,0.0,0.0,0.0,0.0,0.0,0.0,0.0,0.8,0.0,1.4142135623730951
FAC-REG-001,FALSE_POSITIVE,5.663712381178124,6.230083619295937,0.0,9.68509620632399,0.0,0.5,0.0,0.0,0.0,0.0,0.0,0.0,0.0,0.8,0.0,1.4142135623730951
FAC-REG-002,FALSE_POSITIVE,6.697930143594416,7.367723157953858,0.0,2.217371570986905,0.0,0.5,0.0,0.0,0.0,0.0,0.0,0.0,0.0,0.8,0.0,1.4142135623730951
FAC-REG-009,FALSE_POSITIVE,5.393811612206863,5.9331927734275505,0.0,1.7195377860593832,1.0,0.5,0.0,0.0,0.0,0.0,0.0,0.0,0.0,0.8,0.0,1.4142135623730951
FAC-REG-005,FALSE_POSITIVE,6.993577315820892,7.692935047402982,0.0,5.951328657294932,0.0,0.5,0.0,0.0,0.0,0.0,0.0,0.0,0.0,0.8,0.0,1.4142135623730951
FAC-REG-010,FALSE_POSITIVE,7.618860720245884,8.380746792270473,0.0,3.5154532703056596,0.0,0.5,0.0,0.0,0.0,0.0,0.0,0.0,0.0,0.8,0.0,1.4142135623730951
FAC-REG-014,FALSE_POSITIVE,5.699527028427479,6.269479731270227,0.0,2.721559506312038,0.0,0.5,0.0,0.0,0.0,0.0,0.0,0.0,0.0,0.8,0.0,1.4142135623730951
FAC-REG-019,FALSE_POSITIVE,4.456238761569001,4.901862637725901,0.0,4.261291368149475,0.0,0.5,0.0,0.0,0.0,0.0,0.0,0.0,0.0,0.8,0.0,1.4142135623730951
FAC-REG-015,FALSE_POSITIVE,7.500087950481964,8.250096745530161,0.0,2.7160260682119106,0.0,0.5,0.0,0.0,0.0,0.0,0.0,0.0,0.0,0.8,0.0,1.4142135623730951
FAC-REG-006,FALSE_POSITIVE,5.736202377397641,6.3098226151374055,0.0,1.965116021636579,1.0,0.5,0.0,0.0,0.0,0.0,0.0,0.0,0.0,0.8,0.0,1.4142135623730951
FAC-REG-004,FALSE_POSITIVE,4.136834972089809,4.55051846929879,0.0,9.655792674451934,0.0,0.5,0.0,0.0,0.0,0.0,0.0,0.0,0.0,0.8,0.0,1.4142135623730951
FAC-REG-002,FALSE_POSITIVE,7.088167415943688,7.796984157538057,0.0,9.242852570441107,0.0,0.5,0.0,0.0,0.0,0.0,0.0,0.0,0.0,0.8,0.0,1.4142135623730951
FAC-REG-011,FALSE_POSITIVE,5.237883755703139,5.761672131273453,0.0,1.328629318996366,1.0,0.5,0.0,0.0,0.0,0.0,0.0,0.0,0.0,0.8,0.0,1.4142135623730951
FAC-REG-001,FALSE_POSITIVE,4.41025720048004,4.851282920528044,0.0,5.063772337922042,0.0,0.5,0.0,0.0,0.0,0.0,0.0,0.0,0.0,0.8,0.0,1.4142135623730951
FAC-REG-009,FALSE_POSITIVE,4.066201329909524,4.472821462900477,0.0,6.658079891752291,0.0,0.5,0.0,0.0,0.0,0.0,0.0,0.0,0.0,0.8,0.0,1.4142135623730951
FAC-REG-004,FALSE_POSITIVE,7.365696312102068,8.102265943312275,0.0,8.544184536452875,0.0,0.5,0.0,0.0,0.0,0.0,0.0,0.0,0.0,0.8,0.0,1.4142135623730951
FAC-REG-015,FALSE_POSITIVE,6.713610754538135,7.384971829991949,0.0,9.053572212302193,0.0,0.5,0.0,0.0,0.0,0.0,0.0,0.0,0.0,0.8,0.0,1.4142135623730951
FAC-REG-014,FALSE_POSITIVE,7.77911233717934,8.557023570897275,0.0,3.8154060261344966,0.0,0.5,0.0,0.0,0.0,0.0,0.0,0.0,0.0,0.8,0.0,1.4142135623730951
FAC-REG-016,FALSE_POSITIVE,4.87299689499009,5.360296584489099,0.0,2.6690416510709554,0.0,0.5,0.0,0.0,0.0,0.0,0.0,0.0,0.0,0.8,0.0,1.4142135623730951
FAC-REG-001,FALSE_POSITIVE,7.2604991787897815,7.98654909666876,0.0,2.0234761440966205,0.0,0.5,0.0,0.0,0.0,0.0,0.0,0.0,0.0,0.8,0.0,1.4142135623730951
FAC-REG-004,FALSE_POSITIVE,5.621611521327425,6.183772673460169,0.0,9.346635212199532,0.0,0.5,0.0,0.0,0.0,0.0,0.0,0.0,0.0,0.8,0.0,1.4142135623730951
FAC-REG-016,FALSE_POSITIVE,4.011098775312611,4.412208652843873,0.0,3.691612857857375,0.0,0.5,0.0,0.0,0.0,0.0,0.0,0.0,0.0,0.8,0.0,1.4142135623730951
FAC-REG-001,FALSE_POSITIVE,6.192361542223274,6.811597696445602,0.0,2.041667830983225,0.0,0.5,0.0,0.0,0.0,0.0,0.0,0.0,0.0,0.8,0.0,1.4142135623730951
FAC-REG-011,FALSE_POSITIVE,3.6737926231898053,4.041171885508786,0.0,3.2453375902970962,0.0,0.5,0.0,0.0,0.0,0.0,0.0,0.0,0.0,0.8,0.0,1.4142135623730951
FAC-REG-004,FALSE_POSITIVE,2.1298359496709827,2.3428195446380813,0.0,2.7148993843718223,0.0,0.5,0.0,0.0,0.0,0.0,0.0,0.0,0.0,0.8,0.0,1.4142135623730951
FAC-REG-011,FALSE_POSITIVE,5.51666321538881,6.068329536927692,0.0,7.935989248421823,0.0,0.5,0.0,0.0,0.0,0.0,0.0,0.0,0.0,0.8,0.0,1.4142135623730951
FAC-REG-004,FALSE_POSITIVE,4.2181206964225195,4.639932766064772,0.0,2.524802490911323,0.0,0.5,0.0,0.0,0.0,0.0,0.0,0.0,0.0,0.8,0.0,1.4142135623730951
FAC-REG-019,FALSE_POSITIVE,3.362191005693612,3.6984101062629735,0.0,5.757228182182756,0.0,0.5,0.0,0.0,0.0,0.0,0.0,0.0,0.0,0.8,0.0,1.4142135623730951
FAC-REG-007,FALSE_POSITIVE,5.278801106004187,5.8066812166046065,0.0,3.746172601537383,0.0,0.5,0.0,0.0,0.0,0.0,0.0,0.0,0.0,0.8,0.0,1.4142135623730951
FAC-REG-018,FALSE_POSITIVE,4.928935736523854,5.42182931017624,0.0,1.0476056081752376,1.0,0.5,0.0,0.0,0.0,0.0,0.0,0.0,0.0,0.8,0.0,1.4142135623730951
FAC-REG-017,FALSE_POSITIVE,3.1442960613787694,3.4587256675166467,0.0,9.172176760750528,0.0,0.5,0.0,0.0,0.0,0.0,0.0,0.0,0.0,0.8,0.0,1.4142135623730951
FAC-REG-006,FALSE_POSITIVE,5.151054739605344,5.666160213565879,0.0,8.430010570381192,0.0,0.5,0.0,0.0,0.0,0.0,0.0,0.0,0.0,0.8,0.0,1.4142135623730951
FAC-REG-003,FALSE_POSITIVE,2.0980799914171557,2.3078879905588714,0.0,4.60260222451135,0.0,0.5,0.0,0.0,0.0,0.0,0.0,0.0,0.0,0.8,0.0,1.4142135623730951
FAC-REG-012,FALSE_POSITIVE,4.029259459938407,4.432185405932248,0.0,3.7021779398605403,0.0,0.5,0.0,0.0,0.0,0.0,0.0,0.0,0.0,0.8,0.0,1.4142135623730951
FAC-REG-003,FALSE_POSITIVE,3.636007941608864,3.9996087357697507,0.0,0.5320990446799165,1.0,0.5,0.0,0.0,0.0,0.0,0.0,0.0,0.0,0.8,0.0,1.4142135623730951
FAC-REG-014,FALSE_POSITIVE,7.931663028917132,8.724829331808847,0.0,0.7105746809608118,1.0,0.5,0.0,0.0,0.0,0.0,0.0,0.0,0.0,0.8,0.0,1.4142135623730951
FAC-REG-007,FALSE_POSITIVE,5.385307862200193,5.923838648420213,0.0,2.663022946331185,0.0,0.5,0.0,0.0,0.0,0.0,0.0,0.0,0.0,0.8,0.0,1.4142135623730951
FAC-REG-002,FALSE_POSITIVE,4.704002723640388,5.174402996004427,0.0,1.248228863940514,1.0,0.5,0.0,0.0,0.0,0.0,0.0,0.0,0.0,0.8,0.0,1.4142135623730951
FAC-REG-013,FALSE_POSITIVE,2.826817926087607,3.109499718696368,0.0,6.876268160512225,0.0,0.5,0.0,0.0,0.0,0.0,0.0,0.0,0.0,0.8,0.0,1.4142135623730951
FAC-REG-006,FALSE_POSITIVE,5.191835951701717,5.7110195468718885,0.0,2.5338042177752773,0.0,0.5,0.0,0.0,0.0,0.0,0.0,0.0,0.0,0.8,0.0,1.4142135623730951
FAC-REG-010,FALSE_POSITIVE,5.077578126747698,5.5853359394224675,0.0,5.564832504301138,0.0,0.5,0.0,0.0,0.0,0.0,0.0,0.0,0.0,0.8,0.0,1.4142135623730951
FAC-REG-004,FALSE_POSITIVE,2.8183123576020606,3.100143593362267,0.0,1.2828421285484222,1.0,0.5,0.0,0.0,0.0,0.0,0.0,0.0,0.0,0.8,0.0,1.4142135623730951
FAC-REG-008,FALSE_POSITIVE,6.955180526253913,7.650698578879305,0.0,3.0146345882545624,0.0,0.5,0.0,0.0,0.0,0.0,0.0,0.0,0.0,0.8,0.0,1.4142135623730951
FAC-REG-015,FALSE_POSITIVE,4.707606772227601,5.178367449450362,0.0,0.5382401491127221,1.0,0.5,0.0,0.0,0.0,0.0,0.0,0.0,0.0,0.8,0.0,1.4142135623730951
FAC-REG-009,FALSE_POSITIVE,2.885345839864053,3.1738804238504588,0.0,4.998761418698762,0.0,0.5,0.0,0.0,0.0,0.0,0.0,0.0,0.0,0.8,0.0,1.4142135623730951
FAC-REG-008,FALSE_POSITIVE,6.0761527395298796,6.683768013482868,0.0,5.131511918847498,0.0,0.5,0.0,0.0,0.0,0.0,0.0,0.0,0.0,0.8,0.0,1.4142135623730951
FAC-REG-015,FALSE_POSITIVE,5.864904254203832,6.451394679624216,0.0,4.276462126518551,0.0,0.5,0.0,0.0,0.0,0.0,0.0,0.0,0.0,0.8,0.0,1.4142135623730951
FAC-REG-019,FALSE_POSITIVE,6.321945663958409,6.95414023035425,0.0,8.384600230075527,0.0,0.5,0.0,0.0,0.0,0.0,0.0,0.0,0.0,0.8,0.0,1.4142135623730951
FAC-REG-004,FALSE_POSITIVE,6.160175691048261,6.776193260153088,0.0,7.219294954544587,0.0,0.5,0.0,0.0,0.0,0.0,0.0,0.0,0.0,0.8,0.0,1.4142135623730951
FAC-REG-016,FALSE_POSITIVE,5.50680450835025,6.057484959185275,0.0,9.073964120654782,0.0,0.5,0.0,0.0,0.0,0.0,0.0,0.0,0.0,0.8,0.0,1.4142135623730951
FAC-REG-017,FALSE_POSITIVE,3.388619782780548,3.7274817610586033,0.0,2.891572410684039,0.0,0.5,0.0,0.0,0.0,0.0,0.0,0.0,0.0,0.8,0.0,1.4142135623730951
FAC-REG-008,FALSE_POSITIVE,4.241122509442168,4.665234760386386,0.0,6.502951885917616,0.0,0.5,0.0,0.0,0.0,0.0,0.0,0.0,0.0,0.8,0.0,1.4142135623730951
FAC-REG-017,FALSE_POSITIVE,6.955842017500922,7.6514262192510145,0.0,3.267376682698928,0.0,0.5,0.0,0.0,0.0,0.0,0.0,0.0,0.0,0.8,0.0,1.4142135623730951
FAC-REG-010,FALSE_POSITIVE,5.31797949613353,5.849777445746883,0.0,3.2162169706910237,0.0,0.5,0.0,0.0,0.0,0.0,0.0,0.0,0.0,0.8,0.0,1.4142135623730951
FAC-REG-010,FALSE_POSITIVE,6.813327913827811,7.494660705210593,0.0,5.530087382604243,0.0,0.5,0.0,0.0,0.0,0.0,0.0,0.0,0.0,0.8,0.0,1.4142135623730951
FAC-REG-003,FALSE_POSITIVE,2.917333073868778,3.209066381255656,0.0,8.525508422750836,0.0,0.5,0.0,0.0,0.0,0.0,0.0,0.0,0.0,0.8,0.0,1.4142135623730951
FAC-REG-010,FALSE_POSITIVE,5.916908141923642,6.508598956116007,0.0,2.7054143613608717,0.0,0.5,0.0,0.0,0.0,0.0,0.0,0.0,0.0,0.8,0.0,1.4142135623730951
FAC-REG-007,FALSE_POSITIVE,7.131382180064413,7.844520398070855,0.0,2.18773112460197,0.0,0.5,0.0,0.0,0.0,0.0,0.0,0.0,0.0,0.8,0.0,1.4142135623730951
FAC-REG-006,FALSE_POSITIVE,3.8600111166938316,4.246012228363215,0.0,7.604976413247791,0.0,0.5,0.0,0.0,0.0,0.0,0.0,0.0,0.0,0.8,0.0,1.4142135623730951
FAC-REG-001,FALSE_POSITIVE,2.2994235254653894,2.5293658780119284,0.0,5.780778154135055,0.0,0.5,0.0,0.0,0.0,0.0,0.0,0.0,0.0,0.8,0.0,1.4142135623730951
FAC-REG-008,FALSE_POSITIVE,2.6206767001576097,2.882744370173371,0.0,3.8018606710365415,0.0,0.5,0.0,0.0,0.0,0.0,0.0,0.0,0.0,0.8,0.0,1.4142135623730951
FAC-REG-015,FALSE_POSITIVE,4.403536143918867,4.843889758310754,0.0,5.086766196328906,0.0,0.5,0.0,0.0,0.0,0.0,0.0,0.0,0.0,0.8,0.0,1.4142135623730951
FAC-REG-018,FALSE_POSITIVE,4.099238544200924,4.509162398621017,0.0,8.016017027355648,0.0,0.5,0.0,0.0,0.0,0.0,0.0,0.0,0.0,0.8,0.0,1.4142135623730951
FAC-REG-017,FALSE_POSITIVE,3.2951983859569314,3.6247182245526246,0.0,7.239212079885723,0.0,0.5,0.0,0.0,0.0,0.0,0.0,0.0,0.0,0.8,0.0,1.4142135623730951
FAC-REG-012,FALSE_POSITIVE,5.391185127066507,5.930303639773158,0.0,6.308625249025003,0.0,0.5,0.0,0.0,0.0,0.0,0.0,0.0,0.0,0.8,0.0,1.4142135623730951
FAC-REG-004,FALSE_POSITIVE,7.186861421706969,7.905547563877667,0.0,3.2117539783987223,0.0,0.5,0.0,0.0,0.0,0.0,0.0,0.0,0.0,0.8,0.0,1.4142135623730951
FAC-REG-017,FALSE_POSITIVE,2.2459754636486844,2.470573010013553,0.0,8.86282831547614,0.0,0.5,0.0,0.0,0.0,0.0,0.0,0.0,0.0,0.8,0.0,1.4142135623730951
FAC-REG-013,FALSE_POSITIVE,6.3482569247862655,6.983082617264893,0.0,4.730536373125643,0.0,0.5,0.0,0.0,0.0,0.0,0.0,0.0,0.0,0.8,0.0,1.4142135623730951
FAC-REG-017,FALSE_POSITIVE,4.1923672317385385,4.611603954912392,0.0,5.656575104836292,0.0,0.5,0.0,0.0,0.0,0.0,0.0,0.0,0.0,0.8,0.0,1.4142135623730951
FAC-REG-019,FALSE_POSITIVE,6.203946973327125,6.824341670659838,0.0,0.717754944921551,1.0,0.5,0.0,0.0,0.0,0.0,0.0,0.0,0.0,0.8,0.0,1.4142135623730951
FAC-REG-014,FALSE_POSITIVE,2.9458162149978833,3.2403978364976718,0.0,5.385579206704236,0.0,0.5,0.0,0.0,0.0,0.0,0.0,0.0,0.0,0.8,0.0,1.4142135623730951
FAC-REG-013,FALSE_POSITIVE,4.745272444240473,5.21979968866452,0.0,3.7372531488144287,0.0,0.5,0.0,0.0,0.0,0.0,0.0,0.0,0.0,0.8,0.0,1.4142135623730951
FAC-REG-003,FALSE_POSITIVE,4.628734082485179,5.091607490733698,0.0,3.9096734144812912,0.0,0.5,0.0,0.0,0.0,0.0,0.0,0.0,0.0,0.8,0.0,1.4142135623730951
FAC-REG-010,FALSE_POSITIVE,4.956950455396916,5.452645500936607,0.0,5.942227037685099,0.0,0.5,0.0,0.0,0.0,0.0,0.0,0.0,0.0,0.8,0.0,1.4142135623730951
FAC-REG-001,FALSE_POSITIVE,3.164972464487058,3.4814697109357637,0.0,5.032134120889088,0.0,0.5,0.0,0.0,0.0,0.0,0.0,0.0,0.0,0.8,0.0,1.4142135623730951
FAC-REG-009,FALSE_POSITIVE,3.1378857801172195,3.4516743581289417,0.0,2.6671628315431177,0.0,0.5,0.0,0.0,0.0,0.0,0.0,0.0,0.0,0.8,0.0,1.4142135623730951
FAC-REG-004,FALSE_POSITIVE,6.217080243061095,6.838788267367205,0.0,7.801665747657613,0.0,0.5,0.0,0.0,0.0,0.0,0.0,0.0,0.0,0.8,0.0,1.4142135623730951
FAC-REG-008,FALSE_POSITIVE,4.213307734244034,4.634638507668438,0.0,3.2911192737473205,0.0,0.5,0.0,0.0,0.0,0.0,0.0,0.0,0.0,0.8,0.0,1.4142135623730951
FAC-REG-015,FALSE_POSITIVE,6.503584175043928,7.153942592548321,0.0,9.72393269489304,0.0,0.5,0.0,0.0,0.0,0.0,0.0,0.0,0.0,0.8,0.0,1.4142135623730951
FAC-REG-018,FALSE_POSITIVE,5.665841880775287,6.232426068852816,0.0,9.144332140283554,0.0,0.5,0.0,0.0,0.0,0.0,0.0,0.0,0.0,0.8,0.0,1.4142135623730951
FAC-REG-005,FALSE_POSITIVE,2.3284378154596217,2.561281597005584,0.0,7.872465109259113,0.0,0.5,0.0,0.0,0.0,0.0,0.0,0.0,0.0,0.8,0.0,1.4142135623730951
FAC-REG-006,FALSE_POSITIVE,5.91634063733404,6.507974701067444,0.0,5.502277790244595,0.0,0.5,0.0,0.0,0.0,0.0,0.0,0.0,0.0,0.8,0.0,1.4142135623730951
FAC-REG-017,FALSE_POSITIVE,2.4947484679037233,2.744223314694096,0.0,7.491498416370613,0.0,0.5,0.0,0.0,0.0,0.0,0.0,0.0,0.0,0.8,0.0,1.4142135623730951
FAC-REG-013,FALSE_POSITIVE,3.098812229430619,3.408693452373681,0.0,6.257317798943595,0.0,0.5,0.0,0.0,0.0,0.0,0.0,0.0,0.0,0.8,0.0,1.4142135623730951
FAC-REG-018,FALSE_POSITIVE,5.68438990836439,6.252828899200829,0.0,7.365172172428136,0.0,0.5,0.0,0.0,0.0,0.0,0.0,0.0,0.0,0.8,0.0,1.4142135623730951
FAC-REG-002,FALSE_POSITIVE,2.0430466301027232,2.2473512931129958,0.0,2.222474274104291,0.0,0.5,0.0,0.0,0.0,0.0,0.0,0.0,0.0,0.8,0.0,1.4142135623730951
FAC-REG-018,FALSE_POSITIVE,4.059602942434425,4.465563236677868,0.0,7.027663943418154,0.0,0.5,0.0,0.0,0.0,0.0,0.0,0.0,0.0,0.8,0.0,1.4142135623730951
FAC-REG-009,FALSE_POSITIVE,6.233621248186049,6.856983373004654,0.0,3.897932367404855,0.0,0.5,0.0,0.0,0.0,0.0,0.0,0.0,0.0,0.8,0.0,1.4142135623730951
FAC-REG-012,FALSE_POSITIVE,5.722812476308865,6.295093723939751,0.0,4.868043126111182,0.0,0.5,0.0,0.0,0.0,0.0,0.0,0.0,0.0,0.8,0.0,1.4142135623730951
FAC-REG-015,FALSE_POSITIVE,4.445590002993088,4.890149003292397,0.0,0.7513178020640295,1.0,0.5,0.0,0.0,0.0,0.0,0.0,0.0,0.0,0.8,0.0,1.4142135623730951
FAC-REG-013,FALSE_POSITIVE,7.137464250149722,7.851210675164695,0.0,9.625707695118953,0.0,0.5,0.0,0.0,0.0,0.0,0.0,0.0,0.0,0.8,0.0,1.4142135623730951
FAC-REG-019,FALSE_POSITIVE,5.536091459032907,6.089700604936198,0.0,8.91748298180572,0.0,0.5,0.0,0.0,0.0,0.0,0.0,0.0,0.0,0.8,0.0,1.4142135623730951
FAC-REG-017,FALSE_POSITIVE,7.066001295196026,7.772601424715629,0.0,7.775596888351589,0.0,0.5,0.0,0.0,0.0,0.0,0.0,0.0,0.0,0.8,0.0,1.4142135623730951
FAC-REG-017,FALSE_POSITIVE,5.35083153003613,5.8859146830397435,0.0,7.974524958195205,0.0,0.5,0.0,0.0,0.0,0.0,0.0,0.0,0.0,0.8,0.0,1.4142135623730951
FAC-REG-015,FALSE_POSITIVE,6.346762539508471,6.9814387934593185,0.0,4.919150118238064,0.0,0.5,0.0,0.0,0.0,0.0,0.0,0.0,0.0,0.8,0.0,1.4142135623730951
FAC-REG-006,FALSE_POSITIVE,5.168203296822963,5.685023626505259,0.0,3.241379652590251,0.0,0.5,0.0,0.0,0.0,0.0,0.0,0.0,0.0,0.8,0.0,1.4142135623730951
FAC-REG-015,FALSE_POSITIVE,4.782930312605979,5.261223343866577,0.0,6.28664591102632,0.0,0.5,0.0,0.0,0.0,0.0,0.0,0.0,0.0,0.8,0.0,1.4142135623730951
FAC-REG-009,FALSE_POSITIVE,6.898221134680043,7.588043248148048,0.0,7.225814763139333,0.0,0.5,0.0,0.0,0.0,0.0,0.0,0.0,0.0,0.8,0.0,1.4142135623730951
FAC-REG-018,FALSE_POSITIVE,7.425862231923641,8.168448455116005,0.0,8.005525404506734,0.0,0.5,0.0,0.0,0.0,0.0,0.0,0.0,0.0,0.8,0.0,1.4142135623730951
FAC-REG-018,FALSE_POSITIVE,6.258962449519256,6.884858694471182,0.0,5.510642806827666,0.0,0.5,0.0,0.0,0.0,0.0,0.0,0.0,0.0,0.8,0.0,1.4142135623730951
FAC-REG-006,FALSE_POSITIVE,2.524877634505568,2.777365397956125,0.0,6.730565011451804,0.0,0.5,0.0,0.0,0.0,0.0,0.0,0.0,0.0,0.8,0.0,1.4142135623730951
FAC-REG-009,FALSE_POSITIVE,4.738089446421485,5.211898391063634,0.0,2.451625373239508,0.0,0.5,0.0,0.0,0.0,0.0,0.0,0.0,0.0,0.8,0.0,1.4142135623730951
FAC-REG-016,FALSE_POSITIVE,3.7060634589187598,4.076669804810636,0.0,6.7124648857093,0.0,0.5,0.0,0.0,0.0,0.0,0.0,0.0,0.0,0.8,0.0,1.4142135623730951
FAC-REG-006,FALSE_POSITIVE,7.9507884202745975,8.745867262302058,0.0,3.2293481003492657,0.0,0.5,0.0,0.0,0.0,0.0,0.0,0.0,0.0,0.8,0.0,1.4142135623730951
FAC-REG-008,FALSE_POSITIVE,3.799948823322267,4.179943705654494,0.0,0.9610677819318552,1.0,0.5,0.0,0.0,0.0,0.0,0.0,0.0,0.0,0.8,0.0,1.4142135623730951
FAC-REG-003,FALSE_POSITIVE,4.228178113880414,4.650995925268456,0.0,9.472605363387771,0.0,0.5,0.0,0.0,0.0,0.0,0.0,0.0,0.0,0.8,0.0,1.4142135623730951
FAC-REG-002,FALSE_POSITIVE,3.4545325700364433,3.799985827040088,0.0,2.1015290332273846,0.0,0.5,0.0,0.0,0.0,0.0,0.0,0.0,0.0,0.8,0.0,1.4142135623730951
FAC-REG-013,FALSE_POSITIVE,6.600034912016923,7.2600384032186165,0.0,9.418561142652147,0.0,0.5,0.0,0.0,0.0,0.0,0.0,0.0,0.0,0.8,0.0,1.4142135623730951
FAC-REG-010,FALSE_POSITIVE,4.093200330771063,4.50252036384817,0.0,8.145002115285935,0.0,0.5,0.0,0.0,0.0,0.0,0.0,0.0,0.0,0.8,0.0,1.4142135623730951
FAC-REG-017,FALSE_POSITIVE,7.380508187678388,8.118559006446228,0.0,9.240007930121722,0.0,0.5,0.0,0.0,0.0,0.0,0.0,0.0,0.0,0.8,0.0,1.4142135623730951
FAC-REG-012,FALSE_POSITIVE,3.2170447644840814,3.5387492409324897,0.0,3.399110269430641,0.0,0.5,0.0,0.0,0.0,0.0,0.0,0.0,0.0,0.8,0.0,1.4142135623730951
FAC-REG-002,FALSE_POSITIVE,6.788279497020922,7.467107446723015,0.0,2.5302732610995005,0.0,0.5,0.0,0.0,0.0,0.0,0.0,0.0,0.0,0.8,0.0,1.4142135623730951
FAC-REG-014,FALSE_POSITIVE,2.727219664230156,2.999941630653172,0.0,2.2482837144833896,0.0,0.5,0.0,0.0,0.0,0.0,0.0,0.0,0.0,0.8,0.0,1.4142135623730951
FAC-REG-014,FALSE_POSITIVE,4.719040471363295,5.190944518499625,0.0,8.802118768459087,0.0,0.5,0.0,0.0,0.0,0.0,0.0,0.0,0.0,0.8,0.0,1.4142135623730951
FAC-REG-015,FALSE_POSITIVE,7.371793026253682,8.108972328879052,0.0,4.715485944306743,0.0,0.5,0.0,0.0,0.0,0.0,0.0,0.0,0.0,0.8,0.0,1.4142135623730951
FAC-REG-013,FALSE_POSITIVE,3.0018432420353243,3.302027566238857,0.0,5.967982694134992,0.0,0.5,0.0,0.0,0.0,0.0,0.0,0.0,0.0,0.8,0.0,1.4142135623730951
FAC-REG-008,FALSE_POSITIVE,4.893658756919472,5.38302463261142,0.0,0.9713209982883519,1.0,0.5,0.0,0.0,0.0,0.0,0.0,0.0,0.0,0.8,0.0,1.4142135623730951
FAC-REG-018,FALSE_POSITIVE,7.653567041951367,8.418923746146504,0.0,4.28343588699161,0.0,0.5,0.0,0.0,0.0,0.0,0.0,0.0,0.0,0.8,0.0,1.4142135623730951
FAC-REG-005,FALSE_POSITIVE,5.803234676312475,6.3835581439437235,0.0,8.672729015738215,0.0,0.5,0.0,0.0,0.0,0.0,0.0,0.0,0.0,0.8,0.0,1.4142135623730951
FAC-REG-004,FALSE_POSITIVE,5.0229162219712755,5.525207844168404,0.0,4.829698177183831,0.0,0.5,0.0,0.0,0.0,0.0,0.0,0.0,0.0,0.8,0.0,1.4142135623730951
FAC-REG-004,FALSE_POSITIVE,2.6672994500132923,2.9340293950146217,0.0,0.8024965732069296,1.0,0.5,0.0,0.0,0.0,0.0,0.0,0.0,0.0,0.8,0.0,1.4142135623730951
FAC-REG-002,FALSE_POSITIVE,5.661493869738829,6.227643256712712,0.0,7.229409892367281,0.0,0.5,0.0,0.0,0.0,0.0,0.0,0.0,0.0,0.8,0.0,1.4142135623730951
FAC-REG-013,FALSE_POSITIVE,5.691364993794025,6.260501493173428,0.0,4.541444024184714,0.0,0.5,0.0,0.0,0.0,0.0,0.0,0.0,0.0,0.8,0.0,1.4142135623730951
FAC-REG-011,FALSE_POSITIVE,2.7771596594021144,3.054875625342326,0.0,8.50823781946135,0.0,0.5,0.0,0.0,0.0,0.0,0.0,0.0,0.0,0.8,0.0,1.4142135623730951
FAC-REG-016,FALSE_POSITIVE,5.940280208059862,6.534308228865849,0.0,4.892190856802745,0.0,0.5,0.0,0.0,0.0,0.0,0.0,0.0,0.0,0.8,0.0,1.4142135623730951
FAC-REG-019,FALSE_POSITIVE,7.799689953585285,8.579658948943814,0.0,6.144513899856689,0.0,0.5,0.0,0.0,0.0,0.0,0.0,0.0,0.0,0.8,0.0,1.4142135623730951
FAC-REG-013,FALSE_POSITIVE,2.2654656141068497,2.4920121755175346,0.0,5.590364474769701,0.0,0.5,0.0,0.0,0.0,0.0,0.0,0.0,0.0,0.8,0.0,1.4142135623730951
FAC-REG-008,FALSE_POSITIVE,6.70350157307929,7.373851730387219,0.0,7.015788324698681,0.0,0.5,0.0,0.0,0.0,0.0,0.0,0.0,0.0,0.8,0.0,1.4142135623730951
FAC-REG-007,FALSE_POSITIVE,7.924067000906691,8.71647370099736,0.0,7.315999288030909,0.0,0.5,0.0,0.0,0.0,0.0,0.0,0.0,0.0,0.8,0.0,1.4142135623730951
FAC-REG-018,FALSE_POSITIVE,5.4226984092340675,5.964968250157475,0.0,9.974978724722186,0.0,0.5,0.0,0.0,0.0,0.0,0.0,0.0,0.0,0.8,0.0,1.4142135623730951
FAC-REG-018,FALSE_POSITIVE,3.8531912060729465,4.238510326680242,0.0,5.689940928103341,0.0,0.5,0.0,0.0,0.0,0.0,0.0,0.0,0.0,0.8,0.0,1.4142135623730951
FAC-REG-005,FALSE_POSITIVE,4.772689536210514,5.249958489831566,0.0,4.569252708071973,0.0,0.5,0.0,0.0,0.0,0.0,0.0,0.0,0.0,0.8,0.0,1.4142135623730951
FAC-REG-004,FALSE_POSITIVE,7.560732698686559,8.316805968555215,0.0,5.157185773888385,0.0,0.5,0.0,0.0,0.0,0.0,0.0,0.0,0.0,0.8,0.0,1.4142135623730951
FAC-REG-003,FALSE_POSITIVE,4.779377824454174,5.257315606899591,0.0,3.5774216415268,0.0,0.5,0.0,0.0,0.0,0.0,0.0,0.0,0.0,0.8,0.0,1.4142135623730951
FAC-REG-011,FALSE_POSITIVE,4.02129178685948,4.423420965545429,0.0,6.435665148465975,0.0,0.5,0.0,0.0,0.0,0.0,0.0,0.0,0.0,0.8,0.0,1.4142135623730951
FAC-REG-006,FALSE_POSITIVE,2.6509900704226306,2.916089077464894,0.0,4.569327696224931,0.0,0.5,0.0,0.0,0.0,0.0,0.0,0.0,0.0,0.8,0.0,1.4142135623730951
FAC-REG-005,FALSE_POSITIVE,4.921538889914662,5.413692778906128,0.0,2.346506196028299,0.0,0.5,0.0,0.0,0.0,0.0,0.0,0.0,0.0,0.8,0.0,1.4142135623730951
FAC-REG-004,FALSE_POSITIVE,5.80058204067093,6.380640244738023,0.0,2.0728533933108633,0.0,0.5,0.0,0.0,0.0,0.0,0.0,0.0,0.0,0.8,0.0,1.4142135623730951
FAC-REG-001,FALSE_POSITIVE,6.515111963422172,7.166623159764391,0.0,4.874837019127698,0.0,0.5,0.0,0.0,0.0,0.0,0.0,0.0,0.0,0.8,0.0,1.4142135623730951
FAC-REG-016,FALSE_POSITIVE,5.9791749520900375,6.577092447299042,0.0,2.4428485202815704,0.0,0.5,0.0,0.0,0.0,0.0,0.0,0.0,0.0,0.8,0.0,1.4142135623730951
FAC-REG-017,FALSE_POSITIVE,7.635184596954573,8.39870305665003,0.0,8.187835449158085,0.0,0.5,0.0,0.0,0.0,0.0,0.0,0.0,0.0,0.8,0.0,1.4142135623730951
FAC-REG-018,FALSE_POSITIVE,5.840788492345533,6.424867341580087,0.0,3.0818026279010766,0.0,0.5,0.0,0.0,0.0,0.0,0.0,0.0,0.0,0.8,0.0,1.4142135623730951
FAC-REG-003,FALSE_POSITIVE,2.2239119814503865,2.4463031795954255,0.0,7.803191277048064,0.0,0.5,0.0,0.0,0.0,0.0,0.0,0.0,0.0,0.8,0.0,1.4142135623730951
FAC-REG-007,FALSE_POSITIVE,3.4402305125848986,3.784253563843389,0.0,7.426481194151324,0.0,0.5,0.0,0.0,0.0,0.0,0.0,0.0,0.0,0.8,0.0,1.4142135623730951
FAC-REG-009,FALSE_POSITIVE,4.37175498770403,4.808930486474433,0.0,9.84004175415838,0.0,0.5,0.0,0.0,0.0,0.0,0.0,0.0,0.0,0.8,0.0,1.4142135623730951
FAC-REG-001,FALSE_POSITIVE,4.258223763789606,4.684046140168567,0.0,3.3603282144195297,0.0,0.5,0.0,0.0,0.0,0.0,0.0,0.0,0.0,0.8,0.0,1.4142135623730951
FAC-REG-003,FALSE_POSITIVE,5.583463809932506,6.141810190925757,0.0,7.3144299171683285,0.0,0.5,0.0,0.0,0.0,0.0,0.0,0.0,0.0,0.8,0.0,1.4142135623730951
FAC-REG-016,FALSE_POSITIVE,7.241565159749741,7.965721675724716,0.0,5.4117456910786945,0.0,0.5,0.0,0.0,0.0,0.0,0.0,0.0,0.0,0.8,0.0,1.4142135623730951
FAC-REG-016,FALSE_POSITIVE,2.193178532524021,2.4124963857764232,0.0,6.379762384229855,0.0,0.5,0.0,0.0,0.0,0.0,0.0,0.0,0.0,0.8,0.0,1.4142135623730951
FAC-REG-010,FALSE_POSITIVE,5.698137941594149,6.267951735753565,0.0,7.00778451805729,0.0,0.5,0.0,0.0,0.0,0.0,0.0,0.0,0.0,0.8,0.0,1.4142135623730951
FAC-REG-017,FALSE_POSITIVE,5.161917309958568,5.678109040954426,0.0,4.057273836615131,0.0,0.5,0.0,0.0,0.0,0.0,0.0,0.0,0.0,0.8,0.0,1.4142135623730951
FAC-REG-007,FALSE_POSITIVE,3.830655141272493,4.213720655399743,0.0,6.073108618233527,0.0,0.5,0.0,0.0,0.0,0.0,0.0,0.0,0.0,0.8,0.0,1.4142135623730951
FAC-REG-002,FALSE_POSITIVE,7.186565771132621,7.905222348245884,0.0,0.5320429637302773,1.0,0.5,0.0,0.0,0.0,0.0,0.0,0.0,0.0,0.8,0.0,1.4142135623730951
FAC-REG-016,FALSE_POSITIVE,2.056850787570179,2.2625358663271973,0.0,0.5346436764544246,1.0,0.5,0.0,0.0,0.0,0.0,0.0,0.0,0.0,0.8,0.0,1.4142135623730951
FAC-REG-006,FALSE_POSITIVE,7.91482353634153,8.706305889975683,0.0,4.9098584130054945,0.0,0.5,0.0,0.0,0.0,0.0,0.0,0.0,0.0,0.8,0.0,1.4142135623730951
FAC-REG-013,FALSE_POSITIVE,7.580161027328974,8.338177130061872,0.0,1.6201099622927,1.0,0.5,0.0,0.0,0.0,0.0,0.0,0.0,0.0,0.8,0.0,1.4142135623730951
FAC-REG-009,FALSE_POSITIVE,5.687748696076493,6.256523565684144,0.0,5.720757046220777,0.0,0.5,0.0,0.0,0.0,0.0,0.0,0.0,0.0,0.8,0.0,1.4142135623730951
FAC-REG-017,FALSE_POSITIVE,6.093375605459504,6.702713166005455,0.0,5.539398500387746,0.0,0.5,0.0,0.0,0.0,0.0,0.0,0.0,0.0,0.8,0.0,1.4142135623730951
FAC-REG-006,FALSE_POSITIVE,3.7458530344931926,4.120438337942512,0.0,6.074149887588144,0.0,0.5,0.0,0.0,0.0,0.0,0.0,0.0,0.0,0.8,0.0,1.4142135623730951
FAC-REG-016,FALSE_POSITIVE,7.1141007001030045,7.825510770113306,0.0,7.2216156513394,0.0,0.5,0.0,0.0,0.0,0.0,0.0,0.0,0.0,0.8,0.0,1.4142135623730951
FAC-REG-009,FALSE_POSITIVE,5.007264508248149,5.507990959072964,0.0,7.126457941776712,0.0,0.5,0.0,0.0,0.0,0.0,0.0,0.0,0.0,0.8,0.0,1.4142135623730951
FAC-REG-001,FALSE_POSITIVE,7.632264898502163,8.39549138835238,0.0,4.858177553899816,0.0,0.5,0.0,0.0,0.0,0.0,0.0,0.0,0.0,0.8,0.0,1.4142135623730951
FAC-REG-018,FALSE_POSITIVE,4.5949002552359595,5.054390280759556,0.0,4.476749263883193,0.0,0.5,0.0,0.0,0.0,0.0,0.0,0.0,0.0,0.8,0.0,1.4142135623730951
FAC-REG-019,FALSE_POSITIVE,2.6551825965520806,2.9207008562072887,0.0,4.884210085287692,0.0,0.5,0.0,0.0,0.0,0.0,0.0,0.0,0.0,0.8,0.0,1.4142135623730951
FAC-REG-008,FALSE_POSITIVE,2.468625824125477,2.715488406538025,0.0,9.460048998374173,0.0,0.5,0.0,0.0,0.0,0.0,0.0,0.0,0.0,0.8,0.0,1.4142135623730951
FAC-REG-014,FALSE_POSITIVE,5.575301826014059,6.132832008615466,0.0,5.382251332563686,0.0,0.5,0.0,0.0,0.0,0.0,0.0,0.0,0.0,0.8,0.0,1.4142135623730951
FAC-REG-017,FALSE_POSITIVE,6.546872191352696,7.201559410487966,0.0,3.936062707352403,0.0,0.5,0.0,0.0,0.0,0.0,0.0,0.0,0.0,0.8,0.0,1.4142135623730951
FAC-REG-002,FALSE_POSITIVE,6.114361706454092,6.725797877099502,0.0,7.2168219363214465,0.0,0.5,0.0,0.0,0.0,0.0,0.0,0.0,0.0,0.8,0.0,1.4142135623730951
FAC-REG-019,FALSE_POSITIVE,6.605040172372185,7.265544189609404,0.0,1.1769005105529673,1.0,0.5,0.0,0.0,0.0,0.0,0.0,0.0,0.0,0.8,0.0,1.4142135623730951
FAC-REG-011,FALSE_POSITIVE,2.3058442147499685,2.5364286362249655,0.0,5.053590138829397,0.0,0.5,0.0,0.0,0.0,0.0,0.0,0.0,0.0,0.8,0.0,1.4142135623730951
FAC-REG-017,FALSE_POSITIVE,5.447401421960285,5.992141564156314,0.0,0.9599834052005254,1.0,0.5,0.0,0.0,0.0,0.0,0.0,0.0,0.0,0.8,0.0,1.4142135623730951
FAC-REG-004,FALSE_POSITIVE,6.554545768376162,7.210000345213778,0.0,7.950799695492901,0.0,0.5,0.0,0.0,0.0,0.0,0.0,0.0,0.0,0.8,0.0,1.4142135623730951
FAC-REG-008,FALSE_POSITIVE,4.300109805591335,4.730120786150469,0.0,5.011819353769655,0.0,0.5,0.0,0.0,0.0,0.0,0.0,0.0,0.0,0.8,0.0,1.4142135623730951
FAC-REG-018,FALSE_POSITIVE,4.1787706570764325,4.596647722784076,0.0,2.9422773075879975,0.0,0.5,0.0,0.0,0.0,0.0,0.0,0.0,0.0,0.8,0.0,1.4142135623730951
FAC-REG-018,FALSE_POSITIVE,6.504135310932331,7.154548842025565,0.0,9.517246902491298,0.0,0.5,0.0,0.0,0.0,0.0,0.0,0.0,0.0,0.8,0.0,1.4142135623730951
FAC-REG-014,FALSE_POSITIVE,6.275967353880475,6.903564089268523,0.0,9.219058448051458,0.0,0.5,0.0,0.0,0.0,0.0,0.0,0.0,0.0,0.8,0.0,1.4142135623730951
FAC-REG-008,FALSE_POSITIVE,6.073429367165979,6.680772303882578,0.0,6.315040986258153,0.0,0.5,0.0,0.0,0.0,0.0,0.0,0.0,0.0,0.8,0.0,1.4142135623730951
FAC-REG-009,FALSE_POSITIVE,2.3636621427068807,2.600028356977569,0.0,1.4088040709789957,1.0,0.5,0.0,0.0,0.0,0.0,0.0,0.0,0.0,0.8,0.0,1.4142135623730951
FAC-REG-017,FALSE_POSITIVE,4.7408979572379195,5.2149877529617115,0.0,8.345607626220165,0.0,0.5,0.0,0.0,0.0,0.0,0.0,0.0,0.0,0.8,0.0,1.4142135623730951
FAC-REG-008,FALSE_POSITIVE,4.30496109855489,4.73545720841038,0.0,9.140032529494961,0.0,0.5,0.0,0.0,0.0,0.0,0.0,0.0,0.0,0.8,0.0,1.4142135623730951
FAC-REG-003,FALSE_POSITIVE,7.914641991185312,8.706106190303844,0.0,6.719420865436165,0.0,0.5,0.0,0.0,0.0,0.0,0.0,0.0,0.0,0.8,0.0,1.4142135623730951
FAC-REG-011,FALSE_POSITIVE,2.702248896130661,2.972473785743728,0.0,0.6525588154610803,1.0,0.5,0.0,0.0,0.0,0.0,0.0,0.0,0.0,0.8,0.0,1.4142135623730951
FAC-REG-017,FALSE_POSITIVE,3.7555786617436566,4.131136527918023,0.0,5.742005604005209,0.0,0.5,0.0,0.0,0.0,0.0,0.0,0.0,0.0,0.8,0.0,1.4142135623730951
FAC-REG-016,FALSE_POSITIVE,6.1930241347653165,6.812326548241849,0.0,9.015703936817248,0.0,0.5,0.0,0.0,0.0,0.0,0.0,0.0,0.0,0.8,0.0,1.4142135623730951
FAC-REG-014,FALSE_POSITIVE,5.791892557899837,6.3710818136898215,0.0,6.350003090311182,0.0,0.5,0.0,0.0,0.0,0.0,0.0,0.0,0.0,0.8,0.0,1.4142135623730951
FAC-REG-005,FALSE_POSITIVE,4.72364034878469,5.196004383663159,0.0,1.2927950995090376,1.0,0.5,0.0,0.0,0.0,0.0,0.0,0.0,0.0,0.8,0.0,1.4142135623730951
FAC-REG-015,FALSE_POSITIVE,2.286898116460171,2.5155879281061884,0.0,7.3201868163660135,0.0,0.5,0.0,0.0,0.0,0.0,0.0,0.0,0.0,0.8,0.0,1.4142135623730951
FAC-REG-009,FALSE_POSITIVE,2.612370710826961,2.8736077819096577,0.0,2.7122079030129904,0.0,0.5,0.0,0.0,0.0,0.0,0.0,0.0,0.0,0.8,0.0,1.4142135623730951
FAC-REG-007,FALSE_POSITIVE,2.1991789166328193,2.4190968082961013,0.0,9.969244557370885,0.0,0.5,0.0,0.0,0.0,0.0,0.0,0.0,0.0,0.8,0.0,1.4142135623730951
FAC-REG-018,FALSE_POSITIVE,2.6764237291801773,2.9440661020981955,0.0,6.463940150305211,0.0,0.5,0.0,0.0,0.0,0.0,0.0,0.0,0.0,0.8,0.0,1.4142135623730951
FAC-REG-007,FALSE_POSITIVE,4.351886677441761,4.787075345185937,0.0,6.636374755608913,0.0,0.5,0.0,0.0,0.0,0.0,0.0,0.0,0.0,0.8,0.0,1.4142135623730951
FAC-REG-009,FALSE_POSITIVE,3.5032763535867693,3.8536039889454465,0.0,3.677238775344085,0.0,0.5,0.0,0.0,0.0,0.0,0.0,0.0,0.0,0.8,0.0,1.4142135623730951
FAC-REG-003,FALSE_POSITIVE,7.755943427049282,8.53153776975421,0.0,8.086823651272784,0.0,0.5,0.0,0.0,0.0,0.0,0.0,0.0,0.0,0.8,0.0,1.4142135623730951
FAC-REG-003,FALSE_POSITIVE,5.687854127556683,6.256639540312352,0.0,8.768408897245733,0.0,0.5,0.0,0.0,0.0,0.0,0.0,0.0,0.0,0.8,0.0,1.4142135623730951
FAC-REG-019,FALSE_POSITIVE,3.468554904560783,3.8154103950168614,0.0,6.664059122597891,0.0,0.5,0.0,0.0,0.0,0.0,0.0,0.0,0.0,0.8,0.0,1.4142135623730951
FAC-REG-017,FALSE_POSITIVE,3.6584632465620484,4.024309571218254,0.0,5.902915445657519,0.0,0.5,0.0,0.0,0.0,0.0,0.0,0.0,0.0,0.8,0.0,1.4142135623730951
FAC-REG-011,FALSE_POSITIVE,4.609754638107301,5.0707301019180315,0.0,1.5637432196264363,1.0,0.5,0.0,0.0,0.0,0.0,0.0,0.0,0.0,0.8,0.0,1.4142135623730951
FAC-REG-012,FALSE_POSITIVE,7.762623823631342,8.538886205994476,0.0,2.156688529371366,0.0,0.5,0.0,0.0,0.0,0.0,0.0,0.0,0.0,0.8,0.0,1.4142135623730951
FAC-REG-012,FALSE_POSITIVE,6.394370275143534,7.0338073026578884,0.0,3.771528208843076,0.0,0.5,0.0,0.0,0.0,0.0,0.0,0.0,0.0,0.8,0.0,1.4142135623730951
FAC-REG-016,FALSE_POSITIVE,6.292119275001234,6.921331202501357,0.0,4.041694897430452,0.0,0.5,0.0,0.0,0.0,0.0,0.0,0.0,0.0,0.8,0.0,1.4142135623730951
FAC-REG-018,FALSE_POSITIVE,4.291823950499696,4.721006345549665,0.0,9.158578433962909,0.0,0.5,0.0,0.0,0.0,0.0,0.0,0.0,0.0,0.8,0.0,1.4142135623730951
FAC-REG-010,FALSE_POSITIVE,3.1537503393864785,3.469125373325127,0.0,1.1509968821713872,1.0,0.5,0.0,0.0,0.0,0.0,0.0,0.0,0.0,0.8,0.0,1.4142135623730951
FAC-REG-002,FALSE_POSITIVE,5.900937324430964,6.491031056874061,0.0,8.685940868847814,0.0,0.5,0.0,0.0,0.0,0.0,0.0,0.0,0.0,0.8,0.0,1.4142135623730951
FAC-REG-005,FALSE_POSITIVE,6.882813063560978,7.571094369917077,0.0,8.221822249355453,0.0,0.5,0.0,0.0,0.0,0.0,0.0,0.0,0.0,0.8,0.0,1.4142135623730951
FAC-REG-004,FALSE_POSITIVE,6.563887637468154,7.22027640121497,0.0,2.22786663244008,0.0,0.5,0.0,0.0,0.0,0.0,0.0,0.0,0.0,0.8,0.0,1.4142135623730951
FAC-REG-004,FALSE_POSITIVE,6.384573811119797,7.023031192231777,0.0,3.3412620107264077,0.0,0.5,0.0,0.0,0.0,0.0,0.0,0.0,0.0,0.8,0.0,1.4142135623730951
FAC-REG-001,FALSE_POSITIVE,3.4756232855170945,3.8231856140688043,0.0,7.042938397260075,0.0,0.5,0.0,0.0,0.0,0.0,0.0,0.0,0.0,0.8,0.0,1.4142135623730951
FAC-REG-003,FALSE_POSITIVE,5.393191261544345,5.93251038769878,0.0,9.065063448993698,0.0,0.5,0.0,0.0,0.0,0.0,0.0,0.0,0.0,0.8,0.0,1.4142135623730951
FAC-REG-013,FALSE_POSITIVE,6.513616765672037,7.164978442239241,0.0,1.1412616742876813,1.0,0.5,0.0,0.0,0.0,0.0,0.0,0.0,0.0,0.8,0.0,1.4142135623730951
FAC-REG-014,FALSE_POSITIVE,7.60336062889918,8.363696691789098,0.0,3.569343099298247,0.0,0.5,0.0,0.0,0.0,0.0,0.0,0.0,0.0,0.8,0.0,1.4142135623730951
FAC-REG-009,FALSE_POSITIVE,5.535205440583118,6.08872598464143,0.0,7.358277714324867,0.0,0.5,0.0,0.0,0.0,0.0,0.0,0.0,0.0,0.8,0.0,1.4142135623730951
FAC-REG-010,FALSE_POSITIVE,3.6721691258169535,4.039386038398649,0.0,5.539807950850658,0.0,0.5,0.0,0.0,0.0,0.0,0.0,0.0,0.0,0.8,0.0,1.4142135623730951
FAC-REG-013,FALSE_POSITIVE,3.0611792725634936,3.367297199819843,0.0,6.790209814115364,0.0,0.5,0.0,0.0,0.0,0.0,0.0,0.0,0.0,0.8,0.0,1.4142135623730951
FAC-REG-007,FALSE_POSITIVE,3.513749535567925,3.865124489124718,0.0,4.30659710013143,0.0,0.5,0.0,0.0,0.0,0.0,0.0,0.0,0.0,0.8,0.0,1.4142135623730951
FAC-REG-002,FALSE_POSITIVE,3.748413597729469,4.123254957502416,0.0,8.583610060434497,0.0,0.5,0.0,0.0,0.0,0.0,0.0,0.0,0.0,0.8,0.0,1.4142135623730951
FAC-REG-013,FALSE_POSITIVE,2.143975674800438,2.3583732422804817,0.0,5.1985693864251346,0.0,0.5,0.0,0.0,0.0,0.0,0.0,0.0,0.0,0.8,0.0,1.4142135623730951
FAC-REG-010,FALSE_POSITIVE,4.353572874606164,4.788930162066781,0.0,4.670594916396289,0.0,0.5,0.0,0.0,0.0,0.0,0.0,0.0,0.0,0.8,0.0,1.4142135623730951
FAC-REG-008,FALSE_POSITIVE,3.539195705665871,3.8931152762324586,0.0,5.855317955702368,0.0,0.5,0.0,0.0,0.0,0.0,0.0,0.0,0.0,0.8,0.0,1.4142135623730951
FAC-REG-006,FALSE_POSITIVE,7.843041589851288,8.627345748836417,0.0,5.306214729626599,0.0,0.5,0.0,0.0,0.0,0.0,0.0,0.0,0.0,0.8,0.0,1.4142135623730951
FAC-REG-005,FALSE_POSITIVE,7.246666329236957,7.971332962160654,0.0,3.7466972218363463,0.0,0.5,0.0,0.0,0.0,0.0,0.0,0.0,0.0,0.8,0.0,1.4142135623730951
FAC-REG-014,FALSE_POSITIVE,7.240190537352306,7.9642095910875375,0.0,4.854791515978451,0.0,0.5,0.0,0.0,0.0,0.0,0.0,0.0,0.0,0.8,0.0,1.4142135623730951
FAC-REG-012,FALSE_POSITIVE,7.445785720008242,8.190364292009066,0.0,2.09484956028704,0.0,0.5,0.0,0.0,0.0,0.0,0.0,0.0,0.0,0.8,0.0,1.4142135623730951
FAC-REG-008,FALSE_POSITIVE,2.4398987127245926,2.683888583997052,0.0,2.6220286593600046,0.0,0.5,0.0,0.0,0.0,0.0,0.0,0.0,0.0,0.8,0.0,1.4142135623730951
FAC-REG-017,FALSE_POSITIVE,6.784239612646864,7.462663573911551,0.0,4.1253052017380245,0.0,0.5,0.0,0.0,0.0,0.0,0.0,0.0,0.0,0.8,0.0,1.4142135623730951
FAC-REG-001,FALSE_POSITIVE,3.082898048408796,3.391187853249676,0.0,7.6257987120122905,0.0,0.5,0.0,0.0,0.0,0.0,0.0,0.0,0.0,0.8,0.0,1.4142135623730951
FAC-REG-017,FALSE_POSITIVE,4.961101920348634,5.457212112383497,0.0,4.457676066592459,0.0,0.5,0.0,0.0,0.0,0.0,0.0,0.0,0.0,0.8,0.0,1.4142135623730951
FAC-REG-014,FALSE_POSITIVE,2.98073515000345,3.278808665003795,0.0,3.757831289282742,0.0,0.5,0.0,0.0,0.0,0.0,0.0,0.0,0.0,0.8,0.0,1.4142135623730951
FAC-REG-019,UNCERTAIN,37.51190283648579,63.69881486848489,5.879742483703485,1.6921762924128916,1.0,4.084927378442723,14.884250059657193,2.6034614097648454,0.0,3.0,0.0,0.0,0.0,0.3,0.5,0.1357891945815816
FAC-REG-009,UNCERTAIN,21.20653453936665,37.90184639542809,3.697553892801022,2.564494599053077,0.0,4.685837598687878,6.285252467468258,1.099978522070627,0.0,3.0,0.0,0.0,0.0,0.3,0.5,0.34440614302809863
FAC-REG-016,UNCERTAIN,21.488525875776887,26.712013525563563,2.4626572398078572,3.3325371828260515,0.0,6.412141868407051,16.635190885048235,1.1885648671692965,0.0,3.0,0.0,0.0,0.0,0.3,0.5,0.15222072027797956
FAC-REG-006,UNCERTAIN,29.785533833270435,33.32394706635884,4.443112654667354,1.2647658404369446,1.0,5.524540160307579,13.913393603563009,1.0679664512771212,0.0,3.0,0.0,0.0,0.0,0.3,0.5,0.1689331951319753
FAC-REG-019,UNCERTAIN,25.71549321424873,35.91684289659457,0.14628539205070012,3.19830414816265,0.0,2.504718984585989,17.78359699748311,1.5928971795758735,0.0,3.0,0.0,0.0,0.0,0.8,0.5,0.08899382957923162
FAC-REG-013,UNCERTAIN,16.76095145177367,22.272206265060777,8.88363682801264,1.0638685028040102,1.0,4.141128574803714,4.502394077003858,1.6676621651963168,0.0,3.0,0.0,0.0,0.0,0.3,0.3751995064169882,0.4519764981393753
FAC-REG-009,UNCERTAIN,46.693113107174085,75.62207809961393,6.880409663453548,1.842320482979312,1.0,2.226230877814406,8.507463605331374,1.3785314081851119,0.0,3.0,0.0,0.0,0.0,0.8,0.5,0.1753819930792834
FAC-REG-006,UNCERTAIN,25.688536883163096,40.46944912290041,4.9149130225952256,2.9299726756367273,0.0,7.663589482196046,5.852878229558524,1.6023970179721807,0.0,3.0,0.0,0.0,0.0,0.3,0.48773985246321033,0.4729841938290097
FAC-REG-001,UNCERTAIN,24.18309917154335,42.61297801635088,0.8417043656020384,1.5291770675112581,1.0,2.024701479788944,19.686165578310984,2.653144316374609,0.0,3.0,0.0,0.0,0.0,0.8,0.5,0.07228020348802926
FAC-REG-013,UNCERTAIN,50.61036858088364,76.0005429396392,2.6530637012041893,2.668870680835843,0.0,3.84967479477411,12.717972548571764,1.8776176539020644,0.0,3.0,0.0,0.0,0.0,0.3,0.5,0.154274496805714
FAC-REG-016,UNCERTAIN,47.349509117736076,81.38023004590693,0.05212518476924943,3.334041298075918,0.0,4.824848384540962,15.211710085812243,2.5401242191165787,0.0,3.0,0.0,0.0,0.0,0.3,0.5,0.1443988703050159
FAC-REG-006,UNCERTAIN,29.527457524641104,33.84315001702061,6.150474485692943,3.1231059107458474,0.0,3.7939988051051605,7.843928920319815,2.7219013374949457,0.0,3.0,0.0,0.0,0.0,0.3,0.5,0.24832185586157315
FAC-REG-013,UNCERTAIN,40.52236016774691,53.241186960091035,2.2079801797640086,2.7893600975011683,0.0,4.891627311392737,12.329597068847697,1.1326776736100388,0.0,3.0,0.0,0.0,0.0,0.3,0.5,0.1793815599664463
FAC-REG-018,UNCERTAIN,52.023481396777214,91.70488576687778,1.0668239748173514,2.577913026747677,0.0,5.194257130188605,18.24499985517027,2.3522392543327686,0.0,3.0,0.0,0.0,0.0,0.3,0.5,0.12491593932176752
FAC-REG-004,UNCERTAIN,15.198072405170382,16.721392094718954,4.722634607952153,1.0732342625134266,1.0,7.834461598805435,7.553042792662271,1.8507965128567205,0.0,3.0,0.0,0.0,0.0,0.3,0.5,0.3705805596361302
FAC-REG-015,UNCERTAIN,50.79953743884101,67.41877610925746,8.569688353289665,2.5207884150580364,0.0,5.878616806449995,8.666779993763146,1.8231297029122304,0.0,3.0,0.0,0.0,0.0,0.3,0.5,0.2797562538639809
FAC-REG-001,UNCERTAIN,39.515082691654484,70.77628985935799,7.920192079401351,3.4834187522052225,0.0,7.7939390452911,11.832632673506469,2.2534765297670183,0.0,3.0,0.0,0.0,0.0,0.3,0.5,0.23593757956993816
FAC-REG-008,UNCERTAIN,34.851697127106085,58.073835283520964,5.0533532097714335,2.75674758204308,0.0,6.3473836448978,8.055506259886302,2.5762588712966177,0.0,3.0,0.0,0.0,0.0,0.3,0.5,0.3127551968156007
FAC-REG-002,UNCERTAIN,24.45832966296947,41.72080148191224,4.178188061062537,2.875781095949299,0.0,5.062214969440354,10.109948035752007,2.4577775470694245,0.0,3.0,0.0,0.0,0.0,0.3,0.5,0.22254680746405073
FAC-REG-006,UNCERTAIN,28.93448734712075,32.448917722706874,1.5001936178986208,2.4050366363575604,0.0,2.5247938678467103,15.780880255694571,1.0670186888486874,0.0,3.0,0.0,0.0,0.0,0.8,0.5,0.1006889330586521
FAC-REG-015,UNCERTAIN,56.498987572605834,68.14877545869221,5.669504756388102,2.91108215592548,0.0,6.424294912673873,12.410110633592064,2.1245310278316243,0.0,3.0,0.0,0.0,0.0,0.3,0.5,0.20423825044032495
FAC-REG-001,UNCERTAIN,17.303088105069424,27.81479678770828,0.23322331562675047,1.4363887383924125,1.0,7.919307320000734,9.774158599908912,2.4768988806956296,0.0,3.0,0.0,0.0,0.0,0.3,0.5,0.28791495021057745
FAC-REG-001,UNCERTAIN,52.801280285901704,93.7649196838379,4.355362434191665,2.3983729796206985,0.0,5.586156684763191,18.957356834803768,1.4621393573822041,0.0,3.0,0.0,0.0,0.0,0.3,0.5,0.1246748262313462
FAC-REG-012,UNCERTAIN,17.842547890636396,22.970963020330892,5.7189896766037,3.4117138911171043,0.0,7.191118253272441,18.014942807125195,1.3169206648677836,0.0,3.0,0.0,0.0,0.0,0.3,0.5,0.14885565140069987
FAC-REG-006,UNCERTAIN,33.65925800078418,58.309396652810044,3.6275516120117657,1.3125270502246091,1.0,2.436132327336047,18.253721832123404,2.7784144771263275,0.0,3.0,0.0,0.0,0.0,0.8,0.5,0.08550647625172762
FAC-REG-005,UNCERTAIN,21.462122654462014,30.852844315486053,7.095280635765979,2.53100727025743,0.0,7.682203183536982,17.08444614354605,2.564149897115204,0.0,3.0,0.0,0.0,0.0,0.3,0.5,0.16223404276662529
FAC-REG-011,UNCERTAIN,29.72738369991525,47.30266501721334,4.390530399513951,1.7193856014058113,1.0,2.4897594568699337,12.445987326232999,2.069656420959854,0.0,3.0,0.0,0.0,0.0,0.8,0.5,0.1267795894048424
FAC-REG-015,UNCERTAIN,20.24467635450993,30.346590157126467,1.6841410680514102,2.6592854136286723,0.0,4.290995978325967,17.580617403826487,2.4008783406288017,0.0,3.0,0.0,0.0,0.0,0.3,0.5,0.11782703005357929
FAC-REG-019,UNCERTAIN,22.134369101622468,30.513827313824475,2.299251635455606,1.8447535644376578,1.0,7.988135796301023,17.206631001180973,2.591023266928195,0.0,3.0,0.0,0.0,0.0,0.3,0.5,0.16425813000000178
FAC-REG-013,UNCERTAIN,30.342114614138804,39.68608624742886,2.340624925720749,3.0752922782703065,0.0,5.917087104853702,7.778751719726037,1.6785888925788188,0.0,3.0,0.0,0.0,0.0,0.3,0.5,0.312711657325891
FAC-REG-004,UNCERTAIN,39.8882898315247,58.865874413385356,7.179213233927192,1.5179536797360993,1.0,2.5336633499817727,14.43060170772723,1.523042612028392,0.0,3.0,0.0,0.0,0.0,0.8,0.5,0.11030368323811847
FAC-REG-013,UNCERTAIN,17.56287902830565,21.848098684929695,4.769054255322751,2.078885724882768,0.0,5.665795821441846,19.115344813206598,1.2023284803003078,0.0,3.0,0.0,0.0,0.0,0.3,0.5,0.1245226411030459
FAC-REG-013,UNCERTAIN,33.51437593742085,45.01428561149259,4.445089620693041,1.030289263999121,1.0,2.3651600008909917,17.594793890153724,2.7604619417701244,0.0,3.0,0.0,0.0,0.0,0.8,0.5,0.08740697273416606
FAC-REG-011,UNCERTAIN,54.93333632860335,97.95066094259072,5.578538491301954,2.414319778360731,0.0,3.433837783239556,13.352096575733027,1.7913561769447237,0.0,3.0,0.0,0.0,0.0,0.3,0.5,0.13878432661576734
FAC-REG-019,UNCERTAIN,17.532147489661973,24.595325041684482,7.7790149448703705,2.384930136465318,0.0,5.70837379180532,9.229122115203348,1.2905126519406274,0.0,3.0,0.0,0.0,0.0,0.3,0.5,0.25887839618338626
FAC-REG-010,UNCERTAIN,51.95905549482055,80.31093975035742,2.293212412876884,2.046084900193237,0.0,6.709381246732742,12.619202977462171,1.540287777602761,0.0,3.0,0.0,0.0,0.0,0.3,0.5,0.20526235593053535
FAC-REG-008,UNCERTAIN,53.31418774867527,93.81806842768519,9.973206116397705,1.7054466141230828,1.0,5.23990542136716,11.211487768514358,2.0148714650353075,0.0,3.0,0.0,0.0,0.0,0.3,0.5,0.20417307829148462
FAC-REG-009,UNCERTAIN,23.14061193560608,32.9383201850082,0.350712794785325,2.9792947039088205,0.0,7.244439992423484,14.976635179968454,1.4823910442144967,0.0,3.0,0.0,0.0,0.0,0.3,0.5,0.1797165855822486
FAC-REG-002,UNCERTAIN,55.92923564610249,87.79260958966395,6.456853251742407,2.398505289745602,0.0,1.7975462062867165,18.91075897096939,2.130287487939028,0.0,3.0,0.0,0.0,0.0,0.8,0.5,0.07089752461886109
FAC-REG-004,UNCERTAIN,55.538467348970755,91.21669463514105,5.397055153266307,1.3717221809874507,1.0,3.766189109312165,13.339843604387555,2.5671382277175856,0.0,3.0,0.0,0.0,0.0,0.3,0.5,0.14547900552984427
FAC-REG-002,UNCERTAIN,25.182718228215045,44.89521956627018,9.951821206249388,1.1889896879040032,1.0,7.586901748276422,8.63118710886991,2.240711347151737,0.0,3.0,0.0,0.0,0.0,0.3,0.5,0.3191256397977464
FAC-REG-009,UNCERTAIN,41.693629090107564,61.778382953678786,2.4473447723498056,3.2277916861334406,0.0,2.214232803278807,4.631481009189365,2.0848712849311557,0.0,3.0,0.0,0.0,0.0,0.8,0.3859567507657804,0.32128596372517143
FAC-REG-016,UNCERTAIN,47.24980881601636,84.40774296100535,8.045587144686301,3.1500418822738636,0.0,3.8376388306635163,9.1981857036995,1.9306870384422397,0.0,3.0,0.0,0.0,0.0,0.3,0.5,0.21297561281105898
FAC-REG-013,UNCERTAIN,57.54111605054397,69.08671918440895,9.030130391680924,1.2089555550008892,1.0,6.84706202991064,6.431400414051442,1.068636905364651,0.0,3.0,0.0,0.0,0.0,0.3,0.5,0.4068614868720708
FAC-REG-017,UNCERTAIN,30.020408463567033,50.39390405094665,2.914562713733706,1.4119320047797148,1.0,6.090877291253547,14.22329061654975,2.5821080246717116,0.0,3.0,0.0,0.0,0.0,0.3,0.5,0.17351612535822133
FAC-REG-019,UNCERTAIN,37.545925740703126,57.18443605637809,3.027735923566924,1.5009007600086257,1.0,5.026706322152441,11.043503567536032,1.7022037841810795,0.0,3.0,0.0,0.0,0.0,0.3,0.5,0.20301815687952696
FAC-REG-017,UNCERTAIN,53.38198778087495,70.58309063956152,5.982018957938589,1.9747369105324997,1.0,4.115120668931297,15.719431666839226,1.6506552256118896,0.0,3.0,0.0,0.0,0.0,0.3,0.5,0.12904894165368486
FAC-REG-004,UNCERTAIN,59.83089443776593,96.66219726232795,0.8745015650275367,1.0506234494752302,1.0,6.175370700989822,11.027074650922671,2.4162340763162367,0.0,3.0,0.0,0.0,0.0,0.3,0.5,0.22535707742884273
FAC-REG-017,UNCERTAIN,42.1482156471899,58.566285725091575,3.7330497768381043,2.4114601459397242,0.0,1.914070166148121,18.01311747282442,2.4855672574546173,0.0,3.0,0.0,0.0,0.0,0.8,0.5,0.0768050976727532
FAC-REG-002,UNCERTAIN,48.05945240338787,84.07711730531165,6.289883872243522,2.9746197712133684,0.0,2.6156276131999245,7.391345444127577,1.957662436300102,0.0,3.0,0.0,0.0,0.0,0.8,0.5,0.2188086349208975
FAC-REG-014,UNCERTAIN,43.57477815994156,56.828361973185736,7.91532618666892,3.0202758665358584,0.0,4.5146184624097945,6.8929701606021645,2.1641949299474783,0.0,3.0,0.0,0.0,0.0,0.3,0.5,0.308250740235498
FAC-REG-017,UNCERTAIN,59.065488748376,97.85543414714175,7.075368316269962,1.3388622090287872,1.0,6.811022518371006,15.775909878379249,2.3867779517222205,0.0,3.0,0.0,0.0,0.0,0.3,0.5,0.16542903692094896
FAC-REG-012,UNCERTAIN,26.63784470897143,35.37376167894379,2.3624696771511466,3.27095636842816,0.0,4.767220675044834,14.498192705312318,1.747867756059286,0.0,3.0,0.0,0.0,0.0,0.3,0.5,0.15059784593241324
FAC-REG-018,UNCERTAIN,32.45687419446924,35.7065493012,1.6260613228738352,3.206545688045436,0.0,2.9475110762412227,5.806565421742015,2.22796109067975,0.0,3.0,0.0,0.0,0.0,0.8,0.48388045181183453,0.29567077479107706
FAC-REG-005,UNCERTAIN,50.84659213789399,86.59232881766839,8.459888773872315,1.7825230479922332,1.0,4.7860485967930675,14.402267754351426,1.579569557111423,0.0,3.0,0.0,0.0,0.0,0.3,0.5,0.15189996414364776
FAC-REG-019,UNCERTAIN,37.304897203361364,41.370117552274166,9.506456247259472,2.991709115182566,0.0,2.7480635474033646,8.601147982270854,2.7691093864349887,0.0,3.0,0.0,0.0,0.0,0.8,0.5,0.192733392489998
FAC-REG-006,UNCERTAIN,23.891142495771465,26.388762159236155,7.068443574290983,3.343667969534361,0.0,2.7150797427708966,14.191097206830062,2.3436275665991992,0.0,3.0,0.0,0.0,0.0,0.8,0.5,0.11611152252463194
FAC-REG-012,UNCERTAIN,19.591345258867065,29.794787767849716,3.0217673141265755,3.2233194550486006,0.0,6.473602462780336,9.915243552148565,1.3007856950355046,0.0,3.0,0.0,0.0,0.0,0.3,0.5,0.25660766612532665
FAC-REG-011,UNCERTAIN,47.92974112891443,77.94343748198587,7.469746046867705,1.8625516665261665,1.0,4.894881576522618,9.759576290826711,1.0288655200551624,0.0,3.0,0.0,0.0,0.0,0.3,0.5,0.22669405516164898
FAC-REG-010,UNCERTAIN,20.569229973780498,23.778624853008466,7.554990686967872,1.023765506045264,1.0,7.73355488345672,12.24408582580123,2.769429575271067,0.0,3.0,0.0,0.0,0.0,0.3,0.5,0.22712410075584824
FAC-REG-010,UNCERTAIN,41.258829698966096,55.47368994946501,8.434824928142858,1.9030568380857158,1.0,3.193169263872769,17.720850033598612,1.6743755649758696,0.0,3.0,0.0,0.0,0.0,0.3,0.5,0.1008385099958676
FAC-REG-014,UNCERTAIN,57.58718313696242,78.57614494364725,8.720534313794936,1.9843010163304877,1.0,2.6667150770772126,4.055138300429915,1.5943258416751835,0.0,3.0,0.0,0.0,0.0,0.8,0.33792819170249294,0.40270093481535835
FAC-REG-019,UNCERTAIN,33.599065263049965,46.842568347966655,0.8828249858491644,1.5048521612799564,1.0,2.5053894703314326,11.707004298584607,1.9526599737113501,0.0,3.0,0.0,0.0,0.0,0.8,0.5,0.13520471782005816
FAC-REG-013,UNCERTAIN,34.3047799788074,40.66759060270524,4.568354303128908,1.3333561591102385,1.0,4.901765213724488,15.75395264691573,1.9960169946655026,0.0,3.0,0.0,0.0,0.0,0.3,0.5,0.14053571804951356
FAC-REG-011,UNCERTAIN,45.25221784353866,60.71083815807586,0.17589916212524592,1.6284350182260345,1.0,3.510624032409277,13.869414028547872,1.3106544292886897,0.0,3.0,0.0,0.0,0.0,0.3,0.5,0.13509337382175302
FAC-REG-004,UNCERTAIN,33.47633844460225,45.8674377822757,7.00928969649432,1.0247082194386536,1.0,3.6975818905975384,8.842331395068943,2.5625765697112834,0.0,3.0,0.0,0.0,0.0,0.3,0.5,0.21746637395875257
FAC-REG-019,UNCERTAIN,25.740999664408392,31.90517922169716,4.96235173869951,3.250692567819229,0.0,3.595308107140146,14.4322338454261,2.274673037933082,0.0,3.0,0.0,0.0,0.0,0.3,0.5,0.13138158589701535
FAC-REG-011,UNCERTAIN,31.796473155741396,46.23360805873815,6.504382637665866,3.390679002019218,0.0,6.47144308116789,10.484108489153723,2.3468956739150624,0.0,3.0,0.0,0.0,0.0,0.3,0.5,0.24264372331570208
FAC-REG-006,UNCERTAIN,37.47212455443562,51.9868715549155,0.7801869900073655,3.2309259266271555,0.0,3.101822825158761,5.023326349106233,1.9669662758639495,0.0,3.0,0.0,0.0,0.0,0.3,0.41861052909218605,0.3506041883913679
FAC-REG-001,UNCERTAIN,41.86321290804876,54.57354631195682,7.154509636491238,3.0148234153986637,0.0,3.189457080075204,8.809928957690273,2.1900776854943675,0.0,3.0,0.0,0.0,0.0,0.3,0.5,0.20271504159211506
FAC-REG-010,UNCERTAIN,47.64775582912926,83.27588722611235,2.200099780619719,1.7755921295816761,1.0,1.96093757567044,11.998527307132923,2.573062622894639,0.0,3.0,0.0,0.0,0.0,0.8,0.5,0.1167088903974678
FAC-REG-013,UNCERTAIN,18.080081471807382,25.551678589106697,1.6402174462876329,1.8652600722127588,1.0,6.829868752535839,10.14475812412039,2.09776765286144,0.0,3.0,0.0,0.0,0.0,0.3,0.5,0.2576110466859583
FAC-REG-004,UNCERTAIN,47.33399818365164,57.241736321564126,9.204410364836187,2.609081993875088,0.0,3.2611992552706974,5.972059330208944,1.2695060154631426,0.0,3.0,0.0,0.0,0.0,0.3,0.49767161085074535,0.3023880007163656
FAC-REG-005,UNCERTAIN,52.70215739656204,64.23006209065757,6.973580668337705,1.561201253081821,1.0,1.9449456012692778,11.703898856790309,1.304715178491021,0.0,3.0,0.0,0.0,0.0,0.8,0.5,0.1191579901822882
FAC-REG-019,UNCERTAIN,51.740161893445716,84.05368454330095,4.003251833277885,1.2068467118771424,1.0,6.495250697858056,6.6992164630439,1.029478431661261,0.0,3.0,0.0,0.0,0.0,0.3,0.5,0.3804292913768936
FAC-REG-003,UNCERTAIN,41.02142304015234,70.72775210214108,4.845880831976181,3.3162027517785075,0.0,3.8008163618626147,15.592352037348686,1.5417757166712103,0.0,3.0,0.0,0.0,0.0,0.3,0.5,0.12503362196073667
FAC-REG-010,UNCERTAIN,32.08850405470305,51.869008621351476,1.5002417944651392,2.2620050830184826,0.0,2.8800896515296475,5.1939859427056465,2.111413567499769,0.0,3.0,0.0,0.0,0.0,0.8,0.4328321618921372,0.326739946391412
FAC-REG-009,UNCERTAIN,28.981689842306267,43.65952637252573,9.536033677507945,2.6262083749867187,0.0,5.875236465014702,6.862856184973374,1.886697421935088,0.0,3.0,0.0,0.0,0.0,0.3,0.5,0.3531894945624275
FAC-REG-016,UNCERTAIN,28.592198947020307,45.74090769217092,6.120470796577556,2.0679529060209294,0.0,3.0536666392238496,9.904235189535127,2.065792984247877,0.0,3.0,0.0,0.0,0.0,0.3,0.5,0.17643708238585049
FAC-REG-018,UNCERTAIN,40.7559530412431,46.81821444205873,5.528693935257713,2.4393473312317013,0.0,2.8932092157293416,11.536465345670027,1.8269947213725724,0.0,3.0,0.0,0.0,0.0,0.8,0.5,0.1474406218995798
FAC-REG-007,UNCERTAIN,39.61206836016949,56.904597672056084,9.246009904217127,2.7992239901133864,0.0,2.2250743977545726,6.843271379149025,2.4168211532909956,0.0,3.0,0.0,0.0,0.0,0.8,0.5,0.21797591303161967
FAC-REG-011,UNCERTAIN,27.35572877923837,37.88372156520528,9.619826200003397,2.305573236925821,0.0,5.095648589888917,19.065616620597986,2.6580648476652993,0.0,3.0,0.0,0.0,0.0,0.3,0.5,0.11839923035625698
FAC-REG-004,UNCERTAIN,43.40283918040531,57.35361585716409,1.6095548745672916,2.0233574095723617,0.0,5.80024881373138,14.139355894769775,1.6887540791180287,0.0,3.0,0.0,0.0,0.0,0.3,0.5,0.17033099599923243
FAC-REG-019,UNCERTAIN,32.71181528731192,45.026639374883565,4.241508800582665,1.6054517954318825,1.0,3.627668567373894,19.765721756395827,1.6627024004609696,0.0,3.0,0.0,0.0,0.0,0.3,0.5,0.09636096122054834
FAC-REG-010,UNCERTAIN,17.45796914200672,25.204617798298443,0.9141654911451769,1.399463905283926,1.0,3.989749277718702,6.488641464007797,2.7346368987219716,0.0,3.0,0.0,0.0,0.0,0.3,0.5,0.3078357290303853
FAC-REG-005,UNCERTAIN,47.65551600698332,54.91008034681736,4.028956110310057,1.0063839706701594,1.0,4.822843831616614,7.091271758109622,2.5626639677115817,0.0,3.0,0.0,0.0,0.0,0.3,0.5,0.30969020569524364
FAC-REG-010,UNCERTAIN,37.93752175049165,65.70942965571321,9.084462056904016,2.309779191760993,0.0,5.451923502777495,19.944353150794758,1.5378764226605515,0.0,3.0,0.0,0.0,0.0,0.3,0.5,0.1170725077429413
FAC-REG-016,UNCERTAIN,23.224825619857334,40.11175559021884,7.4448838994926625,1.2641071221756048,1.0,7.881487782786777,15.695387330577857,2.530939797288954,0.0,3.0,0.0,0.0,0.0,0.3,0.5,0.17886775892962753
FAC-REG-014,UNCERTAIN,37.723241352397544,59.94293973264016,5.429465845718413,2.666618664248194,0.0,6.816181413338072,9.98939300736314,2.5276036161136775,0.0,3.0,0.0,0.0,0.0,0.3,0.5,0.2613553957629129
FAC-REG-004,UNCERTAIN,34.62932834170664,58.757870561340205,6.253971931668133,2.5992551553977563,0.0,7.686749411629578,19.717766005174,2.1761105178751095,0.0,3.0,0.0,0.0,0.0,0.3,0.5,0.1406091727644178
FAC-REG-016,UNCERTAIN,42.35640263091959,57.93130058246582,9.874566169600774,2.762553148742147,0.0,3.3915441634645704,4.924260783553095,1.0804994724735422,0.0,3.0,0.0,0.0,0.0,0.3,0.4103550652960912,0.3739880226484086
FAC-REG-006,UNCERTAIN,45.77911496520852,81.22933381930913,2.151302264246792,2.3791989093815986,0.0,5.41146887371805,19.97836615894753,1.362131455899973,0.0,3.0,0.0,0.0,0.0,0.3,0.5,0.11643877127154566
FAC-REG-007,UNCERTAIN,54.99008696957185,78.51560730202422,4.138487445721671,2.4452372686492723,0.0,3.171888911885585,9.65498487184695,1.384903460200835,0.0,3.0,0.0,0.0,0.0,0.3,0.5,0.1844622011762612
FAC-REG-009,UNCERTAIN,46.382440270614694,72.8941351809738,2.5481781796476177,2.9491205143699175,0.0,3.1636988241245465,6.4049848202842075,1.6296557476369498,0.0,3.0,0.0,0.0,0.0,0.3,0.5,0.27770229043044836
FAC-REG-014,UNCERTAIN,40.827539499030124,58.965410151408484,7.332782958676516,2.416640194005156,0.0,3.2653930032725853,6.328632501162341,2.09102389998936,0.0,3.0,0.0,0.0,0.0,0.3,0.5,0.28553401468348366
FAC-REG-015,UNCERTAIN,15.988675686112833,28.2621999434947,4.158902132121951,2.972175274545201,0.0,2.4271823428173125,16.99768070560638,2.5482651597319617,0.0,3.0,0.0,0.0,0.0,0.8,0.5,0.09165613401586682
FAC-REG-010,UNCERTAIN,42.904928940727075,65.10115376471546,8.610409345262982,1.5392284199322142,1.0,2.6416849115026313,8.054057517727223,2.604790088943167,0.0,3.0,0.0,0.0,0.0,0.8,0.5,0.20180214634917307
FAC-REG-015,UNCERTAIN,32.79849613131387,57.68317025440269,8.713573412322077,2.2786070847940576,0.0,5.173971477610399,4.094935947936904,1.3879020805007778,0.0,3.0,0.0,0.0,0.0,0.3,0.3412446623280753,0.5554754917720376
FAC-REG-003,UNCERTAIN,16.364247195081997,26.75864752515427,8.354279612678818,2.5485538848363665,0.0,6.366703629428307,12.36329605075363,2.1130360821614,0.0,3.0,0.0,0.0,0.0,0.3,0.5,0.20409062139854284
FAC-REG-002,UNCERTAIN,55.537664112704554,89.01866450897211,3.4854665160337763,2.468458988171618,0.0,3.519951019920739,19.98639306845854,2.347910539231332,0.0,3.0,0.0,0.0,0.0,0.3,0.5,0.09387152770500778
FAC-REG-016,UNCERTAIN,34.046661424462314,52.18354278156472,3.416160624673348,1.0721620986450768,1.0,4.068075395318113,18.88769311327787,2.1273419705929584,0.0,3.0,0.0,0.0,0.0,0.3,0.5,0.10678630980089368
FAC-REG-007,UNCERTAIN,54.82471260277617,70.6258743019381,2.4376949308272744,1.742727421950802,1.0,5.251814534818724,12.715009494943626,1.8845447583211872,0.0,3.0,0.0,0.0,0.0,0.3,0.5,0.18023453133410855
FAC-REG-002,UNCERTAIN,40.96099085542707,48.67135777479137,2.348586929986005,1.852805781785786,1.0,2.770642141362769,6.402141533280409,1.1047559862345167,0.0,3.0,0.0,0.0,0.0,0.8,0.5,0.2599949705193994
FAC-REG-001,UNCERTAIN,28.06442717701048,34.922242076042906,4.75397371863883,2.285604919805931,0.0,2.85382883106302,13.737125405818409,2.301399927268748,0.0,3.0,0.0,0.0,0.0,0.8,0.5,0.1229753585984302
FAC-REG-012,UNCERTAIN,41.34532635858474,60.017344334137256,1.9554839835610216,2.8250274719364445,0.0,6.709444680856308,14.380689849394681,1.5830128499878922,0.0,3.0,0.0,0.0,0.0,0.3,0.5,0.18012067606061874
FAC-REG-009,UNCERTAIN,56.718110222303324,72.80981211731353,2.324690402167634,1.7441612648232856,1.0,4.368522230524992,9.026678604671417,1.6735830323303043,0.0,3.0,0.0,0.0,0.0,0.3,0.5,0.23154707298039487
FAC-REG-005,UNCERTAIN,51.13587220347149,73.30966617047916,7.995125039620917,2.263852874433227,0.0,3.9526305329644256,15.147856003354413,2.6211291302708153,0.0,3.0,0.0,0.0,0.0,0.3,0.5,0.1312477728359518
FAC-REG-013,UNCERTAIN,43.7259437198465,74.39651537229469,9.169833971814025,2.2510487395877044,0.0,5.045582512798284,17.328794097103852,1.9677242813452382,0.0,3.0,0.0,0.0,0.0,0.3,0.5,0.12962456589870047
FAC-REG-002,UNCERTAIN,59.77719255334721,74.01247297646186,0.9297799251282601,1.188582674008739,1.0,6.930217030707304,11.004420976933494,1.0056238293652688,0.0,3.0,0.0,0.0,0.0,0.3,0.5,0.2392248118267351
FAC-REG-013,UNCERTAIN,50.75979694322828,62.33716088925908,8.081187549853212,2.5300023438921704,0.0,2.7560339446516364,11.573666869324818,2.2274292996293887,0.0,3.0,0.0,0.0,0.0,0.8,0.5,0.1434403391612228
FAC-REG-008,UNCERTAIN,34.2261238304267,59.19601734492145,5.192634144878443,2.2646682463217207,0.0,1.9046288346194529,18.753926236762194,1.3188098236210712,0.0,3.0,0.0,0.0,0.0,0.8,0.5,0.07358901230496422
FAC-REG-017,UNCERTAIN,30.92598711073802,50.34909902577026,3.2314120625982645,2.969428700221421,0.0,5.918979931160938,13.242706723730702,1.6638415928241352,0.0,3.0,0.0,0.0,0.0,0.3,0.5,0.18371586949620175
FAC-REG-004,UNCERTAIN,46.96889105582987,54.669180490719356,9.705422561557597,3.4468697865387186,0.0,2.346447003727901,5.662965167556836,1.742890108749454,0.0,3.0,0.0,0.0,0.0,0.8,0.47191376396306967,0.2704963969212138
FAC-REG-014,UNCERTAIN,29.14845118682079,39.98893090529334,4.353976302115996,1.1839025724442904,1.0,4.739871962827463,11.909027968800954,2.059198889752942,0.0,3.0,0.0,0.0,0.0,0.3,0.5,0.18281296395492613
FAC-REG-009,UNCERTAIN,39.69155650228063,67.48686340198016,5.141705467076019,2.708741542745213,0.0,1.9891121149065638,11.184089267952688,1.1708077013845335,0.0,3.0,0.0,0.0,0.0,0.8,0.5,0.12610404178099718
FAC-REG-007,UNCERTAIN,21.45383755063237,26.118354173238046,0.45572521613820305,3.255385471632279,0.0,5.014993513377686,15.199350603421395,2.4905953166829535,0.0,3.0,0.0,0.0,0.0,0.3,0.5,0.14733643415457875
FAC-REG-004,UNCERTAIN,36.99940923390726,54.605045531344466,8.327966737677947,1.8555661132621664,1.0,2.6313322238727257,12.828962811311266,2.70103945156343,0.0,3.0,0.0,0.0,0.0,0.8,0.5,0.1264434380311957
FAC-REG-006,UNCERTAIN,49.066442450746486,71.77594010770876,6.475547776534225,2.0167004602416463,0.0,4.9490864791317595,12.116572084650155,2.2763986533239913,0.0,3.0,0.0,0.0,0.0,0.3,0.5,0.1836042589080346
FAC-REG-017,UNCERTAIN,24.2899211458081,35.68696424435163,2.040086365107671,1.301721169615601,1.0,4.821479147573226,5.266377935195642,2.057238336048381,0.0,3.0,0.0,0.0,0.0,0.3,0.43886482793297016,0.4169443795752167
FAC-REG-016,UNCERTAIN,49.79937944413851,57.141306833189134,9.078261449292853,1.7041252782379634,1.0,7.342713763765611,16.37610958081514,2.5681618653250418,0.0,3.0,0.0,0.0,0.0,0.3,0.5,0.165469351033248
FAC-REG-009,UNCERTAIN,20.903329676435938,31.662947662146237,6.722525000742134,1.0930780043807293,1.0,7.059759846443547,18.50027835663728,2.5308140920520654,0.0,3.0,0.0,0.0,0.0,0.3,0.5,0.14362058818904644
FAC-REG-005,UNCERTAIN,18.186158117081476,24.797611084237424,0.8108962832858413,2.9224196077584343,0.0,2.418547327117919,18.156110564199324,1.954399575864747,0.0,3.0,0.0,0.0,0.0,0.8,0.5,0.08565534651674475
FAC-REG-017,UNCERTAIN,55.36758607675315,61.56795067586001,6.98820581244282,3.3869438810630386,0.0,6.090483104726829,19.90259181170851,2.2375808299509954,0.0,3.0,0.0,0.0,0.0,0.3,0.5,0.12399844398230014
FAC-REG-001,UNCERTAIN,46.8908123464543,63.009026775044724,1.0133548413259696,1.9666613920050096,1.0,7.221401559156192,19.68854194061824,1.7070397427808686,0.0,3.0,0.0,0.0,0.0,0.3,0.5,0.13648885565582958
FAC-REG-017,UNCERTAIN,37.934448730884526,60.7675927338482,0.4537142227382318,2.3932799299600584,0.0,1.9560525853714377,8.29788731350079,2.0202657865636215,0.0,3.0,0.0,0.0,0.0,0.8,0.5,0.16854766107088914
FAC-REG-015,UNCERTAIN,53.386829795242946,78.1957708058692,6.213020891720989,1.2284286014035368,1.0,4.311997063668297,7.636838515816381,1.4576050541485164,0.0,3.0,0.0,0.0,0.0,0.3,0.5,0.2719102760991275
FAC-REG-012,UNCERTAIN,59.44721409351019,97.15045080244812,5.737693055793639,2.89152422434498,0.0,3.2760367265156605,8.537648436154123,2.177828823092182,0.0,3.0,0.0,0.0,0.0,0.3,0.5,0.21200012328779527
FAC-REG-007,UNCERTAIN,25.35408564180178,38.73970217573558,5.228275273109287,1.019244507386782,1.0,6.895424919272566,15.265957667718954,2.191292721420586,0.0,3.0,0.0,0.0,0.0,0.3,0.5,0.17201109608266302
FAC-REG-015,UNCERTAIN,42.29364776084209,64.85655388489546,8.47058190871695,1.425203783168326,1.0,3.8874106594985927,13.376027637611383,1.5099899295009274,0.0,3.0,0.0,0.0,0.0,0.3,0.5,0.1474018903520607
FAC-REG-018,UNCERTAIN,45.700186951769595,81.1865816952325,3.6300144998256147,1.155560431630605,1.0,7.334491054225504,4.607195683837933,2.7149786148759993,0.0,3.0,0.0,0.0,0.0,0.3,0.3839329736531611,0.5878253795461799
FAC-REG-011,UNCERTAIN,18.204004431352416,31.32987476227361,7.658255469624436,1.4923529331122287,1.0,5.53304182589265,16.71487309489945,2.6012631544603564,0.0,3.0,0.0,0.0,0.0,0.3,0.5,0.14072747420602205
FAC-REG-002,UNCERTAIN,47.71556046148758,66.68477280453644,9.247859097140136,1.417444705572526,1.0,3.237694155675818,5.011589428010138,2.4318117247196573,0.0,3.0,0.0,0.0,0.0,0.3,0.4176324523341782,0.3590396618746142
FAC-REG-002,UNCERTAIN,22.397956022413922,29.09301784242378,7.42985323370604,2.1938100898032182,0.0,3.9377684142168623,9.89958408441269,1.3501539548200956,0.0,3.0,0.0,0.0,0.0,0.3,0.5,0.20045095826759962
FAC-REG-002,UNCERTAIN,54.400936500047145,79.45781045396942,7.2925197312841465,1.0892773725703577,1.0,3.8735618119071864,11.666709558327069,1.3355503393783323,0.0,3.0,0.0,0.0,0.0,0.3,0.5,0.16869680560927117
FAC-REG-019,UNCERTAIN,42.79371227445952,71.63859508674837,6.006779229552052,3.4070915831070154,0.0,5.575056901044074,16.553666005511488,2.579647190560061,0.0,3.0,0.0,0.0,0.0,0.3,0.5,0.14263643106443755
FAC-REG-018,UNCERTAIN,58.74996169351525,104.85438000265877,4.712233309037432,1.4068727694559515,1.0,2.8135480473533523,18.233622321990314,2.641029407793525,0.0,3.0,0.0,0.0,0.0,0.8,0.5,0.09199287951401876
FAC-REG-004,UNCERTAIN,49.47793797614601,80.05292257056607,6.61821597989107,3.0681923871798475,0.0,5.955143049762087,12.544036891959989,1.4265214526586822,0.0,3.0,0.0,0.0,0.0,0.3,0.5,0.19453993951504225
FAC-REG-019,UNCERTAIN,58.66878657240887,67.03186309059737,1.081226072960615,2.2652086641143923,0.0,4.926213864798624,4.63884254088274,2.4865397575470136,0.0,3.0,0.0,0.0,0.0,0.3,0.3865702117402283,0.4784615026339863
FAC-REG-014,UNCERTAIN,19.477473641547704,30.37148300843677,7.910857215280299,1.887294600911768,1.0,7.7018975159947605,17.611690953376595,1.530312939432826,0.0,3.0,0.0,0.0,0.0,0.3,0.5,0.1575788083061833
FAC-REG-018,UNCERTAIN,28.34957292531274,36.76705240592906,8.89964607500909,3.417802945636869,0.0,1.9578599088066924,11.540717256533068,1.9869975973536322,0.0,3.0,0.0,0.0,0.0,0.8,0.5,0.12124337178211506
FAC-REG-017,UNCERTAIN,31.987396911188515,42.28598539940259,5.360563543270873,2.652977249329845,0.0,6.072653218227683,6.188080377814201,2.4633058635003184,0.0,3.0,0.0,0.0,0.0,0.3,0.5,0.398229377075965
FAC-REG-018,UNCERTAIN,41.59607946878948,55.8749197341891,0.058969400367867575,1.087579132351542,1.0,5.814871999246334,12.372128770487702,2.477820267372292,0.0,3.0,0.0,0.0,0.0,0.3,0.5,0.19490619718983912
FAC-REG-010,UNCERTAIN,47.18241305422969,82.55845310556813,7.969747788958131,2.523243598228536,0.0,2.2530430505244694,8.663690761265576,2.7439163327771046,0.0,3.0,0.0,0.0,0.0,0.8,0.5,0.17325341460116125
FAC-REG-016,UNCERTAIN,31.30855135020963,50.822226636928356,8.70266465351017,1.967967441034647,1.0,5.770505763105064,16.113981183635353,1.3422266158403462,0.0,3.0,0.0,0.0,0.0,0.3,0.5,0.14907474919936933
FAC-REG-006,UNCERTAIN,50.519535466252364,66.7849137771299,8.537631020019775,3.0065760540000843,0.0,5.79911321527209,9.19799787358862,1.929369810990106,0.0,3.0,0.0,0.0,0.0,0.3,0.5,0.2618107585105331
FAC-REG-012,UNCERTAIN,28.62261582351986,48.167742250569646,7.84623283769988,1.0543520195916871,1.0,3.0564562915557625,12.687078492763613,2.2917112660346666,0.0,3.0,0.0,0.0,0.0,0.3,0.5,0.13779944487506157
FAC-REG-009,UNCERTAIN,37.93963530745721,55.62744400940379,2.152687740328598,2.7967598737549326,0.0,2.0510740542434034,13.173179409648371,2.027383833854622,0.0,3.0,0.0,0.0,0.0,0.8,0.5,0.1087176518809657
FAC-REG-014,UNCERTAIN,38.67822645471871,46.256988495559085,5.727532592481626,1.228319110913331,1.0,2.824659929449491,4.497737346998658,1.9239284484270969,0.0,3.0,0.0,0.0,0.0,0.8,0.3748114455832215,0.3736706556656776
FAC-REG-002,UNCERTAIN,40.497060612758595,45.183092006840766,9.900863745790824,2.3938109404856647,0.0,1.7287675139111556,13.439641675193597,1.786741764921422,0.0,3.0,0.0,0.0,0.0,0.8,0.5,0.09783192671253092
FAC-REG-012,UNCERTAIN,16.48133640437792,27.502666334618983,5.618138803383087,2.3652283132409817,0.0,7.725785687896827,15.962313801548369,2.5302139625010014,0.0,3.0,0.0,0.0,0.0,0.3,0.5,0.17413075540095316
FAC-REG-002,UNCERTAIN,17.98580273945914,20.349530894544266,8.226562836884256,3.0918439248622973,0.0,6.223550547199397,9.643920200273474,2.478258009799916,0.0,3.0,0.0,0.0,0.0,0.3,0.5,0.25868157856668683
FAC-REG-003,UNCERTAIN,48.26803329358967,84.0506228594212,4.577140514982325,2.607059220688579,0.0,2.1697413513381534,18.47142013683726,2.0234875844258817,0.0,3.0,0.0,0.0,0.0,0.8,0.5,0.079745042972391
FAC-REG-004,UNCERTAIN,26.54162368656477,39.02739049584868,9.604797515609775,1.2240863620520694,1.0,5.939824337192162,19.39622524856275,1.54103879449724,0.0,3.0,0.0,0.0,0.0,0.3,0.5,0.12565205096509174
FAC-REG-018,UNCERTAIN,51.05463845293663,73.12701592083987,6.451056765863918,2.24978596966715,0.0,5.603269668167535,6.208494643146185,1.0695940951205798,0.0,3.0,0.0,0.0,0.0,0.3,0.5,0.3812715951253491
FAC-REG-013,UNCERTAIN,43.471963948478674,58.54671497201031,0.7681102763992054,2.8826440247872736,0.0,6.222420258464498,18.601640347822418,2.314957637809652,0.0,3.0,0.0,0.0,0.0,0.3,0.5,0.13409989153910848
FAC-REG-014,UNCERTAIN,30.88865208303897,34.111205406158454,4.9398726543014035,1.9016741607732568,1.0,5.110368465865371,15.533203649324813,1.451751067863738,0.0,3.0,0.0,0.0,0.0,0.3,0.5,0.14553420276387838
FAC-REG-003,UNCERTAIN,20.400582998660134,33.16280530513421,2.2280684240028514,3.4857490845100965,0.0,2.5909048888712594,16.620347449047895,2.2690800492859617,0.0,3.0,0.0,0.0,0.0,0.8,0.5,0.09684688058534441
FAC-REG-007,UNCERTAIN,29.60593510332153,41.06529059807365,8.08212830516503,2.925398807715381,0.0,2.949353586119929,13.858865305712124,1.4382214439895957,0.0,3.0,0.0,0.0,0.0,0.8,0.5,0.12391838560971073
FAC-REG-015,UNCERTAIN,57.26431576792579,90.9410041881408,0.5083266421334864,1.732471343156516,1.0,1.826403771985245,17.280266725996576,2.6313335234328896,0.0,3.0,0.0,0.0,0.0,0.8,0.5,0.07820741945073378
FAC-REG-006,UNCERTAIN,41.840524783827746,64.66084365939324,8.492687504381811,2.674727169646017,0.0,6.2640620431138965,7.746698979146279,1.6682804634071275,0.0,3.0,0.0,0.0,0.0,0.3,0.5,0.3230809452140686
FAC-REG-006,UNCERTAIN,57.875677218731084,86.7999049903882,3.066483214286179,1.9466866517664614,1.0,6.146479037492657,9.864275256873926,1.4099687255679187,0.0,3.0,0.0,0.0,0.0,0.3,0.5,0.25133213467521603
FAC-REG-015,UNCERTAIN,47.80198552731167,58.62414049973636,0.6964826992629758,2.0673861137411924,0.0,1.7572112517737994,19.43996893348619,2.129127341634711,0.0,3.0,0.0,0.0,0.0,0.8,0.5,0.06818932967240235
FAC-REG-010,UNCERTAIN,22.760433890180735,34.11515769699339,3.565657573377936,2.935666860469284,0.0,5.047742156522958,10.93334200839906,2.7333644465174887,0.0,3.0,0.0,0.0,0.0,0.3,0.5,0.20549234478847903
FAC-REG-007,UNCERTAIN,23.462193891610887,25.875102464715383,7.1983846135049,2.063835744302999,0.0,3.5317357260060787,16.187534257523005,2.498476194315361,0.0,3.0,0.0,0.0,0.0,0.3,0.5,0.11609496869682363
FAC-REG-002,UNCERTAIN,23.86657889105835,37.617846355099516,2.2145194042670946,1.0031419884845278,1.0,7.569453778743883,8.896243859432861,1.353937676438804,0.0,3.0,0.0,0.0,0.0,0.3,0.5,0.3092613103209232
FAC-REG-018,UNCERTAIN,15.038416384683147,18.618223100403842,1.8839298240357383,2.792798713830731,0.0,3.791150729387402,11.31617287346913,1.2675234348458289,0.0,3.0,0.0,0.0,0.0,0.3,0.5,0.1720623905030056
FAC-REG-016,UNCERTAIN,19.643991535762623,28.938159174173773,0.9793836538285594,2.9762709529328903,0.0,5.1829111640131815,15.58348598037627,1.753329495974831,0.0,3.0,0.0,0.0,0.0,0.3,0.5,0.14609059836809496
FAC-REG-012,UNCERTAIN,19.419400007198863,28.482413113343735,5.1450216485709195,2.170255111124013,0.0,6.31336937043592,17.32007040051767,2.3514214149073145,0.0,3.0,0.0,0.0,0.0,0.3,0.5,0.1450711141700574
FAC-REG-015,UNCERTAIN,21.145511701648516,23.50635786130742,7.5155305634902625,1.5960592512383889,1.0,1.5130457979533314,17.95891772056232,1.7988199092836306,0.0,3.0,0.0,0.0,0.0,0.8,0.5,0.06849295069849892
FAC-REG-003,UNCERTAIN,30.962623557638736,34.724861780957056,5.373102590036105,3.3080646962155815,0.0,5.376468912565377,19.54640967391189,1.2456120128868253,0.0,3.0,0.0,0.0,0.0,0.3,0.5,0.11862646054936754
FAC-REG-007,UNCERTAIN,57.72846192803701,87.88117675526394,9.031525112022932,1.994694448688738,1.0,6.769368368955674,17.658471671188977,2.2653087241216054,0.0,3.0,0.0,0.0,0.0,0.3,0.5,0.1473401002137736
FAC-REG-001,UNCERTAIN,49.68477096947732,77.7274059906801,2.1581118641865817,2.0105893895986986,0.0,6.544844821993591,19.25483173441301,1.1421045367059195,0.0,3.0,0.0,0.0,0.0,0.3,0.5,0.1328648033953541
FAC-REG-013,UNCERTAIN,21.957339153166874,27.327743745013155,4.002770074144801,2.8503580169023826,0.0,3.1543580074870547,15.177808020139523,1.884721276728718,0.0,3.0,0.0,0.0,0.0,0.3,0.5,0.11701631999500542
FAC-REG-002,UNCERTAIN,25.4811552400065,36.0711151485487,0.9666476716567107,1.8378828565558016,1.0,4.794722886209319,15.723843429372678,1.3565388161055372,0.0,3.0,0.0,0.0,0.0,0.3,0.5,0.13925892722868508
FAC-REG-009,UNCERTAIN,58.6230050654784,97.71969018291074,7.511537036455785,2.9009684554512587,0.0,4.028894612521242,16.02592881351702,1.6961863754853237,0.0,3.0,0.0,0.0,0.0,0.3,0.5,0.12524769566253613
FAC-REG-015,UNCERTAIN,43.71627698209609,50.07117568291763,3.4217298268684013,3.473290458773025,0.0,2.7773168772514722,13.387665254635017,2.5172931517790706,0.0,3.0,0.0,0.0,0.0,0.8,0.5,0.1244823768054501
FAC-REG-001,UNCERTAIN,31.31069318765522,39.87151622293384,4.086759787921972,2.2893402610359246,0.0,6.349746571821036,5.936780418757419,1.3988965388304715,0.0,3.0,0.0,0.0,0.0,0.3,0.49473170156311824,0.42445065683328276
FAC-REG-009,UNCERTAIN,34.618616970017015,40.74525985270442,2.66716486167321,1.6492777601658253,1.0,4.664065780210034,11.375676587093714,1.7801347912693126,0.0,3.0,0.0,0.0,0.0,0.3,0.5,0.18984759374923585
FAC-REG-007,UNCERTAIN,47.34129242163925,70.20609154624644,4.467811630313781,3.0244600668457844,0.0,3.082719184703683,18.13081552982917,2.009887723660067,0.0,3.0,0.0,0.0,0.0,0.3,0.5,0.0968388544530582
FAC-REG-005,UNCERTAIN,54.37765338760243,90.93617833726555,6.015620688219004,2.8829692596204355,0.0,4.316576686513829,12.75804405599594,1.1117262460753201,0.0,3.0,0.0,0.0,0.0,0.3,0.5,0.16284920129748032
FAC-REG-012,UNCERTAIN,41.85494681689249,54.69436309900687,0.5170299984067017,2.9189877956329404,0.0,3.7914263234097407,18.235595855999506,1.7111021924858507,0.0,3.0,0.0,0.0,0.0,0.3,0.5,0.10677789422794581
FAC-REG-005,UNCERTAIN,41.795246916118344,68.71167999145139,5.059262544921705,2.273504673827426,0.0,6.214518741014553,11.977991412260536,2.0952839558145104,0.0,3.0,0.0,0.0,0.0,0.3,0.5,0.20812284483723253
FAC-REG-019,UNCERTAIN,46.43294470805895,55.790589528448784,0.14616884317613987,2.561950251710159,0.0,2.259938219141344,16.32658618738037,2.5587387163014768,0.0,3.0,0.0,0.0,0.0,0.8,0.5,0.0920773683141983
FAC-REG-006,UNCERTAIN,44.90146333078762,64.5418314905345,3.522810807057991,2.227312734965827,0.0,2.737289484342038,9.574762364625489,2.292274944702096,0.0,3.0,0.0,0.0,0.0,0.8,0.5,0.17279547302997722
FAC-REG-012,UNCERTAIN,26.883021105314924,43.67226833494846,1.778359358272208,1.6147189661834442,1.0,1.6140591583472272,15.520825592561708,2.112226418019581,0.0,3.0,0.0,0.0,0.0,0.8,0.5,0.08185494205913259
FAC-REG-006,UNCERTAIN,50.65579339597187,64.82366070989778,4.443351670829699,2.6477838040538684,0.0,4.358495275272933,15.157212325086652,2.1411521351927956,0.0,3.0,0.0,0.0,0.0,0.3,0.5,0.13773647222777108
FAC-REG-015,UNCERTAIN,43.8822629686217,53.82974465700333,5.407099549161969,2.125698707161352,0.0,4.496633211090989,11.510112809321525,2.586649534880171,0.0,3.0,0.0,0.0,0.0,0.3,0.5,0.18423161183965006
FAC-REG-005,UNCERTAIN,25.251463080425914,42.01213102070804,6.382322463602024,2.4136803288756257,0.0,2.9686926205461504,18.68922499629826,1.3441294703751692,0.0,3.0,0.0,0.0,0.0,0.8,0.5,0.09219159399598885
FAC-REG-003,UNCERTAIN,58.50027000173819,94.12488168505497,9.928587751846297,2.6276277924448666,0.0,2.9134922334253175,7.261111899464181,1.5842157116598572,0.0,3.0,0.0,0.0,0.0,0.8,0.5,0.2350735699142667
FAC-REG-004,UNCERTAIN,45.676431153727556,58.83432416654455,8.151832322927529,1.8979316263982506,1.0,4.619717207511533,19.451022664965908,1.4359098214850987,0.0,3.0,0.0,0.0,0.0,0.3,0.5,0.11050075764904312
FAC-REG-006,UNCERTAIN,41.77537897635145,50.20119226335715,7.567323131256271,1.5454374406949303,1.0,6.686847765698208,7.0381117796138835,2.2984598146623374,0.0,3.0,0.0,0.0,0.0,0.3,0.5,0.3674130332616344
FAC-REG-012,UNCERTAIN,48.91298462629616,83.43391138529732,8.786215968075725,2.9591839825490096,0.0,4.152092085488746,19.70892836348523,1.6832685588803917,0.0,3.0,0.0,0.0,0.0,0.3,0.5,0.1033880817189448
FAC-REG-019,UNCERTAIN,19.977936910452975,25.051654882756175,5.950789355038547,3.4416515930253553,0.0,4.419700994547817,14.99477908175204,1.9709644078798751,0.0,3.0,0.0,0.0,0.0,0.3,0.5,0.1402026985728355
FAC-REG-010,UNCERTAIN,45.22977268630034,58.99485378860846,4.896900421608815,1.2760859282717911,1.0,4.565315931984491,7.9011816416064775,1.6283745756893477,0.0,3.0,0.0,0.0,0.0,0.3,0.5,0.2704228419737107
FAC-REG-010,UNCERTAIN,32.4517444174919,48.31498474246731,1.4114180147574362,1.968147600636085,1.0,4.405341201117804,19.762019578817988,1.632618584714292,0.0,3.0,0.0,0.0,0.0,0.3,0.5,0.10620829823037665
FAC-REG-004,UNCERTAIN,21.18369749219107,24.27306369025359,8.715420140012304,2.8268372560142163,0.0,3.5637453693646988,12.073248046355664,1.2443395320133095,0.0,3.0,0.0,0.0,0.0,0.3,0.5,0.15636127735854927
FAC-REG-012,UNCERTAIN,18.164876643934754,29.60735277463067,5.468365102699866,1.697126325216912,1.0,7.106733301399469,19.777149925421668,1.4578283821557483,0.0,3.0,0.0,0.0,0.0,0.3,0.5,0.13479423026201134
FAC-REG-006,UNCERTAIN,33.27774058101687,50.72606242865234,4.388478097113639,3.335192123178711,0.0,4.975808150187822,15.099616983399075,2.6136734907564936,0.0,3.0,0.0,0.0,0.0,0.3,0.5,0.14772904231690334
FAC-REG-009,UNCERTAIN,36.66440412654026,48.50914521517236,7.808257128271341,2.7154894492138917,0.0,4.432409346756824,10.709386518379787,1.1306613577044136,0.0,3.0,0.0,0.0,0.0,0.3,0.5,0.19658724560604768
FAC-REG-001,UNCERTAIN,33.78717835582198,55.99298138061827,5.426540563071215,3.3417651084555637,0.0,2.7749151925964908,19.842405446160637,1.5362545497617912,0.0,3.0,0.0,0.0,0.0,0.8,0.5,0.0839519016113992
FAC-REG-010,UNCERTAIN,21.558352914329,27.18492628073882,6.180906231649904,1.1685596655092043,1.0,4.520704415625243,13.75138537617223,1.7593451062614944,0.0,3.0,0.0,0.0,0.0,0.3,0.5,0.15461677224149428
FAC-REG-006,UNCERTAIN,29.65418189278521,53.03551402047194,2.0542325659526273,1.257035965577634,1.0,3.5317032678992213,18.169356630857422,1.9393335000915124,0.0,3.0,0.0,0.0,0.0,0.3,0.5,0.10343143597961652
FAC-REG-003,UNCERTAIN,15.983311974350043,21.609672048703683,8.8948999039953,2.725983346484209,0.0,2.445248584120359,13.458480073963827,2.6060155479079685,0.0,3.0,0.0,0.0,0.0,0.8,0.5,0.1161891279649435
FAC-REG-002,UNCERTAIN,29.90293863454805,53.747245786757794,3.5563332180735574,2.07150659945128,0.0,6.759326964827574,5.418179742289482,1.6956821909053263,0.0,3.0,0.0,0.0,0.0,0.3,0.4515149785241235,0.4798420670036399
FAC-REG-018,UNCERTAIN,15.35793815753433,26.804546418122865,0.5438696600157233,1.6644341420435884,1.0,4.847421055730914,11.678811024070304,2.0884776289973055,0.0,3.0,0.0,0.0,0.0,0.3,0.5,0.1885197005949884
FAC-REG-011,UNCERTAIN,38.366215691319894,64.21948967451095,8.803787251861742,3.1243518203634384,0.0,6.778858687719754,6.923409177012541,2.068977205657398,0.0,3.0,0.0,0.0,0.0,0.3,0.5,0.3760609951393413
FAC-REG-015,UNCERTAIN,46.240434547041176,56.45625293287484,8.526322327715398,1.350064223674714,1.0,4.1052808880523735,5.204121620931293,1.98137994187132,0.0,3.0,0.0,0.0,0.0,0.3,0.4336768017442744,0.38933549663921146
FAC-REG-018,UNCERTAIN,33.31207385860479,46.93427761007538,0.6064999053341902,1.3468479677743619,1.0,4.056777772663807,15.194982718956295,1.0864456976798436,0.0,3.0,0.0,0.0,0.0,0.3,0.5,0.13255325551964658
FAC-REG-002,UNCERTAIN,46.27823783705321,76.56436202239775,1.9022070409531333,2.828717829733643,0.0,7.710176011513692,18.508994401543173,2.420876939279516,0.0,3.0,0.0,0.0,0.0,0.3,0.5,0.15002005562602122
FAC-REG-009,UNCERTAIN,32.74069812581855,46.74469470097759,9.062657925730495,3.326759982981185,0.0,7.320191377435628,6.213933789018212,2.530151238395145,0.0,3.0,0.0,0.0,0.0,0.3,0.5,0.43540618727092184
FAC-REG-015,UNCERTAIN,31.25623625581221,45.729511550148274,7.790952558129959,2.405195343914122,0.0,7.957642891090622,11.291413842509254,2.2850968801732794,0.0,3.0,0.0,0.0,0.0,0.3,0.5,0.24982960298853232
FAC-REG-017,UNCERTAIN,18.154933767277882,22.600481680595404,3.353742848795249,1.9214967379653973,1.0,5.8946801811520295,12.464341448952386,1.6877952465495882,0.0,3.0,0.0,0.0,0.0,0.3,0.5,0.1947873664970216
FAC-REG-013,UNCERTAIN,56.45788852560483,72.05017878730057,3.5523551733050263,1.3849024852610654,1.0,5.989698812488298,19.363014880158804,2.153713995726716,0.0,3.0,0.0,0.0,0.0,0.3,0.5,0.1263948890984881
FAC-REG-010,UNCERTAIN,39.90704687251953,46.36875673254828,7.2950382642938365,2.505123858873377,0.0,5.799598997565866,18.380977488438745,2.411129416709832,0.0,3.0,0.0,0.0,0.0,0.3,0.5,0.13101782330320697
FAC-REG-018,UNCERTAIN,55.712742334032576,96.28410983825346,0.5315408543707967,2.5236160179391804,0.0,2.3103644585933116,5.255497787904876,1.8068988624953148,0.0,3.0,0.0,0.0,0.0,0.8,0.43795814899207297,0.2892187134396619
FAC-REG-010,UNCERTAIN,17.559934726026707,20.141428591120313,7.310357583283108,2.2529165714079302,0.0,3.897836632883858,5.689872724187776,2.3180324503706,0.0,3.0,0.0,0.0,0.0,0.3,0.47415606034898133,0.34698385249995306
FAC-REG-005,UNCERTAIN,26.939583152910025,41.93478662894526,5.590108925968417,1.9060266045332541,1.0,5.669668560236323,8.33954432614589,2.4306944708877882,0.0,3.0,0.0,0.0,0.0,0.3,0.5,0.285519986465831
FAC-REG-013,UNCERTAIN,37.393719532696124,56.70574959318649,8.406006225041452,1.073957111363094,1.0,3.8591268491416972,17.05109403591145,2.4651186108431014,0.0,3.0,0.0,0.0,0.0,0.3,0.5,0.11521055732207247
FAC-REG-003,UNCERTAIN,44.618883369601505,52.95869392446897,5.0704765904767815,1.0468257301510497,1.0,4.045412225990111,5.197485143542481,1.8552649242823884,0.0,3.0,0.0,0.0,0.0,0.3,0.43312376196187347,0.38697965643065685
FAC-REG-012,UNCERTAIN,41.09522238371764,63.40193737567777,3.681635138512874,2.8363003946185827,0.0,4.716756667181428,4.289066161533826,2.095446876176161,0.0,3.0,0.0,0.0,0.0,0.3,0.35742218012781884,0.5063595327530668
FAC-REG-013,UNCERTAIN,34.04577486705839,50.88905309965079,9.506819368070826,1.272151116616638,1.0,1.7139394962976289,13.727314940960722,2.7083747600711674,0.0,3.0,0.0,0.0,0.0,0.8,0.5,0.09537007974190419
FAC-REG-006,UNCERTAIN,36.78739113264008,52.519781419704515,6.449637707451962,2.3890868930124247,0.0,5.621572374491768,17.983990808606308,2.343351105077697,0.0,3.0,0.0,0.0,0.0,0.3,0.5,0.1318386754830931
FAC-REG-006,UNCERTAIN,42.304550638674954,56.33554625267024,5.102578212000898,1.3255353208217648,1.0,4.439222679331811,5.452413102872864,1.088359749908183,0.0,3.0,0.0,0.0,0.0,0.3,0.45436775857273864,0.38642455234266965
FAC-REG-014,UNCERTAIN,52.01940565726661,67.37079548439505,5.2264343313114905,1.8624052118980805,1.0,2.1812259320073286,19.33277572914081,2.538412966450543,0.0,3.0,0.0,0.0,0.0,0.8,0.5,0.07639344816949875
FAC-REG-019,UNCERTAIN,54.4721910908105,60.37060254792396,0.6132098283506782,3.0126804020702562,0.0,3.333054189024864,15.565124817835157,1.2632063485922447,0.0,3.0,0.0,0.0,0.0,0.3,0.5,0.11729205074159209
FAC-REG-001,UNCERTAIN,23.663349231890912,37.78047599523746,0.6140658314112168,3.2973368577762434,0.0,2.026986954957442,18.6277020215066,1.8834530490148649,0.0,3.0,0.0,0.0,0.0,0.8,0.5,0.0764304109582113
FAC-REG-008,UNCERTAIN,19.340704670539637,32.87531326196408,1.7780323811008125,3.1544621163442597,0.0,4.997142760381889,18.051306787629496,1.2730665603727367,0.0,3.0,0.0,0.0,0.0,0.3,0.5,0.12383751571548055
FAC-REG-010,UNCERTAIN,47.00522766617261,75.1461298787589,1.1546977517788792,2.4255986061145016,0.0,5.194347685832534,14.919206723046402,1.153715845843146,0.0,3.0,0.0,0.0,0.0,0.3,0.5,0.15276356200887337
FAC-REG-006,UNCERTAIN,36.85836104775844,65.33215540980382,4.736018014946844,1.6320736129888507,1.0,3.7819955518310486,18.161345909975147,2.7187894697815906,0.0,3.0,0.0,0.0,0.0,0.3,0.5,0.10708101436984614
FAC-REG-007,UNCERTAIN,37.93208499710756,46.576134041673754,1.2322101207046454,1.1494165191033656,1.0,1.6151469118083002,18.049867553690913,2.4563553684460198,0.0,3.0,0.0,0.0,0.0,0.8,0.5,0.07040961931144112
FAC-REG-007,UNCERTAIN,57.88734324907385,90.221840071298,4.645745670402535,1.380426790282824,1.0,4.851359734153291,6.523898766168436,1.71721234764314,0.0,3.0,0.0,0.0,0.0,0.3,0.5,0.3376171708977333
FAC-REG-008,UNCERTAIN,21.87542731395602,32.98109225405651,6.023641741274721,1.4845106061697897,1.0,2.7778128192827416,19.832796661197232,1.4379059311519815,0.0,3.0,0.0,0.0,0.0,0.8,0.5,0.08403641743304151
FAC-REG-003,UNCERTAIN,39.13573325548002,50.96782785332165,3.5131554525317554,1.85722332399014,1.0,3.6234076747618293,7.886554749146397,2.0959607703326193,0.0,3.0,0.0,0.0,0.0,0.3,0.5,0.24136332352817824
FAC-REG-016,UNCERTAIN,28.818708588750354,35.46678143523073,8.385776663714248,2.854458327224258,0.0,7.550440705139418,6.648315769678554,1.2596523654098648,0.0,3.0,0.0,0.0,0.0,0.3,0.5,0.4133086666370046
FAC-REG-011,UNCERTAIN,42.64951446757929,61.24988082321375,5.989666363238754,1.4509494221876784,1.0,4.617489402066542,14.529480975034685,1.7788716086476666,0.0,3.0,0.0,0.0,0.0,0.3,0.5,0.14789478250568813
FAC-REG-008,UNCERTAIN,40.62061250218734,67.49853847931031,6.293625638701174,2.9699256685206596,0.0,6.029084778170387,7.089965444219784,1.0942380103344378,0.0,3.0,0.0,0.0,0.0,0.3,0.5,0.34632319300248215
FAC-REG-009,UNCERTAIN,17.071491126377335,30.570651837160337,2.6369825545106695,1.3165528042269325,1.0,3.9033913018246817,15.816912650136906,1.529049874403018,0.0,3.0,0.0,0.0,0.0,0.3,0.5,0.12491060987400127
FAC-REG-005,UNCERTAIN,28.69774586483985,37.61505687454497,4.835772911480591,2.011496665419461,0.0,3.9124948008211353,14.031550540897653,1.0206864453403677,0.0,3.0,0.0,0.0,0.0,0.3,0.5,0.14096822189898023
FAC-REG-004,UNCERTAIN,43.83300116883505,73.17440845039111,3.4947449595816926,2.4882768796086254,0.0,2.6091833268886844,8.982021390485182,1.0364863702114946,0.0,3.0,0.0,0.0,0.0,0.8,0.5,0.17983665348358527
FAC-REG-007,UNCERTAIN,33.045441889783504,55.228447232025424,7.083729960227263,3.0718606643211923,0.0,3.356781352288738,6.961739686845524,2.749430228773007,0.0,3.0,0.0,0.0,0.0,0.3,0.5,0.2631744638407676
FAC-REG-006,UNCERTAIN,15.591001816947017,21.018590234891526,7.428166905773317,1.1949570824749582,1.0,5.187709542198082,10.865164279280052,1.0317097128539932,0.0,3.0,0.0,0.0,0.0,0.3,0.5,0.20962908026652424
FAC-REG-012,UNCERTAIN,20.033697585584513,30.893480968886294,2.42397876251889,1.6940487490484708,1.0,7.338550888300958,11.473969483090231,1.7058306645446901,0.0,3.0,0.0,0.0,0.0,0.3,0.5,0.23609754141109252
FAC-REG-008,UNCERTAIN,55.932620859731045,62.506126477444134,4.4823884655539645,2.526953390194868,0.0,3.5706601378189324,16.358523553971867,2.748658726486493,0.0,3.0,0.0,0.0,0.0,0.3,0.5,0.11551281137637322
FAC-REG-010,UNCERTAIN,43.40116032935094,51.48560015985849,4.913107675126978,2.6379545341921684,0.0,5.264331458910816,6.24000772321188,1.2904720687266928,0.0,3.0,0.0,0.0,0.0,0.3,0.5,0.367693951450796
FAC-REG-010,UNCERTAIN,27.026113878197357,46.36260460187848,1.6247915337690344,1.160982366165591,1.0,3.249711861115967,13.71112660541126,1.221558136125887,0.0,3.0,0.0,0.0,0.0,0.3,0.5,0.13147684887552696
FAC-REG-017,UNCERTAIN,35.245313519464204,54.84030107913577,8.154086413224755,1.6686384569359258,1.0,4.838343296400388,14.592153033824745,1.992885158771369,0.0,3.0,0.0,0.0,0.0,0.3,0.5,0.1507401573386683
FAC-REG-003,UNCERTAIN,50.8327097232778,62.084667712629134,9.04979833786364,3.381491872637028,0.0,3.8762262034892037,10.018908647775229,2.3379008660509495,0.0,3.0,0.0,0.0,0.0,0.3,0.5,0.19650976659044594
FAC-REG-008,UNCERTAIN,16.287456461965583,28.403918614832243,4.307503419657628,1.5087377513507783,1.0,5.111816475467109,7.502498601461065,1.370839599426894,0.0,3.0,0.0,0.0,0.0,0.3,0.5,0.3013572912456456
FAC-REG-012,UNCERTAIN,53.73577004370766,59.46980022042679,9.664193168045985,1.8535306315686209,1.0,7.937585674597771,8.041911369628394,1.8487654976408405,0.0,3.0,0.0,0.0,0.0,0.3,0.5,0.3503361318775295
FAC-REG-004,UNCERTAIN,43.18152365095341,74.04480910851153,6.290571745218258,1.5692863462893558,1.0,4.545355480073731,16.943766410739016,2.6610849362770685,0.0,3.0,0.0,0.0,0.0,0.3,0.5,0.12582703743998067
